CASE_ID,ACCIDENT_YEAR,PROC_DATE,JURIS,COLLISION_DATE,COLLISION_TIME,OFFICER_ID,REPORTING_DISTRICT,DAY_OF_WEEK,CHP_SHIFT,POPULATION,CNTY_CITY_LOC,SPECIAL_COND,BEAT_TYPE,CHP_BEAT_TYPE,CITY_DIVISION_LAPD,CHP_BEAT_CLASS,BEAT_NUMBER,PRIMARY_RD,SECONDARY_RD,DISTANCE,DIRECTION,INTERSECTION,WEATHER_1,WEATHER_2,STATE_HWY_IND,CALTRANS_COUNTY,CALTRANS_DISTRICT,STATE_ROUTE,ROUTE_SUFFIX,POSTMILE_PREFIX,POSTMILE,LOCATION_TYPE,RAMP_INTERSECTION,SIDE_OF_HWY,TOW_AWAY,COLLISION_SEVERITY,NUMBER_KILLED,NUMBER_INJURED,PARTY_COUNT,PRIMARY_COLL_FACTOR,PCF_CODE_OF_VIOL,PCF_VIOL_CATEGORY,PCF_VIOLATION,PCF_VIOL_SUBSECTION,HIT_AND_RUN,TYPE_OF_COLLISION,MVIW,PED_ACTION,ROAD_SURFACE,ROAD_COND_1,ROAD_COND_2,LIGHTING,CONTROL_DEVICE,CHP_ROAD_TYPE,PEDESTRIAN_ACCIDENT,BICYCLE_ACCIDENT,MOTORCYCLE_ACCIDENT,TRUCK_ACCIDENT,NOT_PRIVATE_PROPERTY,ALCOHOL_INVOLVED,STWD_VEHTYPE_AT_FAULT,CHP_VEHTYPE_AT_FAULT,COUNT_SEVERE_INJ,COUNT_VISIBLE_INJ,COUNT_COMPLAINT_PAIN,COUNT_PED_KILLED,COUNT_PED_INJURED,COUNT_BICYCLIST_KILLED,COUNT_BICYCLIST_INJURED,COUNT_MC_KILLED,COUNT_MC_INJURED,PRIMARY_RAMP,SECONDARY_RAMP,LATITUDE,LONGITUDE,COUNTY,CITY,POINT_X,POINT_Y
8681235,2018,2018-10-03,4100,2018-08-02,1716,18230,MLB,4,5,3,4110,0,0,0,,0,062,"RICHMOND DR","GERALDINE DR",8.00,E,N,A,-,N,,,,,,,,,,N,2,0,1,2,A,-,05,21650,1,N,D,G,A,A,H,-,A,A,0,,Y,,,Y,,L,04,1,0,0,0,0,0,1,0,0,"- ","- ",,,"SAN MATEO",MILLBRAE,-122.40431976318359,37.599613189697266
8703277,2018,2018-10-12,4106,2018-09-07,1542,2152,,5,5,6,4106,0,0,0,,0,006,"GELLERT BL","GELLERT BL 341",9.00,N,N,A,-,N,,,,,,,,,,N,2,0,1,2,A,-,10,21950,A,N,G,B,B,A,H,-,A,A,0,Y,,,,Y,,A,01,1,0,0,0,1,0,0,0,0,"- ","- ",,,"SAN MATEO","DALY CITY",-122.46862030029297,37.666820526123047
9044670,2019,2020-07-13,4117,2019-12-07,0003,18SP08,17AX,6,5,5,4117,0,0,0,,0,003,"WESTBOROUGH BL","WEST ORANGE AV",160.00,E,N,C,G,Y,SM,4,82,-,-,20.650,I,6,S,Y,2,0,1,2,A,-,00,21621,B,N,A,C,A,B,H,-,C,A,0,,,,,Y,,A,07,1,0,0,0,0,0,0,0,0,"- ","- ",37.653350830078125,-122.43305206298828,"SAN MATEO","SOUTH SAN FRANCISCO",-122.43437194824219,37.655143737792969
9428411,2022,2022-05-13,4102,2022-04-21,1308,25,2DG,4,5,4,4102,0,0,0,,0,002,"EL CAMINO REAL","DAVEY GLEN RD",643.00,S,N,B,-,Y,SM,4,82,-,-,8.190,H,-,S,Y,2,0,1,2,A,-,09,21804,A,N,D,C,A,A,H,-,A,D,0,,,Y,,Y,,D,22,1,0,0,0,0,0,0,0,1,"- ","- ",37.525981903076172,-122.28269958496094,"SAN MATEO",BELMONT,-122.28227996826172,37.525646209716797
9454671,2022,2022-07-13,4111,2022-05-28,1202,P5164,P07,6,5,4,4111,0,0,0,,0,0P2,"PALMETTO AV","RT 1",0.00,,Y,A,-,Y,SM,4,101,-,R,44.801,R,4,S,Y,2,0,3,2,A,-,12,22450,A,N,A,C,A,B,H,-,A,A,0,,,,,Y,,D,22,2,1,0,0,0,0,0,0,0,"- ",SO,,,"SAN MATEO",PACIFICA,-122.490966796875,37.649734497070312
9738626,2024,2024-09-30,4102,2024-09-19,"730 ",26,5BR,4,5,4,4102,0,0,0,,0,002,"AVON ST","RALSTON AV",0.00,,Y,A,-,N,,,,,,,,,,N,2,0,1,2,A,-,10,21950,A,N,G,B,B,A,H,-,A,A,0,Y,,,,Y,,A,01,1,0,0,0,1,0,0,0,0,"- ","- ",37.513309478759766,-122.29023742675781,"SAN MATEO",BELMONT,-122.29025268554688,37.513324737548828
84731811,2025,2025-06-19,4116,2025-06-08,1312,28071,,7,5,5,4116,0,0,0,,0,0DT,"SOUTH DELAWARE STREET","EAST 4TH AVENUE",0.00,,Y,A,-,N,,,,,,,,,,N,2,0,3,2,A,-,12,21453,A,N,D,C,A,A,H,-,A,A,0,,,,,Y,,A,01,1,0,2,0,0,0,0,0,0,"- ","- ",37.566368103027344,-122.31919860839844,"SAN MATEO","SAN MATEO",-122.31922912597656,37.566379547119141
84732257,2025,2025-06-19,4116,2025-06-05,1507,25586,,4,5,5,4116,0,0,0,,0,00A,"N HUMBOLDT ST","E SANTA INEZ",0.00,,Y,A,-,N,,,,,,,,,,Y,2,0,1,2,A,-,10,21950,A,N,G,B,B,A,H,-,A,A,0,Y,,,,Y,,A,01,1,0,0,0,1,0,0,0,0,"- ","- ",37.576190948486328,-122.32346343994141,"SAN MATEO","SAN MATEO",-122.32344818115234,37.576187133789062
90539525,2017,2017-09-04,9330,2017-08-26,2205,021204,,6,3,9,4100,0,1,3,,1,011,"SR-92 E/B","LOWER SR-35",3168.00,W,N,A,-,Y,,,92,,,,,,E,Y,2,0,4,1,A,-,08,22107,,N,E,I,A,A,H,-,D,D,0,,,,,Y,,D,22,2,0,2,0,0,0,0,0,0,"- ","- ",37.507899999999999,-122.3549,"SAN MATEO",UNINCORPORATED,-122.35489142,37.507955539999998
90865750,2018,2018-11-23,9335,2018-11-11,1250,022096,,7,1,5,4117,0,1,2,,2,012,"US-101 S/B","MITCHELL AVE U/C",2100.00,S,N,A,-,Y,,,101,,,,,,S,Y,2,0,2,1,C,-,18,,,N,F,A,A,A,H,-,A,D,0,,,Y,,Y,,-,"- ",2,0,0,0,0,0,0,0,2,"- ","- ",37.644168853759766,-122.40641021728516,"SAN MATEO","SOUTH SAN FRANCISCO",-122.40634918212891,37.644176483154297
91323588,2020,2020-10-14,9335,2020-10-03,1200,022032,,6,1,9,4100,0,1,3,,2,040,"SR-1 S/B","TOM LANTOS TUNNEL NORTH EDGE",1950.00,S,N,A,-,Y,,,1,,,,,,S,Y,2,0,1,2,A,-,03,22350,,N,C,C,A,A,H,-,A,D,0,,,Y,,Y,,C,02,1,0,0,0,0,0,0,0,1,"- ","- ",37.577800750732422,-122.51255798339844,"SAN MATEO",UNINCORPORATED,-122.51252746582031,37.577781677246094
91729809,2022,2022-03-23,9330,2022-03-11,1600,022575,,5,2,5,4113,0,1,2,,2,048,"US-101 NORTHBOUND","WHIPPLE AVENUE",1700.00,S,N,A,-,Y,SM,,101,,,6.293,H,,R,N,2,0,1,2,A,-,03,22350,,N,C,C,A,A,D,-,A,D,0,,,Y,,Y,,C,02,1,0,0,0,0,0,0,0,1,"- ","- ",37.494800567626953,-122.22731018066406,"SAN MATEO","REDWOOD CITY",-122.22732543945312,37.494762420654297
6606380,2015,2016-02-09,4117,2015-12-18,1538,06AP03,01AQ,5,5,5,4117,0,0,0,,0,001,"EAST GRAND AV","POLETTI WY",0.00,,Y,B,-,Y,SM,4,101,-,-,21.874,R,4,N,Y,1,1,0,1,A,-,03,22350,,N,E,I,A,A,H,-,A,D,0,,,,,Y,,D,22,0,0,0,0,0,0,0,0,0,"- ","- ",37.654719999999998,-122.40491,"SAN MATEO","SOUTH SAN FRANCISCO",-122.40690389,37.65254736
7041175,2015,2015-09-02,4106,2015-02-21,0000,1273,13A,6,5,6,4106,0,0,0,,0,006,"SIERRAMONTE BL","CALLAN BL",100.00,E,N,A,-,N,,,,,,,,,,N,2,0,1,1,A,-,03,22350,,N,H,A,A,A,H,-,A,D,0,,,Y,,Y,,C,03,1,0,0,0,0,0,0,0,1,"- ","- ",37.673520000000003,-122.47073,"SAN MATEO","DALY CITY",-122.47513646,37.669361240000001
8778958,2019,2019-02-05,4109,2019-01-15,1433,145755,,2,5,4,4109,0,0,0,,0,004,"OBRIEN DR","HAMILTON DR",0.00,,N,C,-,N,,,,,,,,,,Y,2,0,1,2,A,-,21,22106,,N,D,C,A,B,H,-,A,D,0,,,,,Y,,A,01,1,0,0,0,0,0,0,0,0,"- ","- ",37.474758148193359,-122.15183258056641,"SAN MATEO","MENLO PARK",,
81485845,2021,2021-05-31,4117,2021-05-14,1734,18RR07,28AD,5,5,5,4117,0,0,0,,0,003,"NEWMAN DR","KIPLING AV",63.00,S,-,A,-,N,,,,,,,,,,Y,2,0,1,2,A,-,08,22107,,N,F,E,A,A,H,-,A,D,0,,,,,Y,,A,01,1,0,0,0,0,0,0,0,0,"- ","- ",37.662910461425781,-122.45717620849609,"SAN MATEO","SOUTH SAN FRANCISCO",-122.45705413818359,37.663112640380859
90023443,2015,2015-10-19,9330,2015-09-21,1155,020324,,1,1,4,4104,0,1,2,,2,038,"US-101 N/B",BROADWAY,638.00,S,N,A,-,Y,,,101,,,,,,N,Y,2,0,1,2,A,-,01,23152,A,N,E,I,A,A,H,-,D,D,0,,,,,Y,Y,A,07,1,0,0,0,0,0,0,0,0,"- ","- ",37.588320000000003,-122.35803,"SAN MATEO",BURLINGAME,-122.35799817,37.588395910000003
90848303,2018,2018-10-30,9330,2018-10-19,2345,022141,,5,3,9,4100,0,1,1,,2,034,"I-280 SOUTHBOUND","BUNKER HILL DR",1056.00,S,N,A,-,Y,,,,,,,,,,Y,2,0,2,1,A,-,01,23153,A,N,E,I,A,A,H,-,D,D,0,,,,,Y,Y,A,01,1,0,1,0,0,0,0,0,0,"- ","- ",37.312198638916016,-122.21289825439453,"SAN MATEO",UNINCORPORATED,-122.35481262207031,37.520427703857422
90901401,2019,2019-01-10,9335,2019-01-02,1947,022175,,3,2,5,4117,0,1,2,,2,012,"US-101 N/B FROM OYSTER POINT BLVD.","OYSTER POINT BLVD",516.00,N,N,A,-,Y,,,101,,,,R,,N,Y,2,0,1,2,A,-,03,22350,,N,C,C,A,A,H,-,C,A,0,,,Y,,Y,,A,01,1,0,0,0,0,0,0,0,1,"- ","- ",37.664520263671875,-122.39756774902344,"SAN MATEO","SOUTH SAN FRANCISCO",-122.39756774902344,37.664520263671875
91230667,2020,2020-04-29,9330,2020-04-22,1710,022098,,3,2,9,4100,0,1,3,,1,021,"SR-84 1500 BLOCK","STAGE RD",3300.00,E,N,A,-,Y,,,,,,,,,,N,2,0,1,1,C,-,18,,,N,H,H,A,A,H,-,A,D,0,,,Y,,Y,,-,"- ",1,0,0,0,0,0,0,0,1,"- ","- ",37.195091247558594,-122.22344970703125,"SAN MATEO",UNINCORPORATED,,
92104370,2023,2023-06-28,9330,2023-06-17,"445 ",022849,,6,3,9,4100,0,3,5,,2,505,"5TH AVENUE","WAVERLY AVENUE",25.00,W,N,A,-,N,,,,,,,,,,Y,2,0,2,4,A,-,01,23153,A,N,C,2,A,A,H,-,C,A,0,,,,,Y,Y,A,01,1,1,0,0,0,0,0,0,0,"- ","- ",37.468650817871094,-122.207763671875,"SAN MATEO",UNINCORPORATED,-122.20761871337891,37.468635559082031
6396068,2014,2016-03-14,9330,2014-02-01,2059,020577,,6,2,5,4113,0,1,2,,2,048,"RT 101","RT 84",813.00,N,N,A,-,Y,SM,4,101,-,-,5.530,H,-,N,Y,2,0,1,1,A,-,08,22107,,N,F,I,A,A,H,-,C,D,1,,,,,Y,,A,01,1,0,0,0,0,0,0,0,0,"- ","- ",37.488999999999997,-122.21285,"SAN MATEO","REDWOOD CITY",-122.21511439,37.48977704
6880224,2015,2016-10-12,9330,2015-03-22,0900,20337,,7,1,9,4100,0,1,3,,1,011,"RT 92","RT 35",2000.00,E,N,B,-,Y,SM,4,92,-,-,5.570,H,-,E,Y,2,0,1,3,A,-,05,21460,A,N,B,C,A,B,H,-,A,D,0,,,,,Y,,A,01,1,0,0,0,0,0,0,0,0,"- ","- ",37.298169999999999,-122.21771,"SAN MATEO",UNINCORPORATED,-122.36318617000001,37.49633592
7092480,2015,2015-10-20,4113,2015-09-25,1325,384,2,5,5,5,4113,0,0,0,,0,002,"MARSHALL ST","MARSHALL CT",78.00,N,N,A,-,N,,,,,,,,,,Y,2,0,1,2,A,-,08,22102,,N,D,C,A,A,H,-,A,D,0,,,Y,,Y,,A,01,1,0,0,0,0,0,0,0,1,"- ","- ",37.488,-122.22432000000001,"SAN MATEO","REDWOOD CITY",-122.22405000000001,37.487650000000002
9320512,2022,2022-03-17,4113,2022-02-06,2140,461,7,7,5,5,4113,0,0,0,,0,007,"RT 82","WHIPPLE AV",0.00,,Y,A,-,Y,SM,4,82,-,-,4.870,H,-,S,Y,1,1,0,2,A,-,08,22107,,F,B,C,A,A,H,-,C,A,0,,,Y,,Y,,A,01,0,0,0,0,0,0,0,1,0,"- ","- ",37.490440368652344,-122.23985290527344,"SAN MATEO","REDWOOD CITY",-122.24053955078125,37.490951538085938
9606514,2023,2023-08-30,4113,2023-06-15,1805,477,11,4,5,5,4113,0,0,0,,0,023,"WINSLOW ST","HAMILTON ST",0.00,,Y,A,-,N,,,,,,,,,,N,2,0,1,2,A,-,12,22450,A,N,H,G,A,A,H,-,A,D,0,,Y,,,Y,,L,04,1,0,0,0,0,0,1,0,0,"- ","- ",37.485458374023438,-122.23001098632812,"SAN MATEO","REDWOOD CITY",-122.23004150390625,37.485504150390625
81513035,2021,2021-07-05,4114,2021-04-25,1802,0825,SNB8,7,5,4,4114,0,0,0,,0,002,"SANTA DOMINGA AVE","EL CAMINO REAL",243.00,E,-,A,-,N,,,,,,,,,,N,2,0,1,2,A,-,03,22350,,N,C,E,A,A,H,-,A,D,0,,,Y,,Y,,C,02,1,0,0,0,0,0,0,0,1,"- ","- ",,,"SAN MATEO","SAN BRUNO",-122.40609741210938,37.615966796875
92432348,2024,2024-07-08,9330,2024-06-29,1012,023253,,6,1,9,4100,0,3,5,,2,205,SR-84,"HILDEBRAND ROAD",1584.00,E,N,A,-,N,,,,,,,,,,N,2,0,1,1,A,-,08,22107,,N,F,A,A,B,H,-,A,D,0,,Y,,,Y,,L,04,1,0,0,0,0,0,1,0,0,"- ","- ",37.32965087890625,-122.26969146728516,"SAN MATEO",UNINCORPORATED,-122.27047729492188,37.329067230224609
94433851,2024,2024-10-16,9330,2024-09-22,1154,022975,,7,1,9,4100,0,1,3,,1,021,"SR-84 W/B (OLD LA  HONDA RD)","SR-35 (SKYLINE BLVD)",4224.00,W,N,A,-,Y,SM,,84," "," ",13.975,H,,L,Y,2,0,1,2,A,-,08,22107,,M,B,C,A,A,A,-,A,D,0,,,Y,,Y,,C,02,1,0,0,0,0,0,0,0,1,"- ","- ",37.374900817871094,-122.26541900634766,"SAN MATEO",UNINCORPORATED,-122.26533508300781,37.374942779541016
81547612,2021,2021-08-18,4100,2021-08-15,1434,18230,WDS,7,5,2,4118,0,0,0,,0,030,"SR-84 (LA HONDA RD)","MILE POST 84 SM 17.04",66.00,N,-,A,-,Y,,,,,,,,,,N,2,0,1,1,A,-,03,22350,,N,H,A,A,A,D,-,A,A,0,,Y,,,Y,,L,04,1,0,0,0,0,0,1,0,0,"- ","- ",,,"SAN MATEO",WOODSIDE,-122.37128448486328,37.590805053710938
90012593,2015,2015-10-19,9330,2015-08-30,2050,020750,,7,2,9,4100,0,1,3,,1,021,"SR-84 EASTBOUND",SEQUIA,2640.00,E,N,B,-,Y,,,,,,,,,,Y,2,0,1,1,A,-,01,23152,A,N,F,J,A,A,H,-,D,D,0,,,Y,,Y,Y,C,02,1,0,0,0,0,0,0,0,1,"- ","- ",37.36233,-122.26103999999999,"SAN MATEO",UNINCORPORATED,,
91007268,2019,2019-06-18,9330,2019-06-04,1320,021204,,2,1,9,4100,0,1,3,,2,052,SR-35,"CRAZY PETE'S RD.",2112.00,N,N,A,-,Y,,,35,,,,,,,Y,2,0,1,1,A,-,08,22107,,N,E,I,A,A,H,-,A,D,0,,,Y,,Y,,C,02,1,0,0,0,0,0,0,0,1,"- ","- ",37.335098266601562,-122.21710205078125,"SAN MATEO",UNINCORPORATED,-122.21693420410156,37.335273742675781
91393254,2021,2021-01-25,9330,2021-01-17,1130,020646,,7,1,9,4100,0,1,3,,1,011,"SR 92","SR 35 (UPPER)",350.00,E,N,A,-,Y,,,92,,,,,,,Y,2,0,1,2,A,-,03,22350,,N,C,C,A,A,H,-,A,D,0,,,Y,,Y,,C,02,1,0,0,0,0,0,0,0,1,"- ","- ",37.496170043945312,-122.36798858642578,"SAN MATEO",UNINCORPORATED,-122.36798095703125,37.496158599853516
91537741,2021,2021-08-05,9330,2021-07-25,1837,022381,,7,2,3,4110,0,1,1,,2,034,"I-280 N/B","SR-35 (SKYLINE BOULEVARD) OVERCROSSING",2112.00,S,N,A,-,Y,,,280,,,,,,N,Y,2,0,1,1,C,-,18,,,N,E,8,A,A,H,-,A,D,0,,,,,Y,,-,"- ",1,0,0,0,0,0,0,0,0,"- ","- ",37.600109100341797,-122.42368316650391,"SAN MATEO",MILLBRAE,-122.42378997802734,37.599987030029297
92329469,2023,2024-03-04,9330,2023-05-13,"927 ",022929,,6,1,9,4100,0,1,1,,2,044,SR-35,"PORTOLA HEIGHTS ROAD",0.00,,Y,A,-,Y,SCL,,35," ",D,0.642,H,,R,Y,1,1,0,2,A,-,06,21750,,N,D,C,A,A,H,-,A,D,0,,,Y,,Y,,C,03,0,0,0,0,0,0,0,1,0,"- ","- ",37.293479919433594,-122.16121673583984,"SAN MATEO",UNINCORPORATED,-122.16122436523438,37.293472290039062
6931024,2015,2015-06-16,4103,2015-01-16,1705,MA460,1,5,5,2,4103,0,0,0,,0,00U,"GLEN PARK WY","LAKE ST",33.00,S,N,A,-,N,,,,,,,,,,N,2,0,1,1,A,-,03,22350,,N,E,I,A,A,G,-,B,D,0,,,Y,,Y,,C,02,1,0,0,0,0,0,0,0,1,"- ","- ",,,"SAN MATEO",BRISBANE,-122.39910499,37.678850570000002
8685993,2018,2018-09-06,4104,2018-07-25,0911,0228,1,3,5,4,4104,0,0,0,,0,00A,"PENINSULA AV","N HUMBOLDT ST",0.00,,Y,A,-,N,,,,,,,,,,N,2,0,1,2,A,-,10,21950,A,N,G,B,B,A,H,-,A,A,0,Y,,,,Y,,A,01,1,0,0,0,1,0,0,0,0,"- ","- ",37.582958221435547,-122.33080291748047,"SAN MATEO",BURLINGAME,-122.33081817626953,37.582969665527344
8811485,2019,2019-03-19,4106,2019-02-24,1717,2133,,7,5,6,4106,0,0,0,,0,003,"SANTA BARBARA AV","PARKVIEW AV",352.00,N,N,A,-,N,,,,,,,,,,N,2,0,1,4,A,-,03,22350,,M,B,C,A,A,H,-,A,D,0,,,,,Y,,A,01,1,0,0,0,0,0,0,0,0,"- ","- ",,,"SAN MATEO","DALY CITY",-122.46413421630859,37.702247619628906
9216106,2020,2021-02-11,4111,2020-12-14,1000,P5155,P03,1,5,4,4111,0,0,0,,0,0P1,"PALMETTO AV",ESPLANADE,31.00,N,N,A,-,N,,,,,,,,,,Y,2,0,2,3,A,-,12,22450,A,N,A,C,A,A,H,-,A,A,0,,,,,Y,,A,01,1,1,0,0,0,0,0,0,0,"- ","- ",,,"SAN MATEO",PACIFICA,-122.49151611328125,37.654876708984375
9484378,2022,2022-08-26,4106,2022-03-23,1813,2092,12,3,5,6,4106,0,0,0,,0,005,"EASTMOOR AV","SULLIVAN AV",52.00,W,N,A,F,N,,,,,,,,,,Y,2,0,1,2,A,-,01,23153,A,N,A,C,A,A,H,-,A,A,0,,,,,Y,Y,A,01,1,0,0,0,0,0,0,0,0,"- ","- ",37.684501647949219,-122.4722900390625,"SAN MATEO","DALY CITY",-122.47241973876953,37.684490203857422
82209624,2023,2023-10-26,4109,2023-10-02,2042,200040,28,1,5,4,4109,0,0,0,,0,001,"1730 OAKDELL DR","SOUTH CURB PROLONGATION OF OAKDELL DRIVE",28.50,N,-,A,-,N,,,,,,,,,,N,2,0,1,1,A,-,03,22350,,N,H,G,A,A,H,-,C,D,0,,Y,,,Y,,M,91,1,0,0,0,0,0,1,0,0,"- ","- ",37.437160491943359,-122.18988037109375,"SAN MATEO","MENLO PARK",,
90228270,2016,2016-07-22,9330,2016-07-10,0740,020778,,7,1,4,4109,0,1,2,,2,058,"US-101 N/B","WILLOW RD",700.00,S,N,A,-,Y,,,101,,,,,,N,Y,2,0,3,2,A,-,08,22107,,N,B,C,A,A,H,-,A,D,0,,,,,Y,,A,01,1,2,0,0,0,0,0,0,0,"- ","- ",37.467689999999997,-122.15317,"SAN MATEO","MENLO PARK",-122.15311652,37.467782370000002
90548165,2017,2017-09-15,9335,2017-07-17,0205,021424,,1,3,5,4117,0,1,2,,2,012,"US-101 S/B","PHYSICAL GORE PT OF OYSTER PT ON-RAMP",365.00,S,N,A,-,Y,,,101,,,,,,S,Y,1,1,0,2,A,-,11,21954,A,F,G,B,E,A,H,-,E,D,0,Y,,,,Y,,N,60,0,0,0,1,0,0,0,0,0,"- ","- ",37.661029999999997,-122.40354000000001,"SAN MATEO","SOUTH SAN FRANCISCO",-122.40351696,37.660999879999999
90620039,2017,2017-12-19,9330,2017-12-11,1615,021590,,1,2,4,4127,0,1,2,,2,058,"US-101 S/B","EMBARCADERO RD",2000.00,N,N,A,-,Y,,,101,,,,,,S,Y,2,0,1,2,A,-,03,22350,,N,C,C,A,A,H,-,A,D,0,,,Y,,Y,,C,02,1,0,0,0,0,0,0,0,1,"- ","- ",37.453899999999997,-122.1297,"SAN MATEO","EAST PALO ALTO",-122.12975915,37.453801040000002
6364512,2014,2015-11-13,9330,2014-01-12,1928,019047,,7,2,9,4100,0,1,3,,1,011,"RT 92","CANADA RD",1056.00,W,N,A,-,Y,SM,4,92,-,T,6.900,H,-,E,Y,2,0,1,4,A,-,01,23153,A,N,A,C,A,A,H,-,D,D,0,,,,,Y,Y,A,01,1,0,0,0,0,0,0,0,0,"- ","- ",,,"SAN MATEO",UNINCORPORATED,-122.34446549,37.50948571
8458188,2017,2017-10-03,4114,2017-09-20,1036,0024,SNB1,3,5,4,4114,0,0,0,,0,001,"SAN MATEO AV","SAN BRUNO AV",0.00,,Y,A,-,N,,,,,,,,,,N,2,0,1,2,A,-,10,21950,A,N,G,B,B,A,G,-,A,A,0,Y,,,,Y,,I,11,1,0,0,0,1,0,0,0,0,"- ","- ",,,"SAN MATEO","SAN BRUNO",-122.41139997000001,37.630809990000003
8657124,2018,2018-09-24,4111,2018-07-12,2256,P5104,P09,4,5,4,4111,0,0,0,,0,0P2,"SHARP PARK RD","GYPSY HILL RD",355.00,E,N,A,-,N,,,,,,,,,,Y,2,0,1,1,A,-,03,22350,,N,E,I,A,B,B,-,C,D,0,,,Y,,Y,Y,C,03,1,0,0,0,0,0,0,0,1,"- ","- ",37.656280517578125,-122.48709869384766,"SAN MATEO",PACIFICA,-122.47718811035156,37.630512237548828
8893711,2019,2019-07-29,4117,2019-07-02,1609,04JL03,14AB,2,5,5,4117,0,0,0,,0,001,"MYRTLE AV","S MAGNOLIA AV",0.00,,Y,A,-,N,,,,,,,,,,Y,2,0,1,5,A,-,01,23152,A,N,E,J,A,A,H,-,A,D,0,,,,,Y,Y,-,,1,0,0,0,0,0,0,0,0,"- ","- ",37.648441314697266,-122.42263793945312,"SAN MATEO","SOUTH SAN FRANCISCO",-122.42262268066406,37.648441314697266
91247334,2020,2020-06-04,9330,2020-05-25,1830,022524,,1,2,9,4100,0,1,3,,1,021,SR-84,"HILDEBRAND RD.",2640.00,E,N,A,-,Y,,,84,,,,,,,Y,2,0,1,2,A,-,05,21460,A,N,A,C,A,A,H,-,A,D,0,,,Y,,Y,,C,02,1,0,0,0,0,0,0,0,1,"- ","- ",37.333091735839844,-122.27130889892578,"SAN MATEO",UNINCORPORATED,-122.27130126953125,37.333080291748047
91254295,2020,2020-06-19,9330,2020-06-12,1220,022385,,5,1,9,4100,0,1,3,,2,042,"STATE ROUTE 35","BEAR GULTCH ROAD",385.00,S,N,A,-,Y,,,35,,,,,,,N,2,0,1,1,A,-,08,22107,,N,F,A,A,A,H,-,A,D,0,,Y,,,Y,,L,04,1,0,0,0,0,0,1,0,0,"- ","- ",37.394939422607422,-122.29167938232422,"SAN MATEO",UNINCORPORATED,-122.29174041748047,37.394943237304688
91336373,2020,2020-11-02,9330,2020-10-25,1300,022367,,7,1,9,4100,0,1,3,,1,020,SR-1,"PESCADERO CREEK ROAD",0.00,,Y,A,-,Y,,,1,,,,,,,N,2,0,2,2,A,-,08,22107,,N,D,C,A,A,H,-,A,D,0,,,Y,,Y,,C,02,1,0,1,0,0,0,0,0,1,"- ","- ",37.259750366210938,-122.41314697265625,"SAN MATEO",UNINCORPORATED,-122.41320037841797,37.259761810302734
91746253,2021,2022-04-12,9330,2021-08-14,1725,022589,,6,2,9,4100,0,1,3,,1,021,"STATE ROUTE 84 (LA HONDA ROAD)","SEQUOIA DRIVE",2112.00,E,N,A,-,Y,,,84,,,,,,,Y,1,1,0,1,A,-,08,22107,,N,F,A,A,A,H,-,A,D,0,,,Y,,Y,,C,02,0,0,0,0,0,0,0,1,0,"- ","- ",37.373569488525391,-122.26444244384766,"SAN MATEO",UNINCORPORATED,-122.26437377929688,37.373626708984375
91905891,2022,2022-10-31,9335,2022-01-01,1615,021957,,6,2,9,4100,0,3,5,,2,001,"GUADALUPE CANYON PKY WESTBOUND","RADIO RD. UNDERCROSSING",2455.00,W,N,A,-,N,,,,,,,,,,Y,1,1,2,2,A,-,05,21651,B,N,A,C,A,A,H,-,A,D,0,,,,,Y,,A,07,2,0,0,0,0,0,0,0,0,"- ","- ",37.698879241943359,-122.44065856933594,"SAN MATEO",UNINCORPORATED,-122.44219970703125,37.699466705322266
6941156,2015,2015-07-22,4106,2015-04-27,1745,1180,1,1,5,6,4106,0,0,0,,0,001,"GENEVA AV","SCHWERIN ST",149.00,E,N,A,-,N,,,,,,,,,,N,2,0,1,2,A,-,03,22350,,N,C,C,A,A,H,-,A,D,0,,,Y,,Y,,C,02,1,0,0,0,0,0,0,0,1,"- ","- ",37.701979999999999,-122.41200000000001,"SAN MATEO","DALY CITY",-122.41273635,37.706248940000002
7211959,2015,2016-03-22,4106,2015-12-14,1919,1180,1,1,5,6,4106,0,0,0,,0,001,"BAYSHORE BL","GENEVA AV",0.00,,Y,A,-,N,,,,,,,,,,Y,2,0,1,2,A,-,10,21950,A,F,G,B,B,A,H,-,C,A,0,Y,,,,Y,,A,01,1,0,0,0,1,0,0,0,0,"- ","- ",37.704619999999998,-122.40691,"SAN MATEO","DALY CITY",-122.40708991,37.704629930000003
8548980,2017,2018-02-15,4109,2017-12-04,0756,145811,,1,5,4,4109,0,0,0,,0,001,"EL CAMINO REAL","ROBLE AV",0.00,,Y,A,-,N,,,82,,,,,,,Y,2,0,3,3,A,-,12,21453,A,N,D,C,A,A,H,-,A,A,0,,,,,Y,,A,01,1,2,0,0,0,0,0,0,0,"- ","- ",37.451999999999998,-122.1797,"SAN MATEO","MENLO PARK",-122.17973234,37.451939780000004
8770679,2018,2019-01-16,4117,2018-12-31,1022,05RR05,08AD,1,5,5,4117,0,0,0,,0,004,"GRAND AV","MAPLE AV",0.00,,Y,A,-,N,,,,,,,,,,N,2,0,1,2,A,-,10,21950,A,N,G,B,B,A,H,-,A,A,0,Y,,,,Y,,A,01,1,0,0,0,1,0,0,0,0,"- ","- ",37.655490875244141,-122.41226196289062,"SAN MATEO","SOUTH SAN FRANCISCO",-122.41251373291016,37.65570068359375