CASE_ID,ACCIDENT_YEAR,PROC_DATE,JURIS,COLLISION_DATE,COLLISION_TIME,OFFICER_ID,REPORTING_DISTRICT,DAY_OF_WEEK,CHP_SHIFT,POPULATION,CNTY_CITY_LOC,SPECIAL_COND,BEAT_TYPE,CHP_BEAT_TYPE,CITY_DIVISION_LAPD,CHP_BEAT_CLASS,BEAT_NUMBER,PRIMARY_RD,SECONDARY_RD,DISTANCE,DIRECTION,INTERSECTION,WEATHER_1,WEATHER_2,STATE_HWY_IND,CALTRANS_COUNTY,CALTRANS_DISTRICT,STATE_ROUTE,ROUTE_SUFFIX,POSTMILE_PREFIX,POSTMILE,LOCATION_TYPE,RAMP_INTERSECTION,SIDE_OF_HWY,TOW_AWAY,COLLISION_SEVERITY,NUMBER_KILLED,NUMBER_INJURED,PARTY_COUNT,PRIMARY_COLL_FACTOR,PCF_CODE_OF_VIOL,PCF_VIOL_CATEGORY,PCF_VIOLATION,PCF_VIOL_SUBSECTION,HIT_AND_RUN,TYPE_OF_COLLISION,MVIW,PED_ACTION,ROAD_SURFACE,ROAD_COND_1,ROAD_COND_2,LIGHTING,CONTROL_DEVICE,CHP_ROAD_TYPE,PEDESTRIAN_ACCIDENT,BICYCLE_ACCIDENT,MOTORCYCLE_ACCIDENT,TRUCK_ACCIDENT,NOT_PRIVATE_PROPERTY,ALCOHOL_INVOLVED,STWD_VEHTYPE_AT_FAULT,CHP_VEHTYPE_AT_FAULT,COUNT_SEVERE_INJ,COUNT_VISIBLE_INJ,COUNT_COMPLAINT_PAIN,COUNT_PED_KILLED,COUNT_PED_INJURED,COUNT_BICYCLIST_KILLED,COUNT_BICYCLIST_INJURED,COUNT_MC_KILLED,COUNT_MC_INJURED,PRIMARY_RAMP,SECONDARY_RAMP,LATITUDE,LONGITUDE,COUNTY,CITY,POINT_X,POINT_Y
9390322,2021,2022-01-24,4106,2021-12-27,1150,2146,12,1,5,6,4106,0,0,0,,0,005,"SULLIVAN AV","SOUTHGATE AV",0.00,,Y,B,C,N,,,,,,,,,,Y,2,0,3,2,A,-,01,23152,A,N,A,C,A,B,H,-,A,A,0,,,,,Y,Y,A,01,2,1,0,0,0,0,0,0,0,"- ","- ",37.675838470458984,-122.47335052490234,"SAN MATEO","DALY CITY",-122.47335815429688,37.675827026367188
84377081,2024,2024-08-30,4116,2024-08-27,"810 ",28997,,2,5,5,4116,0,0,0,,0,0DT,"BALDWIN AV","EL CAMINO REAL",18.00,E,Y,A,-,N,,,,,,,,,,N,2,0,1,2,A,-,10,21950,A,N,G,B,A,A,H,-,C,A,0,,Y,,,Y,,A,01,1,0,0,0,0,0,1,0,0,"- ","- ",37.5654296875,-122.32808685302734,"SAN MATEO","SAN MATEO",-122.32803344726562,37.565414428710938
90433149,2017,2017-04-12,9335,2017-04-01,2005,021341,,6,2,9,4100,0,1,2,,2,011,"US-101 S/B","MILLBRAE AVENUE",3802.00,N,N,A,-,Y,,,101,,,,,,S,Y,2,0,5,2,A,-,08,22107,,N,B,C,A,A,H,-,D,D,0,,,,,Y,,A,01,1,0,4,0,0,0,0,0,0,"- ","- ",37.609110000000001,-122.39071,"SAN MATEO",UNINCORPORATED,-122.39071499000001,37.609102239999999
91074136,2019,2019-09-13,9335,2019-09-07,0615,022187,,6,1,5,4117,0,1,2,,2,012,"US-101 N/B","THE S. AIRPORT BLVD UNDER-CROSSING",1109.00,S,N,A,-,Y,,,101,,,,,,N,Y,2,0,1,1,A,-,08,22107,,N,E,I,A,A,H,-,C,D,0,,,,,Y,,A,07,1,0,0,0,0,0,0,0,0,"- ","- ",37.646980285644531,-122.40602111816406,"SAN MATEO","SOUTH SAN FRANCISCO",-122.40633392333984,37.646949768066406
6941167,2015,2016-11-04,4106,2015-05-21,0022,1255,3,4,5,6,4106,0,0,0,,0,002,"SAN JOSE AV","FLOURNOY ST",0.00,,Y,B,-,Y,SM,4,82,-,-,25.057,I,5,N,Y,2,0,4,4,A,-,01,23153,,N,D,C,A,B,H,-,C,A,0,,,,Y,Y,,F,27,2,2,0,0,0,0,0,0,0,"- ","- ",,,"SAN MATEO","DALY CITY",-122.45997444,37.707373369999999
7197474,2016,2016-03-01,4117,2016-01-14,1910,07RV01,08AI,4,5,5,4117,0,0,0,,0,004,"GRAND AV","WALNUT AV",11.00,E,N,A,-,N,,,,,,,,,,N,2,0,1,2,A,-,10,21950,A,N,A,B,B,-,H,-,C,D,0,Y,,,,Y,Y,A,08,1,0,0,0,1,0,0,0,0,"- ","- ",37.656089999999999,-122.41428999999999,"SAN MATEO","SOUTH SAN FRANCISCO",-122.41425355,37.65608142
8786409,2018,2019-02-06,4113,2018-12-09,1748,466,6,7,5,5,4113,0,0,0,,0,006,"JEFFERSON AV","CLINTON ST",0.00,,Y,A,-,N,,,,,,,,,,Y,2,0,2,3,A,-,10,21950,A,N,G,B,C,A,H,-,C,A,0,Y,,,,Y,,A,01,2,0,0,0,2,0,0,0,0,"- ","- ",37.480751037597656,-122.23274230957031,"SAN MATEO","REDWOOD CITY",-122.23272705078125,37.480739593505859
8939992,2019,2019-10-16,4120,2019-09-14,1310,213,,6,5,4,4120,0,0,0,,0,,"WIDGEON ST","WIDGEON ST 774",13.00,E,N,A,-,N,,,,,,,,,,N,2,0,1,2,A,-,09,21804,A,N,A,G,A,A,H,-,A,D,0,,Y,,,Y,,L,04,1,0,0,0,0,0,1,0,0,"- ","- ",37.566978454589844,-122.26058197021484,"SAN MATEO","FOSTER CITY",,
9653722,2023,2024-02-02,4127,2023-12-20,1105,2247,4127,3,5,4,4127,0,0,0,,0,001,"UNIVERSITY AV","KAVANAUGH DR",0.00,,Y,B,-,N,,,,,,,,,,N,2,0,2,2,A,-,12,21453,A,N,D,C,A,B,H,-,A,A,0,,,,,Y,,A,01,1,0,1,0,0,0,0,0,0,"- ","- ",,,"SAN MATEO","EAST PALO ALTO",-122.13951873779297,37.475494384765625
9788367,2025,2025-05-23,4106,2025-03-08,"619 ",2206,8,6,5,6,4106,0,0,0,,0,004,"RT 35","JOHN DALY BL",464.00,S,N,A,-,Y,SM,4,35,-,-,30.740,H,-,N,Y,2,0,1,1,A,-,08,22107,,N,E,J,A,A,H,-,B,D,0,,,,,Y,,A,01,1,0,0,0,0,0,0,0,0,"- ","- ",37.698459625244141,-122.49484252929688,"SAN MATEO","DALY CITY",-122.49459838867188,37.6971435546875
91624595,2021,2021-11-15,9330,2021-08-30,2250,022372,,1,3,4,4109,0,1,2,,2,058,"US-101 S/B","WILLOW ROAD",1056.00,N,N,A,-,Y,,,101,,,,,,S,Y,2,0,1,1,A,-,08,22107,,N,E,8,A,A,H,-,D,D,0,,,,,Y,,A,01,1,0,0,0,0,0,0,0,0,"- ","- ",37.471088409423828,-122.1590576171875,"SAN MATEO","MENLO PARK",-122.15909576416016,37.471019744873047
91789207,2022,2022-06-06,9330,2022-05-24,2125,022768,,2,2,9,4100,0,3,5,,2,007,"SR-1 (CABRILLO HIGHWAY)","HILL ROAD",7920.00,S,N,A,-,Y,SM,,1,,,11.137,H,,R,Y,2,0,1,1,A,-,08,22107,,N,E,I,A,A,H,-,D,D,0,,,,,Y,,A,01,1,0,0,0,0,0,0,0,0,"- ","- ",37.227069854736328,-122.40947723388672,"SAN MATEO",UNINCORPORATED,-122.40953826904297,37.227039337158203
8400678,2017,2017-07-06,4114,2017-06-17,1206,0027,SNB36,6,5,4,4114,0,0,0,,0,003,"SHARP PARK RD","PACIFIC HEIGHTS BL",174.00,W,N,A,-,N,,,,,,,,,,N,2,0,1,1,A,-,03,22350,,N,F,A,A,A,G,-,A,D,0,,Y,,,Y,,L,04,1,0,0,0,0,0,1,0,0,"- ","- ",,,"SAN MATEO","SAN BRUNO",-122.4695658,37.635208210000002
8673955,2018,2018-09-12,4117,2018-06-12,1718,00KS20,19AW,2,5,5,4117,0,0,0,,0,002,"WESTBOROUGH BL","GELLERT BL",36.00,W,N,B,-,N,,,,,,,,,,Y,2,0,4,5,A,-,05,21651,A,N,A,C,A,A,H,-,A,A,0,,,,,Y,,A,07,2,1,1,0,0,0,0,0,0,"- ","- ",37.64324951171875,-122.4527587890625,"SAN MATEO","SOUTH SAN FRANCISCO",-122.45310974121094,37.64337158203125
8860178,2019,2019-05-30,4116,2019-04-15,1115,28071,12,1,5,5,4116,0,0,0,,0,00A,"NORTH HUMBOLDT AV","EAST POPLAR AV",0.00,,Y,B,-,N,,,,,,,,,,N,2,0,1,3,A,-,10,21950,A,N,G,B,B,A,H,-,A,A,0,Y,,,,Y,,D,22,1,0,0,0,1,0,0,0,0,"- ","- ",37.578811645507812,-122.32630157470703,"SAN MATEO","SAN MATEO",-122.32631683349609,37.578819274902344
9009596,2019,2020-02-19,4117,2019-12-07,2211,13SS03,01AE,6,5,5,4117,0,0,0,,0,004,"EAST GRAND AV","ROEBLING RD",17.00,W,N,B,-,N,,,,,,,,,,N,2,0,1,1,A,-,01,23152,A,N,E,I,A,B,H,-,C,D,0,,,,,Y,Y,A,01,1,0,0,0,0,0,0,0,0,"- ","- ",37.654541015625,-122.39836883544922,"SAN MATEO","SOUTH SAN FRANCISCO",-122.39778900146484,37.654491424560547
9416902,2022,2022-04-18,4127,2022-02-13,0336,2158,4127,7,5,4,4127,0,0,0,,0,001,"EAST BAYSHORE RD","MENALTO AV",0.00,,Y,A,-,N,,,,,,,,,,Y,2,0,2,2,A,-,"- ",,,N,A,C,A,A,H,-,D,D,0,,,,,Y,Y,A,01,1,1,0,0,0,0,0,0,0,"- ","- ",,,"SAN MATEO","EAST PALO ALTO",-122.15087127685547,37.466648101806641
9615905,2023,2023-09-29,4113,2023-08-22,2138,459,3,2,5,5,4113,0,0,0,,0,003,"BROADWAY ST","BEECH ST",0.00,,Y,A,-,N,,,,,,,,,,N,2,0,1,2,A,-,10,21950,,N,G,B,B,A,H,-,C,D,0,Y,,,,Y,,D,22,1,0,0,0,1,0,0,0,0,"- ","- ",37.486869812011719,-122.22115325927734,"SAN MATEO","REDWOOD CITY",-122.22113800048828,37.486862182617188
82414473,2024,2024-06-14,4116,2024-06-09,1642,28444,,7,5,5,4116,0,0,0,,0,00A,"SOUTH BLVD","16TH AVE",4.00,W,Y,A,-,N,,,,,,,,,,Y,2,0,1,1,A,-,03,22350,A,N,C,E,A,A,H,-,A,D,0,,,Y,,Y,,C,02,1,0,0,0,0,0,0,0,1,"- ","- ",37.555271148681641,-122.31101989746094,"SAN MATEO","SAN MATEO",-122.31160736083984,37.555809020996094
90423947,2017,2017-03-30,9330,2017-03-24,1845,021609,,5,2,4,4115,0,1,2,,2,048,"US-101 SOUTHBOUND","HOLLY STREET",600.00,S,N,B,-,Y,,,101,,,,,,S,Y,2,0,1,1,A,-,03,22350,,N,F,A,A,B,H,-,A,D,0,,,Y,,Y,,C,02,1,0,0,0,0,0,0,0,1,"- ","- ",37.512529999999998,-122.25471,"SAN MATEO","SAN CARLOS",-122.25468957,37.512553199999999
90720841,2018,2018-05-07,9330,2018-01-20,2500,021662,,6,4,9,4100,0,1,3,,1,020,"SR-1 (CABRILLO HIGHWAY)","STAGE ROAD",1107.00,N,N,A,-,Y,,,1,,,,,,,Y,1,1,0,1,A,-,01,23152,A,N,E,I,A,A,H,-,D,D,0,,,,,Y,Y,A,01,0,0,0,0,0,0,0,0,0,"- ","- ",37.340450286865234,-122.39514923095703,"SAN MATEO",UNINCORPORATED,-122.39491271972656,37.340465545654297
90972118,2019,2019-04-22,9330,2019-04-09,0500,021616,,2,3,4,4109,0,1,2,,2,058,"US-101 N/B","MARSH RD",5280.00,S,N,A,-,Y,,,101,,,,,,N,Y,2,0,1,2,A,-,03,22350,,N,B,C,A,A,H,-,C,D,0,,,Y,,Y,,C,02,1,0,0,0,0,0,0,0,1,"- ","- ",37.472888946533203,-122.16178894042969,"SAN MATEO","MENLO PARK",-122.16181182861328,37.472850799560547
91261599,2020,2020-07-01,9330,2020-05-22,2025,022409,,5,2,9,4100,0,3,5,,2,005,"SAN MATEO AVENUE","HURLINGAME AVENUE",0.00,,Y,A,-,N,,,,,,,,,,Y,2,0,1,2,A,-,12,22450,A,N,A,C,A,A,H,-,C,A,0,,,,,Y,,A,01,1,0,0,0,0,0,0,0,0,"- ","- ",37.477920532226562,-122.21070861816406,"SAN MATEO",UNINCORPORATED,-122.21070098876953,37.477909088134766
92188899,2023,2023-10-03,9330,2023-09-09,1750,023320,,6,2,4,4102,0,1,2,,2,048,"US-101 NORTHBOUND TO RALSTON AVENUE","RALSTON AVENUE",385.00,S,N,A,-,Y,,,,,,,,,,Y,2,0,1,1,A,-,08,22107,,N,F,A,A,A,H,-,A,D,0,,,Y,,Y,,C,02,1,0,0,0,0,0,0,0,1,"- ","- ",37.525859832763672,-122.26854705810547,"SAN MATEO",BELMONT,-122.26854705810547,37.525859832763672
6629685,2014,2014-09-29,4104,2014-09-13,1049,0216,2,6,5,4,4104,0,0,0,,0,00B,BROADWAY,"LAGUNA AV",0.00,,Y,A,-,N,,,,,,,,,,Y,2,0,1,2,A,-,01,23153,A,N,G,B,B,A,H,-,A,A,0,Y,,,,Y,Y,A,01,1,0,0,0,1,0,0,0,0,"- ","- ",37.588329999999999,-122.36333999999999,"SAN MATEO",BURLINGAME,-122.36463999,37.586209959999998
6787166,2015,2016-09-12,9330,2015-01-10,0330,020454,,6,3,9,4100,0,1,1,,2,034,"RT 280","LARKSPUR DR",450.00,N,N,A,-,Y,SM,4,280,-,R,18.630,H,-,S,Y,2,0,2,1,A,-,01,23152,A,N,E,I,A,A,H,-,C,D,1,,,,,Y,Y,A,01,1,1,0,0,0,0,0,0,0,"- ","- ",,,"SAN MATEO",UNINCORPORATED,-122.42059826000001,37.597014299999998
6870527,2015,2016-09-12,9330,2015-03-25,0055,019691,,3,3,9,4100,0,1,1,,2,054,"RT 280",SANDHILL,150.00,N,N,A,-,Y,SM,4,280,-,R,1.754,R,2,N,Y,2,0,2,1,A,-,01,23152,A,F,E,I,A,A,H,-,D,D,1,,,,,Y,Y,A,01,1,1,0,0,0,0,0,0,0,NO,"- ",37.420009999999998,-122.21804,"SAN MATEO",UNINCORPORATED,-122.22149486000001,37.419656099999997
8485615,2017,2018-06-28,4113,2017-10-25,2333,445,3,3,5,5,4113,0,0,0,,0,003,VETERANS,WOODSIDE,0.00,,Y,A,-,Y,SM,4,84,-,-,26.657,I,6,S,N,2,0,1,2,A,-,15,21201,A,N,C,G,A,A,H,-,D,D,0,,Y,,,Y,,L,04,1,0,0,0,0,0,1,0,0,"- ","- ",37.488250000000001,-122.21357999999999,"SAN MATEO","REDWOOD CITY",-122.16787047,37.483499960000003
9226603,2020,2021-03-03,4127,2020-10-20,1832,2259,4127,2,5,4,4127,0,0,0,,0,,"UNIVERSITY AV","OBRIEN DR",20.00,E,N,A,-,N,,,,,,,,,,N,2,0,1,2,A,-,08,22107,,N,A,G,A,A,H,-,A,A,0,,Y,,,Y,Y,L,04,1,0,0,0,0,0,1,0,0,"- ","- ",,,"SAN MATEO","EAST PALO ALTO",-122.13970184326172,37.476768493652344
9594448,2023,2023-07-13,4104,2023-05-13,1809,0221,9,6,5,4,4104,0,0,0,,0,00B,"RT 82","EASTON DR",30.00,S,N,A,-,Y,SM,4,82,-,-,14.640,H,-,N,N,2,0,2,3,A,-,03,22350,,N,C,C,A,A,H,-,A,D,0,,,,,Y,,D,72,1,1,0,0,0,0,0,0,0,"- ","- ",37.586139678955078,-122.36961364746094,"SAN MATEO",BURLINGAME,-122.36957550048828,37.586101531982422
81647435,2021,2021-12-09,4100,2021-11-13,1843,19820,N,6,5,3,4110,0,0,0,,0,00N,"SR-82 (EL CAMINO REAL)","MURCHISON DR",370.00,N,-,A,-,Y,,,,,,,,,,N,2,0,1,2,A,-,11,21954,A,N,G,B,D,A,H,-,C,D,0,Y,,,,Y,,N,60,1,0,0,0,1,0,0,0,0,"- ","- ",,,"SAN MATEO",MILLBRAE,-122.38666534423828,37.597377777099609
82120063,2023,2023-07-18,4117,2023-06-23,2352,17MZ04,05AB,5,5,5,4117,0,0,0,,0,001,"SAN MATEO AV","PRODUCE AV",1106.00,S,-,A,-,N,,,,,,,,,,N,2,0,2,3,A,-,03,22350,,N,G,B,D,A,H,-,C,D,0,Y,,,,Y,,A,07,1,1,0,0,2,0,0,0,0,"- ","- ",37.649631500244141,-122.40817260742188,"SAN MATEO","SOUTH SAN FRANCISCO",-122.40963745117188,37.647060394287109
84475187,2024,2024-11-19,4109,2024-08-26,1715,145611,,1,5,4,4109,0,0,0,,0,001,"SAN MATEO DR","WALLEA DR",54.00,N,-,A,-,N,,,,,,,,,,N,2,0,1,1,A,-,03,22350,A,N,H,G,A,A,H,-,A,D,0,,Y,,,Y,,L,04,1,0,0,0,0,0,1,0,0,"- ","- ",37.441799163818359,-122.18511962890625,"SAN MATEO","MENLO PARK",-122.18961334228516,37.444488525390625
90897579,2018,2019-01-04,9335,2018-12-24,1438,022179,,1,2,6,4106,0,1,3,,2,041,"N/B SR-1","SOUTHGATE AVE UNDERCROSSING",49.00,S,N,C,-,Y,,,1,,,,,,,Y,2,0,1,1,A,-,08,22107,,N,E,I,A,B,H,-,A,D,0,,,,,Y,,A,01,1,0,0,0,0,0,0,0,0,"- ","- ",37.675689697265625,-122.47274017333984,"SAN MATEO","DALY CITY",-122.47273254394531,37.675685882568359
91593590,2021,2021-10-11,9330,2021-09-29,1411,021662,,3,2,4,4115,0,1,2,,2,048,"US-101 S/B","BRITTAN AVE",1056.00,N,N,A,-,Y,,,101,,,,,,S,Y,2,0,1,1,A,-,08,22107,,N,E,I,A,A,D,-,A,D,0,,,,,Y,,A,07,1,0,0,0,0,0,0,0,0,"- ","- ",37.506961822509766,-122.24862670898438,"SAN MATEO","SAN CARLOS",-122.24851989746094,37.507080078125
91750492,2022,2022-04-18,9335,2022-04-10,1725,021957,,7,2,4,4111,0,1,3,,2,041,"SR-1 NB","SR-35 O/C",340.00,N,N,A,G,Y,SM,,1,,R,46.805,H,,R,N,2,0,1,2,A,-,03,22350,,N,C,C,A,A,H,-,A,D,0,,,Y,,Y,,C,02,1,0,0,0,0,0,0,0,1,"- ","- ",37.669380187988281,-122.48415374755859,"SAN MATEO",PACIFICA,-122.48414611816406,37.669380187988281
6811050,2014,2015-02-13,4114,2014-12-13,1840,0037,SNB2,6,5,4,4114,0,0,0,,0,001,"SAN BRUNO AV E","2ND AV",5.00,E,N,A,-,N,,,,,,,,,,Y,2,0,1,2,A,-,10,21950,A,N,G,B,B,A,H,-,C,D,0,Y,,,,Y,,A,01,1,0,0,0,1,0,0,0,0,"- ","- ",,,"SAN MATEO","SAN BRUNO",-122.41033274,37.630830570000001
6816597,2014,2015-03-09,4117,2014-12-31,1633,04JL03,06AC,3,5,5,4117,0,0,0,,0,004,"AIRPORT BL","BUTLER AV",0.00,,Y,A,-,N,,,,,,,,,,N,2,0,1,2,A,-,12,21453,A,N,G,B,B,A,H,-,B,A,0,Y,,,,Y,,I,09,1,0,0,0,1,0,0,0,0,"- ","- ",,,"SAN MATEO","SOUTH SAN FRANCISCO",-122.4010299,37.663109900000002
8373045,2017,2017-06-06,4106,2017-04-01,2320,1253,7,6,5,6,4106,0,0,0,,0,002,"EAST MARKET ST","3RD AV",0.00,,Y,A,-,N,,,,,,,,,,N,2,0,1,2,A,-,09,21802,A,N,D,G,A,A,H,-,C,A,0,,Y,,,Y,Y,L,04,1,0,0,0,0,0,1,0,0,"- ","- ",,,"SAN MATEO","DALY CITY",-122.46240994,37.689749910000003
8820624,2019,2019-03-18,4117,2019-02-28,2104,18CM04,13AE,4,5,5,4117,0,0,0,,0,004,"GRAND AV","EUCALYPTUS AV",0.00,,Y,A,-,N,,,,,,,,,,N,2,0,1,2,A,-,10,21950,A,N,G,B,D,A,H,-,C,A,0,Y,,,,Y,,A,01,1,0,0,0,1,0,0,0,0,"- ","- ",37.658821105957031,-122.42661285400391,"SAN MATEO","SOUTH SAN FRANCISCO",-122.42658996582031,37.658809661865234
9524937,2022,2022-12-07,4113,2022-10-13,2112,457,8,4,5,5,4113,0,0,0,,0,008,"FARM HILL BL","GLENNAN DR",0.00,,Y,A,-,N,,,,,,,,,,N,2,0,1,2,A,-,01,23152,A,N,B,E,A,A,H,-,C,A,0,,,Y,,Y,Y,C,02,1,0,0,0,0,0,0,0,1,"- ","- ",37.458049774169922,-122.24846649169922,"SAN MATEO","REDWOOD CITY",-122.24847412109375,37.458026885986328
90181176,2016,2016-06-08,9330,2016-04-06,1300,020322,,3,1,4,4109,0,1,2,,2,058,"US-101 N/B","SR-84 (WOODSIDE RD.)",0.00,,N,A,-,Y,,,,,,,,,,Y,1,1,0,2,A,-,03,22350,,F,C,C,A,A,H,-,A,D,0,,,,,Y,,-,99,0,0,0,0,0,0,0,0,0,"- ","- ",37.487760000000002,-122.20699999999999,"SAN MATEO","MENLO PARK",,
92411679,2024,2024-06-11,9330,2024-04-06,1335,023556,,6,1,4,4120,0,1,3,,1,035,"S/R-92 E/B","FOSTER CITY BOULEVARD",16896.00,E,N,A,-,Y,SM,,92," ",R,16.546,H,,R,Y,2,0,1,2,A,-,08,22107,,N,E,8,A,A,H,-,A,D,0,,,,,Y,,A,01,1,0,0,0,0,0,0,0,0,"- ","- ",37.593101501464844,-122.23490905761719,"SAN MATEO","FOSTER CITY",-122.23493194580078,37.593151092529297
94679311,2025,2025-05-15,9330,2025-04-26,1500,023864,,6,2,4,4127,0,1,2,,2,058,"US-101 N/B","UNIVERSITY AVENUE",135.00,N,N,B,-,Y,SM,,101," "," ",0.922,H,,R,Y,2,0,1,3,A,-,01,23152,A,N,B,2,A,A,H,-,A,D,0,,,Y,,Y,Y,C,02,1,0,0,0,0,0,0,0,1,"- ","- ",37.460868835449219,-122.1414794921875,"SAN MATEO","EAST PALO ALTO",-122.14143371582031,37.460914611816406
6798476,2015,2016-09-12,9330,2015-01-20,0810,012628,,2,1,5,4113,0,3,5,,2,407,"CANADA RD","RT 280",0.00,,Y,A,E,Y,SM,4,280,-,R,6.565,R,4,N,Y,2,0,1,2,A,-,09,21801,A,N,A,C,A,A,H,-,A,D,1,,,,,Y,,A,07,1,0,0,0,0,0,0,0,0,"- ","- ",37.458579999999998,-122.28837,"SAN MATEO","REDWOOD CITY",-122.290065,37.459370159999999
7199988,2016,2017-04-12,4103,2016-10-11,1614,GU350,1,2,5,2,4103,0,0,0,,0,00U,"BAYSHORE BL","SAN BRUNO AV",0.00,,Y,A,-,N,,,,,,,,,,Y,1,1,2,3,A,-,09,21801,A,N,D,C,A,A,H,-,A,A,0,,,,,Y,,A,01,1,0,1,0,0,0,0,0,0,"- ","- ",37.67765,-122.393,"SAN MATEO",BRISBANE,-122.39306994,37.677659980000001
8648467,2018,2019-01-25,4106,2018-09-14,2237,2035,8A,5,5,6,4106,0,0,0,,0,004,"PARK PLAZA DR","JOHN DALY BL",311.00,S,N,A,-,N,,,,,,,,,,Y,1,1,0,2,A,-,03,22350,,N,G,B,D,A,H,-,C,D,0,Y,,,,Y,,A,07,0,0,0,1,0,0,0,0,0,"- ","- ",,,"SAN MATEO","DALY CITY",-122.48180389404297,37.701316833496094
84482132,2024,2024-11-25,4109,2024-10-29,2100,146398,,2,5,4,4109,0,0,0,,0,001,"EL CAMINO REAL","MIDDLE AVENUE",0.00,,Y,A,-,N,,,,,,,,,,N,2,0,1,2,A,-,09,21804,,M,D,G,A,A,H,-,C,A,0,,Y,,,Y,,A,01,1,0,0,0,0,0,1,0,0,"- ","- ",37.450359344482422,-122.17913818359375,"SAN MATEO","MENLO PARK",-122.17720031738281,37.450405120849609
90110459,2016,2016-02-08,9330,2016-01-16,2335,020662,,6,3,4,4127,0,1,2,,2,058,"US-101 N/B","EMBARCADERO RD",500.00,N,N,C,-,Y,,,101,,,,,,N,Y,2,0,1,1,A,-,01,23152,A,N,E,I,A,B,H,-,C,D,0,,,,,Y,Y,A,07,1,0,0,0,0,0,0,0,0,"- ","- ",37.453040000000001,-122.12808,"SAN MATEO","EAST PALO ALTO",-122.12808879000001,37.45302513
90298550,2016,2016-10-24,9330,2016-10-15,1000,021253,,6,1,5,4116,0,1,2,,2,038,US-101,"KEHOE AVE",1584.00,S,N,A,-,Y,,,101,,,,,,,Y,2,0,2,4,A,-,01,23152,A,N,C,C,A,A,H,-,A,D,0,,,,,Y,Y,A,01,1,0,1,0,0,0,0,0,0,"- ","- ",37.56147,-122.30358,"SAN MATEO","SAN MATEO",-122.30362803,37.561416469999998
90529370,2017,2017-08-23,9330,2017-07-07,2117,020735,,5,2,9,4100,0,1,1,,2,034,"I-280 S/B","BLACK MOUNTAIN RD.",4450.00,S,N,A,-,Y,,,280,,,,,,S,Y,2,0,2,2,A,-,07,21658,A,F,C,C,A,A,H,-,C,D,0,,,,,Y,,-,99,1,1,0,0,0,0,0,0,0,"- ","- ",37.536259999999999,-122.3639,"SAN MATEO",UNINCORPORATED,-122.36382579000001,37.536311249999997
90728440,2018,2018-05-17,9330,2018-05-12,1530,020900,,6,2,9,4100,0,1,3,,1,021,"SR-84 (LA HONDA ROAD)","KEBET RIDGE ROAD",4752.00,W,N,A,-,Y,,,84,,,,,,,Y,2,0,1,2,A,-,08,22107,,N,A,C,A,A,H,-,A,D,0,,,Y,,Y,,C,02,1,0,0,0,0,0,0,0,1,"- ","- ",37.371978759765625,-122.26309967041016,"SAN MATEO",UNINCORPORATED,-122.26306915283203,37.3720703125
90875792,2018,2018-12-05,9335,2018-11-21,0440,021284,,3,3,4,4114,0,1,1,,2,038,"I-380 E/B","EL CAMINO REAL U/C",132.00,W,N,C,-,Y,,,380,,,,,,E,Y,2,0,2,2,A,-,03,22350,,N,D,C,A,B,H,-,C,D,0,,,,,Y,,D,22,1,0,1,0,0,0,0,0,0,"- ","- ",37.632648468017578,-122.41963958740234,"SAN MATEO","SAN BRUNO",-122.41961669921875,37.632595062255859
91414895,2021,2021-02-25,9330,2021-02-16,2305,022141,,2,3,2,4118,0,1,1,,2,054,"I-280 N/B","SR-84(WOODSIDE ROAD)",2112.00,N,N,A,-,Y,,,280,,,,,,N,N,2,0,1,2,A,-,00,21960,A,N,G,B,E,A,H,-,D,A,0,Y,,,,Y,,N,60,1,0,0,0,1,0,0,0,0,"- ","- ",37.439239501953125,-122.24772644042969,"SAN MATEO",WOODSIDE,-122.24770355224609,37.439277648925781
6457938,2014,2016-04-13,9330,2014-04-09,1750,020759,,3,2,4,4120,0,1,3,,1,035,"RT 92","PIER 1",4224.00,E,N,A,-,Y,SM,4,92,-,R,15.240,H,-,E,Y,2,0,1,1,A,-,03,22350,,N,F,I,A,A,H,-,A,D,4,,,Y,,Y,,C,02,1,0,0,0,0,0,0,0,1,"- ","- ",37.587269999999997,-122.24168,"SAN MATEO","FOSTER CITY",-122.25252232,37.582578150000003
6566806,2014,2016-05-09,9330,2014-07-10,1446,020464,,4,2,9,4100,0,1,1,,2,054,"RT 280","SAND HILL RD",528.00,N,N,A,-,Y,SM,4,280,-,R,1.710,H,-,N,Y,2,0,1,5,A,-,08,22107,,N,F,C,A,A,H,-,A,D,1,,,,,Y,,A,01,1,0,0,0,0,0,0,0,0,"- ","- ",37.421199999999999,-122.2242,"SAN MATEO",UNINCORPORATED,-122.22077908,37.419435020000002