CASE_ID,ACCIDENT_YEAR,PROC_DATE,JURIS,COLLISION_DATE,COLLISION_TIME,OFFICER_ID,REPORTING_DISTRICT,DAY_OF_WEEK,CHP_SHIFT,POPULATION,CNTY_CITY_LOC,SPECIAL_COND,BEAT_TYPE,CHP_BEAT_TYPE,CITY_DIVISION_LAPD,CHP_BEAT_CLASS,BEAT_NUMBER,PRIMARY_RD,SECONDARY_RD,DISTANCE,DIRECTION,INTERSECTION,WEATHER_1,WEATHER_2,STATE_HWY_IND,CALTRANS_COUNTY,CALTRANS_DISTRICT,STATE_ROUTE,ROUTE_SUFFIX,POSTMILE_PREFIX,POSTMILE,LOCATION_TYPE,RAMP_INTERSECTION,SIDE_OF_HWY,TOW_AWAY,COLLISION_SEVERITY,NUMBER_KILLED,NUMBER_INJURED,PARTY_COUNT,PRIMARY_COLL_FACTOR,PCF_CODE_OF_VIOL,PCF_VIOL_CATEGORY,PCF_VIOLATION,PCF_VIOL_SUBSECTION,HIT_AND_RUN,TYPE_OF_COLLISION,MVIW,PED_ACTION,ROAD_SURFACE,ROAD_COND_1,ROAD_COND_2,LIGHTING,CONTROL_DEVICE,CHP_ROAD_TYPE,PEDESTRIAN_ACCIDENT,BICYCLE_ACCIDENT,MOTORCYCLE_ACCIDENT,TRUCK_ACCIDENT,NOT_PRIVATE_PROPERTY,ALCOHOL_INVOLVED,STWD_VEHTYPE_AT_FAULT,CHP_VEHTYPE_AT_FAULT,COUNT_SEVERE_INJ,COUNT_VISIBLE_INJ,COUNT_COMPLAINT_PAIN,COUNT_PED_KILLED,COUNT_PED_INJURED,COUNT_BICYCLIST_KILLED,COUNT_BICYCLIST_INJURED,COUNT_MC_KILLED,COUNT_MC_INJURED,PRIMARY_RAMP,SECONDARY_RAMP,LATITUDE,LONGITUDE,COUNTY,CITY,POINT_X,POINT_Y
6705706,2014,2014-11-24,4111,2014-09-21,0001,P5132,P12,7,5,4,4111,0,0,0,,0,0P2,"FASSLER AV","ROBERTS RD",34.00,E,N,A,-,N,,,,,,,,,,Y,2,0,1,2,A,-,08,22107,,N,D,C,A,A,H,-,C,D,0,,,Y,,Y,,A,01,1,0,0,0,0,0,0,0,1,"- ","- ",,,"SAN MATEO",PACIFICA,-122.49483954,37.605299930000001
7147407,2015,2016-01-04,4117,2015-11-18,2208,09SL05,07AE,3,5,5,4117,0,0,0,,0,004,"AIRPORT BL","ARMOUR AV",0.00,,Y,A,-,N,,,,,,,,,,N,2,0,1,2,A,-,10,21950,A,F,G,B,B,A,H,-,C,D,0,Y,,,,Y,,-,99,1,0,0,0,1,0,0,0,0,"- ","- ",37.660179999999997,-122.40546999999999,"SAN MATEO","SOUTH SAN FRANCISCO",-122.40491996999999,37.660129990000001
8085831,2016,2016-07-22,4113,2016-06-23,0955,359,4,4,5,5,4113,0,0,0,,0,004,"MIDDLEFIELD RD","WILLOW ST",0.00,,Y,A,-,N,,,,,,,,,,Y,2,0,1,3,A,-,08,22107,,N,H,C,A,A,H,-,A,A,0,,,,,Y,,I,11,1,0,0,0,0,0,0,0,0,"- ","- ",37.480119999999999,-122.21706,"SAN MATEO","REDWOOD CITY",-122.21704995,37.480099899999999
8840312,2019,2019-05-10,4116,2019-03-13,1241,27914,37,3,5,5,4116,0,0,0,,0,00C,"ALAMEDA DE LAS PULGAS","39TH AV",120.00,N,N,A,-,N,,,,,,,,,,N,2,0,1,1,C,-,18,,,N,H,D,A,A,G,-,A,D,0,,,Y,,Y,,-,"- ",1,0,0,0,0,0,0,0,1,"- ","- ",,,"SAN MATEO","SAN MATEO",-122.30592346191406,37.528175354003906
90576737,2017,2017-10-24,9330,2017-10-15,1045,021636,,7,1,9,4100,0,1,3,,1,011,"SR-92 (SAN MATEO ROAD)","PILARCITOS CREEK ROAD",5280.00,E,N,A,-,Y,,,92,,,,,,,Y,2,0,1,2,A,-,03,22350,,N,D,C,A,A,H,-,A,D,0,,,Y,,Y,,C,02,1,0,0,0,0,0,0,0,1,"- ","- ",37.480699999999999,-122.40479999999999,"SAN MATEO",UNINCORPORATED,-122.40485459999999,37.480819699999998
90579022,2017,2017-10-26,9335,2017-08-14,1808,021724,,1,2,6,4106,0,1,1,,2,021,"I-280 S/B","SCHOOL ST OVERCROSSING",540.00,N,N,A,-,Y,,,280,,,,,,S,Y,2,0,1,3,A,-,08,22107,,N,B,C,A,A,H,-,A,D,0,,,Y,,Y,,A,01,1,0,0,0,0,0,0,0,1,"- ","- ",37.694800000000001,-122.47069999999999,"SAN MATEO","DALY CITY",-122.47065394000001,37.694809210000003
91302866,2020,2020-09-11,9335,2020-09-07,1655,022196,,1,2,9,4100,0,1,3,,2,040,"SR-1 N/B","OLD DEVILS SLIDE HIGHWAY",1100.00,N,N,A,-,N,,,1,,,,,,N,N,2,0,1,1,B,-,22,,,N,F,A,A,A,H,-,A,D,0,,Y,,,Y,,L,04,1,0,0,0,0,0,1,0,0,"- ","- ",37.587188720703125,-122.504638671875,"SAN MATEO",UNINCORPORATED,-122.50466156005859,37.587173461914062
91935891,2022,2022-12-07,9330,2022-08-28,1315,023042,,7,1,9,4100,0,1,3,,2,042,"SR-35 S/B","MORSE LANE",2640.00,N,N,A,-,N,,,,,,,,,,N,2,0,2,1,C,-,18,,,N,F,I,A,A,H,-,A,D,0,,Y,,,Y,,-,"- ",1,1,0,0,0,0,2,0,0,"- ","- ",37.389171600341797,-122.27942657470703,"SAN MATEO",UNINCORPORATED,-122.27943420410156,37.389190673828125
94733773,2025,2025-06-20,9330,2025-06-10,1820,023158,,2,2,9,4100,0,1,3,,2,052,SR-35,"CALL BOX SM-035-050",845.00,N,N,A,-,N,,,,,,,,,,N,2,0,1,1,A,-,08,22107,,N,E,I,A,A,H,-,A,D,0,,,,,Y,,A,08,1,0,0,0,0,0,0,0,0,"- ","- ",37.328811645507812,-122.20973205566406,"SAN MATEO",UNINCORPORATED,,
9032193,2019,2020-02-04,4113,2019-12-18,1449,351,5,3,5,5,4113,0,0,0,,0,005,"EL CAMINO REAL","CHARTER AVE",0.00,,Y,B,C,N,,,82,,,,,,,Y,2,0,1,2,A,-,10,21950,A,N,A,B,B,B,H,-,A,A,0,Y,,,,Y,,A,01,1,0,0,0,1,0,0,0,0,"- ","- ",37.474639892578125,-122.21941375732422,"SAN MATEO","REDWOOD CITY",-122.21937561035156,37.474689483642578
9113338,2020,2020-08-13,4100,2020-05-23,1925,25136,WDS,6,5,2,4118,0,0,0,,0,030,"LA HONDA RD","LA HONDA RD  1391",84.00,E,N,A,-,N,,,,,,,,,,Y,2,0,2,1,A,-,03,22350,,N,E,I,A,A,H,-,A,D,0,,,,,Y,,A,01,1,1,0,0,0,0,0,0,0,"- ","- ",,,"SAN MATEO",WOODSIDE,,
82376380,2024,2024-04-29,4116,2024-04-24,1109,25586,,3,5,5,4116,0,0,0,,0,00C,"ALTA AVE","ENSENADA WAY",0.00,,Y,B,-,N,,,,,,,,,,Y,2,0,1,3,A,-,21,22106,,N,E,I,A,A,H,-,A,D,0,,,,,Y,,A,01,1,0,0,0,0,0,0,0,0,"- ","- ",37.542259216308594,-122.31757354736328,"SAN MATEO","SAN MATEO",-122.31764221191406,37.541996002197266
90051820,2015,2015-11-16,9330,2015-09-26,1456,020489,,6,2,9,4100,0,1,3,,2,052,"SR-35 SOUTHBOUND",SM-035-061,63.00,N,N,A,-,Y,,,35,,,,,,S,Y,2,0,1,2,A,-,05,21460,A,N,D,C,A,A,H,-,A,D,0,,,Y,,Y,,C,02,1,0,0,0,0,0,0,0,1,"- ","- ",37.341459999999998,-122.22084,"SAN MATEO",UNINCORPORATED,-122.22084683,37.341441179999997
90222501,2016,2016-07-14,9330,2016-07-09,1540,021265,,6,2,5,4116,0,1,3,,2,031,"SR-92 EASTBOUND TO US-101 SOUTHBOUND","SR-92 OVERCROSSING",915.00,S,N,A,-,Y,,,,,,,,,,Y,2,0,1,1,A,-,03,22350,,N,E,I,A,A,H,-,A,D,0,,,Y,,Y,,C,02,1,0,0,0,0,0,0,0,1,"- ","- ",37.333489999999998,-122.17394,"SAN MATEO","SAN MATEO",-122.33129716000001,37.52037121
90365043,2016,2017-01-10,9330,2016-12-02,1800,021019,,5,2,9,4100,0,2,4,,1,051,"MIDDLEFIELD ROAD","6TH AVE",0.00,,Y,A,-,N,,,,,,,,,,Y,2,0,1,2,A,-,09,21802,A,N,D,C,A,A,H,-,C,A,0,,,Y,,Y,,A,07,1,0,0,0,0,0,0,0,1,"- ","- ",37.471550000000001,-122.20368999999999,"SAN MATEO",UNINCORPORATED,-122.20367988,37.47154991
6854443,2014,2015-04-23,4113,2014-06-12,1931,275,7,4,5,5,4113,0,0,0,,0,007,"EASTON AV","FRANCIS LN",85.00,W,N,A,-,N,,,,,,,,,,Y,1,1,0,2,A,-,08,22103,,N,D,C,A,A,H,-,A,D,0,,,Y,,Y,Y,A,01,0,0,0,0,0,0,0,1,0,"- ","- ",,,"SAN MATEO","REDWOOD CITY",-122.25975221,37.48427753
8362323,2017,2018-04-23,4114,2017-04-05,2009,0037,SNB8,3,5,4,4114,0,0,0,,0,002,"EL CAMINO REAL","SANTA LUCIA AV",0.00,,Y,A,-,Y,SM,4,82,-,-,17.529,I,5,N,Y,2,0,1,2,A,-,10,21950,A,N,G,B,B,A,H,-,C,D,0,Y,,,,Y,,A,01,1,0,0,0,1,0,0,0,0,"- ","- ",,,"SAN MATEO","SAN BRUNO",-122.40664639000001,37.615548799999999
8581329,2018,2018-03-22,4117,2018-03-01,0814,99ID13,11AH,4,5,5,4117,0,0,0,,0,004,"SISTER CITIES BL","SAN FRANCISCO DR",733.00,W,N,C,-,N,,,,,,,,,,Y,2,0,1,1,A,-,03,22350,,N,E,I,A,B,H,-,A,D,0,,,,,Y,,A,01,1,0,0,0,0,0,0,0,0,"- ","- ",37.665290832519531,-122.40215301513672,"SAN MATEO","SOUTH SAN FRANCISCO",-122.40763854980469,37.666450500488281
8925322,2019,2019-08-28,4113,2019-07-24,1042,461,4,3,5,5,4113,0,0,0,,0,004,"CHARTER ST","MIDDLEFIELD RD",0.00,,Y,A,-,N,,,,,,,,,,N,2,0,2,2,A,-,00,21543,A,N,D,C,A,A,H,-,A,A,0,,,,,Y,,A,01,1,1,0,0,0,0,0,0,0,"- ","- ",37.479610443115234,-122.2159423828125,"SAN MATEO","REDWOOD CITY",-122.2159423828125,37.479598999023438
9211810,2021,2023-06-19,4100,2021-01-06,1937,25111,4100,3,5,2,4118,0,0,0,,0,030,"CANADA RD","RUNNYMEDE RD",0.00,,Y,A,-,N,,,,,,,,,,Y,1,1,0,1,A,-,03,22350,,N,E,J,A,B,H,-,D,D,0,,,,,Y,,D,22,0,0,0,0,0,0,0,0,0,"- ","- ",,,"SAN MATEO",WOODSIDE,-122.26895904541016,37.443790435791016
9351637,2021,2021-11-13,4120,2021-09-15,1824,213,5,3,5,4,4120,0,0,0,,0,00Y,"CATAMARAN ST","SHEARER DR",0.00,,Y,A,-,N,,,,,,,,,,N,2,0,1,2,A,-,10,21950,A,N,A,B,B,A,H,-,A,A,0,Y,,,,Y,,A,01,1,0,0,0,1,0,0,0,0,"- ","- ",37.552219390869141,-122.26349639892578,"SAN MATEO","FOSTER CITY",,
81453453,2020,2021-04-19,4109,2020-04-21,2230,145932,18,2,5,4,4109,0,0,0,,0,004,"UNIVERSITY AV","BAYFRONT EXPRESSWAY",0.00,,Y,A,-,Y,,,,,,,,,,Y,1,1,0,1,A,-,03,22350,,N,E,I,A,A,H,-,C,D,0,,,,,Y,,D,22,0,0,0,0,0,0,0,0,0,"- ","- ",37.452960968017578,-122.18171691894531,"SAN MATEO","MENLO PARK",,
81695752,2022,2022-03-15,4100,2022-02-01,0212,25136,WDS,2,5,2,4118,0,0,0,,0,030,"SR-84 (WOODSIDE RD)","QUAIL MEADOWS DR",448.00,N,-,B,-,Y,,,,,,,,,,Y,2,0,1,1,A,-,01,23152,A,N,E,I,A,A,H,-,D,D,0,,,,,Y,Y,A,07,1,0,0,0,0,0,0,0,0,"- ","- ",,,"SAN MATEO",WOODSIDE,-122.24582672119141,37.432601928710938
90376342,2016,2017-02-01,9335,2016-09-24,2250,016118,,6,3,9,4100,0,1,3,,2,040,SR-1,"1ST STREET",4225.00,N,N,F,-,Y,,,1,,,,,,,N,1,1,0,1,A,-,01,23152,A,N,E,I,A,A,H,-,D,D,0,,,,,Y,Y,A,07,0,0,0,0,0,0,0,0,0,"- ","- ",37.557670000000002,-122.51424,"SAN MATEO",UNINCORPORATED,-122.51422937,37.557682810000003
90618211,2017,2017-12-15,9330,2017-07-24,0225,021356,,1,3,9,4100,0,2,4,,1,051,"MIDDLEFIELD ROAD","FLYNN AVE",320.00,S,N,A,-,N,,,,,,,,,,N,1,1,0,2,A,-,03,22350,,F,G,B,D,A,H,-,C,D,0,Y,,,,Y,Y,A,01,0,0,0,1,0,0,0,0,0,"- ","- ",37.47831,-122.21395,"SAN MATEO",UNINCORPORATED,-122.21390129,37.478348449999999
91944287,2022,2022-12-28,9330,2022-12-15,2240,022849,,4,3,5,4116,0,1,2,,2,038,"US-101 NORTHBOUND","PENINSULA AVENUE",2112.00,N,N,B,-,Y,SM,,101,,,15.105,H,,R,Y,1,1,4,4,A,-,03,22350,,N,C,C,A,A,D,-,D,D,0,,,,,Y,Y,A,01,0,0,4,0,0,0,0,0,0,"- ","- ",37.586818695068359,-122.33511352539062,"SAN MATEO","SAN MATEO",-122.33510589599609,37.58685302734375
92027768,2023,2023-03-24,9330,2023-03-09,"944 ",022824,,4,1,5,4116,0,1,2,,2,038,"US-101 N/B","PENINSULA AVE",1285.00,S,N,B,-,Y,SM,,101," "," ",14.439,H,,R,Y,2,0,1,2,A,-,07,21658,,N,C,C,A,B,H,-,A,D,0,,,Y,,Y,,A,07,1,0,0,0,0,0,0,0,1,"- ","- ",37.581619262695312,-122.32562255859375,"SAN MATEO","SAN MATEO",-122.32557678222656,37.581645965576172
6991706,2015,2015-12-28,9335,2015-07-12,1544,20779,,7,2,6,4106,0,1,3,,2,035,"RT 35","RT 1",1404.00,S,N,A,-,Y,SM,4,35,-,R,28.390,H,-,N,Y,1,1,0,2,A,-,07,21658,A,N,C,G,A,A,H,-,A,D,1,,Y,,,Y,,L,04,0,0,0,0,0,1,0,0,0,"- ","- ",37.666060000000002,-122.48103999999999,"SAN MATEO","DALY CITY",-122.48096421,37.66590815
8457751,2017,2017-10-30,4116,2017-09-13,1617,26724,,3,5,5,4116,0,0,0,,0,099,"BARRIOLHET AV","PEPPER AV",0.00,,Y,A,-,N,,,,,,,,,,Y,2,0,1,2,C,-,18,,,N,C,E,A,A,H,-,A,D,0,,,,,Y,,-,"- ",1,0,0,0,0,0,0,0,0,"- ","- ",37.570590000000003,-122.35045,"SAN MATEO","SAN MATEO",-122.35047985999999,37.570569970000001
91040088,2019,2019-07-29,9330,2019-07-20,1914,022355,,6,2,9,4100,0,3,5,,2,503,"SR-84 (WOODSIDE ROAD) E/B","CHURCHILL AVENUE",300.00,E,N,A,-,Y,,,,,,,,,,N,2,0,1,1,C,-,18,,,N,F,A,A,A,H,-,A,D,0,,Y,,,Y,,-,"- ",1,0,0,0,0,0,1,0,0,"- ","- ",37.445091247558594,-122.23384857177734,"SAN MATEO",UNINCORPORATED,,
91403018,2020,2021-02-05,9330,2020-11-22,1413,022590,,7,2,5,4116,0,1,3,,2,031,"SR-92 EASTBOUND","SR-82 (EL CAMINO REAL)",0.00,,Y,A,-,Y,,,92,,,,,,E,Y,2,0,1,3,A,-,08,22107,,F,B,C,A,A,H,-,A,D,0,,,Y,,Y,,A,01,1,0,0,0,0,0,0,0,1,"- ","- ",37.550239562988281,-122.31195068359375,"SAN MATEO","SAN MATEO",-122.31193542480469,37.550228118896484
91403264,2021,2021-02-05,9330,2021-01-31,1300,020379,,7,1,9,4100,0,1,3,,1,021,"SR-84 W/B","SYLVAN WAY",1600.00,E,N,A,-,Y,,,,,,,,,,Y,2,0,1,1,A,-,08,22107,,N,F,A,A,B,H,-,A,D,0,,,Y,,Y,,C,02,1,0,0,0,0,0,0,0,1,"- ","- ",37.3131103515625,-122.29019165039062,"SAN MATEO",UNINCORPORATED,-122.29035186767578,37.313346862792969
91694607,2022,2022-02-07,9330,2022-01-27,1355,022306,,4,1,9,4100,0,3,5,,2,002,"TUNITAS CREEK ROAD",SR-1,15.00,E,N,A,-,Y,SM,,1,,,20.970,H,,R,N,2,0,1,1,A,-,03,22350,,N,F,A,A,A,H,-,A,D,0,,,Y,,Y,,C,02,1,0,0,0,0,0,0,0,1,"- ","- ",37.358768463134766,-122.39739990234375,"SAN MATEO",UNINCORPORATED,-122.39756011962891,37.358680725097656
91799640,2022,2022-06-21,9330,2022-06-09,1250,022589,,4,1,9,4100,0,3,5,,2,103,"10TH STREET","FARALLONE AVENUE",96.00,E,N,A,-,N,,,,,,,,,,Y,2,0,1,2,C,-,18,,,N,H,A,A,A,H,-,A,D,0,,,,Y,Y,,-,"- ",1,0,0,0,0,0,0,0,0,"- ","- ",37.539901733398438,-122.51566314697266,"SAN MATEO",UNINCORPORATED,-122.51513671875,37.539524078369141
92378883,2023,2024-04-30,9330,2023-09-01,1710,023060,,5,2,9,4100,0,1,3,,1,021,SR-84,"PEEK-A-BOO LANE",6336.00,E,N,B,-,Y,SM,,84," "," ",7.338,H,,R,Y,1,2,3,2,A,-,05,21651,B,N,A,C,A,B,H,-,A,D,0,,,,,Y,,A,01,0,3,0,0,0,0,0,0,0,"- ","- ",37.31243896484375,-122.28864288330078,"SAN MATEO",UNINCORPORATED,-122.28865051269531,37.312458038330078
6984504,2015,2015-07-18,4104,2015-06-18,1322,216,13,4,5,4,4104,0,0,0,,0,00B,"RAY DR","MONTE CORVINO WY",39.00,E,N,A,-,N,,,,,,,,,,Y,2,0,1,2,A,-,08,22107,,N,C,E,A,A,H,-,A,D,0,,,,,Y,,A,01,1,0,0,0,0,0,0,0,0,"- ","- ",37.586739999999999,-122.38229,"SAN MATEO",BURLINGAME,-122.38234575,37.587091860000001
7104217,2015,2015-11-12,4104,2015-10-14,1704,0216,4,3,5,4,4104,0,0,0,,0,00A,"BURLINGAME AV","PARK RD",0.00,,Y,B,-,N,,,,,,,,,,N,2,0,2,3,A,-,10,21950,A,N,G,B,B,A,H,-,A,A,0,Y,,,,Y,,A,01,1,0,1,0,2,0,0,0,0,"- ","- ",37.578699999999998,-122.34730999999999,"SAN MATEO",BURLINGAME,-122.34710989,37.578539939999999
8425954,2017,2018-05-09,4116,2017-07-08,1112,25128,61,6,5,5,4116,0,0,0,,0,00D,"EAST HILLSDALE BL","RT 101",0.00,,Y,A,-,Y,SM,4,101,-,-,11.025,R,4,N,Y,2,0,1,2,A,-,01,23153,B,F,D,C,A,A,H,-,A,A,0,,,,,Y,Y,A,01,1,0,0,0,0,0,0,0,0,"- ","- ",37.54598,-122.28523,"SAN MATEO","SAN MATEO",-122.28650496,37.543183339999999
8465600,2018,2019-02-08,4127,2018-05-17,0635,2246,4127,4,5,4,4127,0,0,0,,0,002,"PULGAS AV","WEEKS ST",250.00,E,N,A,-,N,,,,,,,,,,N,1,1,0,2,A,-,11,21954,A,N,G,B,E,A,H,-,A,D,0,Y,,,,Y,,N,60,0,0,0,1,0,0,0,0,0,"- ","- ",,,"SAN MATEO","EAST PALO ALTO",-122.13034057617188,37.470260620117188
9035095,2019,2020-07-09,4114,2019-12-11,2159,0036,SNB10,3,5,4,4114,0,0,0,,0,001,"EL CAMINO REAL","COMMODORE DR",0.00,,Y,C,-,Y,SM,4,82,-,-,19.130,H,-,S,N,2,0,1,2,A,-,17,21451,A,N,G,B,B,B,H,-,C,A,0,Y,,,,Y,,A,01,1,0,0,0,1,0,0,0,0,"- ","- ",,,"SAN MATEO","SAN BRUNO",-122.42066192626953,37.635631561279297
9516274,2022,2023-01-30,4108,2022-03-14,1550,9913,3,1,5,3,4108,0,0,0,,0,0SS,"RAVENSCOURT RD","WOODSTOCK RD",0.00,,Y,A,-,N,,,,,,,,,,N,2,0,1,2,A,-,00,21985,C,N,G,B,E,A,H,-,A,D,0,Y,,,,Y,,A,01,1,0,0,0,1,0,0,0,0,"- ","- ",37.562339782714844,-122.348388671875,"SAN MATEO",HILLSBOROUGH,-122.34841156005859,37.562335968017578
9811344,2025,2025-07-14,4127,2025-05-08,2150,2280,4127,4,5,4,4127,0,0,0,,0,004,"WEST BAYSHORE RD","NEWELL RD",0.00,,Y,A,-,N,,,,,,,,,,Y,2,0,1,1,A,-,05,21460,,N,A,J,A,A,H,-,C,D,0,,,,,Y,,A,01,1,0,0,0,0,0,0,0,0,"- ","- ",,,"SAN MATEO","EAST PALO ALTO",-122.13661193847656,37.457603454589844
91292774,2020,2020-08-26,9330,2020-08-18,1910,021662,,2,2,9,4100,0,3,5,,2,505,"MARSH ROAD","FAIR OAKS AVENUE",0.00,,Y,B,-,N,,,,,,,,,,Y,2,0,2,2,A,-,09,21802,A,N,F,A,A,A,H,-,A,A,0,,,Y,,Y,,D,22,1,1,0,0,0,0,0,0,1,"- ","- ",37.473281860351562,-122.18888092041016,"SAN MATEO",UNINCORPORATED,-122.18878936767578,37.473239898681641
94358697,2024,2024-08-16,9330,2024-08-14,1535,023687,,3,2,4,4127,0,1,2,,2,058,"US-101 N/B","EMBARCADERO ROAD",2112.00,N,N,A,-,Y,SM,,101," "," ",0.067,H,,R,Y,2,0,3,2,A,-,03,22350,,N,C,C,A,A,H,-,A,D,0,,,,,Y,,A,01,1,1,1,0,0,0,0,0,0,"- ","- ",37.453441619873047,-122.12879943847656,"SAN MATEO","EAST PALO ALTO",-122.12879943847656,37.453441619873047
6292568,2015,2015-09-04,4109,2015-06-18,2006,15262,25A,4,5,4,4109,0,0,0,,0,001,"RT 82",ALEJANDRO,0.00,,Y,A,-,Y,SM,4,82,-,-,1.397,I,5,N,N,1,1,0,2,A,-,"- ",,,N,G,B,D,A,H,-,B,A,0,Y,,,,Y,,A,08,0,0,0,1,0,0,0,0,0,"- ","- ",,,"SAN MATEO","MENLO PARK",-122.19268169,37.458386150000003
6340835,2014,2015-11-16,4114,2014-01-15,1507,7,,3,5,4,4114,0,0,0,,0,002,"RT 82","TAYLOR AV",0.00,,Y,A,-,Y,SM,4,82,-,-,17.990,I,5,S,N,2,0,1,2,A,-,10,21950,A,N,D,B,B,A,H,-,A,A,0,Y,,,,Y,,A,01,1,0,0,0,1,0,0,0,0,"- ","- ",,,"SAN MATEO","SAN BRUNO",-122.4112902,37.621092859999997
6377194,2014,2014-06-06,4120,2014-01-25,1006,131,9,6,5,4,4120,0,0,0,,0,00Y,"EDGEWATER BL","EAST HILLSDALE BL",0.00,,Y,A,-,N,,,,,,,,,,Y,2,0,2,2,D,-,00,,,N,A,C,A,A,H,-,A,A,0,,,,,Y,,-,"- ",1,1,0,0,0,0,0,0,0,"- ","- ",37.554609999999997,-122.2774,"SAN MATEO","FOSTER CITY",-122.27756998,37.554369989999998
6417224,2014,2015-11-19,9330,2014-03-08,1315,020056,,6,1,9,4100,0,1,1,,2,044,"RT 280","EDGEWOOD RD",78.00,N,N,A,-,Y,SM,4,280,-,-,6.691,R,2,S,Y,2,0,1,1,A,-,01,23152,A,N,E,I,A,A,H,-,A,D,1,,,Y,,Y,Y,C,02,1,0,0,0,0,0,0,0,1,"- ","- ",37.468719999999998,-122.29284,"SAN MATEO",UNINCORPORATED,-122.29261015,37.468667400000001
6506461,2014,2014-07-15,4114,2014-04-26,1858,0069,SNB37,6,5,4,4114,0,0,0,,0,003,"SUSAN DR","GEOFFREY DR",0.00,,Y,A,-,N,,,,,,,,,,Y,2,0,1,2,A,-,09,21800,B,N,D,C,A,A,H,-,B,D,0,,,Y,,Y,,A,01,1,0,0,0,0,0,0,0,1,"- ","- ",,,"SAN MATEO","SAN BRUNO",-122.46098988999999,37.63592998
6511590,2014,2014-07-31,4111,2014-05-18,0137,P5124,P14,7,5,4,4111,0,0,0,,0,0P3,"CRESPI DR","REGINA WY",136.00,W,N,A,-,N,,,,,,,,,,Y,2,0,1,2,A,-,01,23152,A,N,A,E,A,A,H,-,C,D,0,,,Y,,Y,Y,C,02,1,0,0,0,0,0,0,0,1,"- ","- ",,,"SAN MATEO",PACIFICA,-122.48894365,37.593603649999999
6511657,2014,2016-04-15,9330,2014-05-24,0255,020272,,6,3,3,4110,0,1,2,,2,038,"RT 101","MILLBRAE AV",870.00,N,N,A,-,Y,SM,4,101,-,-,17.950,R,2,S,Y,2,0,1,1,A,-,03,22350,,N,E,I,A,A,H,-,C,D,1,,,,,Y,,I,11,1,0,0,0,0,0,0,0,0,TO,"- ",37.60727,-122.38188,"SAN MATEO",MILLBRAE,-122.38053173,37.602543879999999
6514766,2014,2015-04-17,9330,2014-06-10,1215,019055,,2,1,9,4100,0,1,3,,1,021,"RT 84","PESCADERO CREEK RD",1056.00,W,N,A,-,Y,ALA,4,84,-,-,8.130,H,-,N,Y,2,0,1,1,A,-,08,22107,,N,E,I,A,A,H,-,A,D,0,,,,,Y,,A,01,1,0,0,0,0,0,0,0,0,"- ","- ",37.315049999999999,-122.2831,"SAN MATEO",UNINCORPORATED,-122.01013025,37.559781280000003
6519301,2014,2014-07-31,4117,2014-05-04,0809,12AS05,06AJ,7,5,5,4117,0,0,0,,0,004,"AIRPORT BL","TOWER PL",80.00,N,N,A,-,N,,,,,,,,,,N,2,0,1,1,A,-,08,22107,,N,E,I,A,A,H,-,A,D,0,,,,,Y,,A,01,1,0,0,0,0,0,0,0,0,"- ","- ",,,"SAN MATEO","SOUTH SAN FRANCISCO",-122.396716,37.666576929999998
6537008,2014,2014-08-19,9330,2014-06-16,2342,20162,,1,3,9,4100,0,3,5,,2,507,"RINGWOOD AV","BAY RD",205.00,W,N,A,-,N,,,,,,,,,,Y,2,0,2,1,A,-,01,23152,A,N,E,I,A,A,H,-,C,D,0,,,,,Y,,A,01,1,0,1,0,0,0,0,0,0,"- ","- ",37.470770000000002,-122.16826,"SAN MATEO",UNINCORPORATED,-122.16809907,37.471181319999999
6550026,2014,2016-04-14,9330,2014-06-22,1231,020013,,7,1,9,4100,0,1,3,,2,052,"RT 35","PAGE MILL RD",400.00,N,N,A,-,Y,SM,4,35,-,-,3.290,H,-,N,Y,2,0,2,2,A,-,05,21460,A,N,D,C,A,A,H,-,A,D,0,,,Y,,Y,,C,02,2,0,0,0,0,0,0,0,2,"- ","- ",,,"SAN MATEO",UNINCORPORATED,-122.18808454000001,37.31580245
6565450,2014,2014-08-26,4113,2014-07-16,1026,384,4,3,5,5,4113,0,0,0,,0,004,BROADWAY,"2ND AV",19.00,N,N,A,-,N,,,,,,,,,,Y,2,0,1,1,A,-,01,23152,E,N,A,I,A,A,H,-,A,D,0,,,,,Y,,A,01,1,0,0,0,0,0,0,0,0,"- ","- ",37.48489,-122.20059999999999,"SAN MATEO","REDWOOD CITY",-122.20031467,37.484848290000002
6573606,2014,2014-10-14,9330,2014-07-13,1140,20489,,7,1,9,4100,0,3,5,,2,203,"PESCADERO CREEK RD","JONES GULCH RD",2.00,E,N,A,-,N,,,,,,,,,,Y,2,0,1,1,A,-,03,22350,,N,F,I,A,A,H,-,A,D,0,,,Y,,Y,,C,02,1,0,0,0,0,0,0,0,1,"- ","- ",37.299660000000003,-122.26969,"SAN MATEO",UNINCORPORATED,-122.28027552,37.288746459999999
6577982,2014,2016-04-13,4111,2014-06-21,2314,P5133,P18,6,5,4,4111,0,0,0,,0,0P3,"SAN PEDRO AV","RT 1",212.00,W,N,A,-,Y,SM,4,1,-,-,40.959,I,6,S,Y,2,0,1,2,A,-,11,21954,A,N,G,B,D,A,D,-,D,D,0,Y,,,,Y,Y,N,60,1,0,0,0,1,0,0,0,0,"- ","- ",,,"SAN MATEO",PACIFICA,-122.50383401000001,37.596020920000001