CASE_ID,ACCIDENT_YEAR,PROC_DATE,JURIS,COLLISION_DATE,COLLISION_TIME,OFFICER_ID,REPORTING_DISTRICT,DAY_OF_WEEK,CHP_SHIFT,POPULATION,CNTY_CITY_LOC,SPECIAL_COND,BEAT_TYPE,CHP_BEAT_TYPE,CITY_DIVISION_LAPD,CHP_BEAT_CLASS,BEAT_NUMBER,PRIMARY_RD,SECONDARY_RD,DISTANCE,DIRECTION,INTERSECTION,WEATHER_1,WEATHER_2,STATE_HWY_IND,CALTRANS_COUNTY,CALTRANS_DISTRICT,STATE_ROUTE,ROUTE_SUFFIX,POSTMILE_PREFIX,POSTMILE,LOCATION_TYPE,RAMP_INTERSECTION,SIDE_OF_HWY,TOW_AWAY,COLLISION_SEVERITY,NUMBER_KILLED,NUMBER_INJURED,PARTY_COUNT,PRIMARY_COLL_FACTOR,PCF_CODE_OF_VIOL,PCF_VIOL_CATEGORY,PCF_VIOLATION,PCF_VIOL_SUBSECTION,HIT_AND_RUN,TYPE_OF_COLLISION,MVIW,PED_ACTION,ROAD_SURFACE,ROAD_COND_1,ROAD_COND_2,LIGHTING,CONTROL_DEVICE,CHP_ROAD_TYPE,PEDESTRIAN_ACCIDENT,BICYCLE_ACCIDENT,MOTORCYCLE_ACCIDENT,TRUCK_ACCIDENT,NOT_PRIVATE_PROPERTY,ALCOHOL_INVOLVED,STWD_VEHTYPE_AT_FAULT,CHP_VEHTYPE_AT_FAULT,COUNT_SEVERE_INJ,COUNT_VISIBLE_INJ,COUNT_COMPLAINT_PAIN,COUNT_PED_KILLED,COUNT_PED_INJURED,COUNT_BICYCLIST_KILLED,COUNT_BICYCLIST_INJURED,COUNT_MC_KILLED,COUNT_MC_INJURED,PRIMARY_RAMP,SECONDARY_RAMP,LATITUDE,LONGITUDE,COUNTY,CITY,POINT_X,POINT_Y
6581304,2014,2014-08-27,4106,2014-06-21,0156,2033,12,6,5,6,4106,0,0,0,,0,005,"EASTMOOR AV","ST FRANCIS",144.00,E,N,A,-,N,,,,,,,,,,N,2,0,1,2,D,-,00,,,N,B,E,A,A,H,-,C,D,0,,,,,Y,Y,-,"- ",1,0,0,0,0,0,0,0,0,"- ","- ",37.698390000000003,-122.4812,"SAN MATEO","DALY CITY",-122.47708222,37.684640000000002
6581932,2014,2014-08-19,4102,2014-07-31,1024,51585,2,4,5,4,4102,0,0,0,,0,002,"RALSTON AV","CHULA VISTA AV",452.00,W,N,A,-,N,,,,,,,,,,Y,2,0,1,1,C,-,18,,,N,E,I,A,A,H,-,A,D,0,,,,,Y,,-,"- ",1,0,0,0,0,0,0,0,0,"- ","- ",,,"SAN MATEO",BELMONT,-122.28488883999999,37.514809120000002
6585932,2014,2016-02-02,9335,2014-07-28,1812,020772,,1,2,9,4100,0,3,5,,2,001,"GUADALUPE CANYON PKWY","RADIO RD",210.00,W,N,A,-,N,,,,,,,,,,Y,2,0,1,1,A,-,01,23152,A,N,E,I,A,A,H,-,A,D,0,,,,,Y,Y,A,07,1,0,0,0,0,0,0,0,0,"- ","- ",37.695700000000002,-122.43375,"SAN MATEO",UNINCORPORATED,-122.43567762000001,37.69623447
6618828,2014,2016-05-24,9330,2014-08-26,1505,017991,,2,2,9,4100,0,1,3,,1,011,"RT 92","CANADA RD",1584.00,W,N,A,-,Y,SM,4,92,-,T,6.860,H,-,W,Y,2,0,2,2,A,-,08,22107,,N,A,C,A,A,H,-,A,D,0,,,,,Y,,D,22,1,0,1,0,0,0,0,0,0,"- ","- ",,,"SAN MATEO",UNINCORPORATED,-122.34467257,37.510025650000003
6621821,2014,2016-04-13,4100,2014-04-30,1513,19330,4100,3,5,3,4107,0,0,0,,0,075,"RT 92","MAIN ST",2112.00,E,N,A,-,Y,SM,4,92,-,-,0.600,H,-,E,Y,2,0,2,2,A,-,"- ",,,N,A,C,A,A,H,-,A,D,0,,,,,Y,,A,01,1,1,0,0,0,0,0,0,0,"- ","- ",,,"SAN MATEO","HALF MOON BAY",-122.42334925,37.46989061
6625983,2014,2015-01-09,4117,2014-08-18,0940,10DQ13,02AB,1,5,5,4117,0,0,0,,0,004,"OYSTER POINT BL","VETERANS BL",438.00,W,N,B,-,N,,,,,,,,,,Y,2,0,1,2,A,-,08,22107,,N,B,C,A,A,H,-,A,A,0,,,Y,,Y,,C,02,1,0,0,0,0,0,0,0,1,"- ","- ",,,"SAN MATEO","SOUTH SAN FRANCISCO",-122.39450116,37.662412230000001
6661920,2014,2016-01-13,4106,2014-08-01,1820,2031,13,5,5,6,4106,0,0,0,,0,006,"HICKEY BL","CAMPUS DR",27.00,E,N,B,-,N,,,,,,,,,,Y,2,0,1,1,A,-,03,22350,,N,E,I,A,A,H,-,A,D,0,,,,,Y,,A,01,1,0,0,0,0,0,0,0,0,"- ","- ",37.665239999999997,-122.47496,"SAN MATEO","DALY CITY",-122.47553719,37.664631149999998
6701558,2014,2015-01-08,4114,2014-11-01,1745,0034,SNB2,6,5,4,4114,0,0,0,,0,001,"6TH AV","PINE ST",137.00,S,N,A,-,N,,,,,,,,,,N,2,0,1,2,A,-,11,21950,B,N,A,B,E,A,H,-,A,D,0,Y,,,,Y,,N,60,1,0,0,0,1,0,0,0,0,"- ","- ",,,"SAN MATEO","SAN BRUNO",-122.40574774,37.62911974
6718652,2017,2018-03-01,4117,2017-12-07,1919,13DZ05,19AW,4,5,5,4117,0,0,0,,0,002,"WESTBOROUGH BL","GELLERT BL",235.00,E,N,A,-,N,,,,,,,,,,Y,1,1,0,2,A,-,11,21955,,N,G,B,D,A,H,-,C,D,0,Y,,,,Y,,N,60,0,0,0,1,0,0,0,0,0,"- ","- ",37.643689999999999,-122.45167000000001,"SAN MATEO","SOUTH SAN FRANCISCO",-122.45231253999999,37.643763069999999
6772726,2014,2015-02-11,4117,2014-12-13,1751,14MN05,04AA,6,5,5,4117,0,0,0,,0,004,"AIRPORT BL","RT 101",0.00,,Y,A,-,Y,,,,,,,,,,Y,2,0,1,2,A,-,09,21453,C,F,D,C,A,A,H,-,C,A,0,,,Y,,Y,Y,D,22,1,0,0,0,0,0,0,0,1,"- ","- ",37.660640000000001,-122.40486,"SAN MATEO","SOUTH SAN FRANCISCO",-122.40685988,37.650009910000001
6792969,2015,2016-10-12,9330,2015-01-20,1347,16184,,2,1,9,4100,0,1,3,,1,011,"RT 92","PASTORINO'S FARM",528.00,W,N,A,-,Y,SM,4,92,-,-,1.680,H,-,E,Y,2,0,2,2,A,-,05,21460,A,N,A,C,A,A,H,-,A,D,0,,,,,Y,,A,07,1,1,0,0,0,0,0,0,0,"- ","- ",37.477490000000003,-122.41558000000001,"SAN MATEO",UNINCORPORATED,-122.40924812999999,37.479402890000003
6819749,2015,2015-03-10,4117,2015-01-12,1304,04JL03,27AL,1,5,5,4117,0,0,0,,0,002,"GELLERT BL","ROWNTREE WY",295.00,S,N,A,-,N,,,,,,,,,,Y,2,0,1,3,A,-,08,22107,,N,E,I,A,A,H,-,A,D,0,,,,,Y,,D,22,1,0,0,0,0,0,0,0,0,"- ","- ",,,"SAN MATEO","SOUTH SAN FRANCISCO",-122.45390839,37.649132229999999
6850366,2015,2016-09-13,9330,2015-03-09,1041,012628,,1,1,3,4110,0,1,1,,2,074,"RT 280","LARKSPUR AV",977.00,S,N,A,-,Y,SM,4,280,-,R,18.330,H,-,S,Y,2,0,1,1,A,-,08,22107,,N,E,I,A,A,H,-,A,D,1,,,,,Y,,D,22,1,0,0,0,0,0,0,0,0,"- ","- ",,,"SAN MATEO",MILLBRAE,-122.4171068,37.593677290000002
6859288,2015,2015-03-26,4113,2015-01-12,1949,295,5,1,5,5,4113,0,0,0,,0,005,"WOODSIDE RD","ORCHARD AV",0.00,,Y,A,-,N,,,84,,,,,,,Y,2,0,1,2,A,-,10,21950,A,N,A,B,B,A,H,-,C,D,0,Y,,,,Y,,A,01,1,0,0,0,1,0,0,0,0,"- ","- ",37.467109999999998,-122.22418,"SAN MATEO","REDWOOD CITY",-122.22404086,37.467078280000003
6863392,2015,2015-04-06,4106,2015-01-20,1713,2081,7,2,5,6,4106,0,0,0,,0,002,"A ST","CLARK AV",107.00,W,N,A,-,N,,,,,,,,,,N,2,0,1,2,A,-,11,21954,A,N,G,B,E,A,H,-,A,D,0,Y,,,,Y,,N,60,1,0,0,0,1,0,0,0,0,"- ","- ",,,"SAN MATEO","DALY CITY",-122.46116987000001,37.686077109999999
6875739,2015,2015-06-03,4108,2015-03-13,1450,3200,,5,5,3,4108,0,0,0,,0,NORTH,"SUMMIT DR","EASTON DR",406.00,S,N,A,-,N,,,,,,,,,,Y,2,0,2,1,A,-,03,22350,,N,E,I,A,A,H,-,A,D,0,,,,,Y,,-,,1,0,1,0,0,0,0,0,0,"- ","- ",,,"SAN MATEO",HILLSBOROUGH,-122.38018189,37.576512430000001
6905802,2015,2017-04-25,9330,2015-03-27,2010,20593,,5,2,9,4100,0,3,5,,2,203,"PESCADERO CREEK RD","PESCADERO CREEK RD 2700",164.00,E,N,A,-,N,,,,,,,,,,Y,1,1,0,1,A,-,01,23152,A,N,F,A,A,B,H,-,D,D,0,,,,,Y,Y,D,22,0,0,0,0,0,0,0,0,0,"- ","- ",37.253900000000002,-122.36595,"SAN MATEO",UNINCORPORATED,,
6975648,2015,2015-07-08,4114,2015-06-14,1234,0842,SNB9,7,5,4,4114,0,0,0,,0,001,"SNEATH LN","CEMETARY ACCESS RD",48.00,E,N,A,-,N,,,,,,,,,,Y,2,0,2,2,A,-,21,22106,,N,H,C,A,A,H,-,A,A,0,,,,,Y,,A,01,2,0,0,0,0,0,0,0,0,"- ","- ",37.633380000000002,-122.42894,"SAN MATEO","SAN BRUNO",-122.42689669000001,37.63432392
7006013,2015,2015-07-27,9330,2015-06-14,1610,19646,,7,2,5,4116,0,1,2,,2,048,"RT 101","HILLSDALE BL",936.00,S,N,A,-,Y,SM,4,101,-,-,10.960,H,-,N,Y,1,1,0,2,A,-,07,21658,A,N,D,C,A,A,H,-,A,D,1,,,Y,,Y,,A,07,0,0,0,0,0,0,0,1,0,"- ","- ",,,"SAN MATEO","SAN MATEO",-122.28582342999999,37.542403239999999
7006120,2015,2017-04-06,4111,2015-07-25,1842,P5106,P14,6,5,4,4111,0,0,0,,0,0P3,"CABRILLO HWY","SEABOWL LN",1224.00,S,N,A,-,N,,,,,,,,,,Y,1,1,1,2,A,-,05,21651,B,N,A,C,A,A,H,-,A,A,0,,,,,Y,Y,A,07,1,0,0,0,0,0,0,0,0,"- ","- ",,,"SAN MATEO",PACIFICA,-122.49849,37.604740550000002
7006494,2015,2015-12-28,9335,2015-07-26,0515,20571,,7,3,5,4117,0,1,2,,2,012,"RT 101","OYSTER POINT BL",425.00,S,N,B,-,Y,SM,4,101,-,-,22.640,H,-,S,N,1,1,0,5,A,-,11,21954,A,N,G,B,E,A,H,-,D,D,1,Y,,,,Y,,N,60,0,0,0,1,0,0,0,0,0,"- ","- ",37.66384,-122.39967,"SAN MATEO","SOUTH SAN FRANCISCO",-122.40015622,37.663199409999997
7106851,2015,2015-10-29,4106,2015-09-12,0940,1151,13,6,5,6,4106,0,0,0,,0,006,"CALLAN BL","SOUTHGATE AV",598.00,S,N,B,-,N,,,,,,,,,,Y,2,0,6,2,A,-,09,21801,,N,A,C,A,A,H,-,A,D,0,,,,,Y,,A,01,1,4,1,0,0,0,0,0,0,"- ","- ",37.675750000000001,-122.47189,"SAN MATEO","DALY CITY",-122.47267001,37.674232580000002
7147853,2015,2017-02-03,4100,2015-12-09,1940,16560,5T,3,5,3,4110,0,0,0,,0,006,"RT 82","MILLWOOD DR",0.00,,Y,A,-,Y,SM,4,82,-,-,17.078,I,5,N,N,2,0,1,2,A,-,10,21950,A,N,G,B,B,A,H,-,C,D,0,Y,,,,Y,,A,01,1,0,0,0,1,0,0,0,0,"- ","- ",,,"SAN MATEO",MILLBRAE,-122.40156319,37.610452930000001
7157220,2015,2016-01-19,4106,2015-10-21,0735,1272,4,3,5,6,4106,0,0,0,,0,003,"PARKVIEW AV","N PARKVIEW AV",0.00,,Y,B,-,N,,,,,,,,,,N,2,0,1,2,A,-,10,21950,A,F,G,B,B,A,H,-,A,D,0,Y,,,,Y,Y,A,01,1,0,0,0,1,0,0,0,0,"- ","- ",37.701279999999997,-122.46597,"SAN MATEO","DALY CITY",-122.4666199,37.701469950000003
7180176,2015,2016-02-16,4106,2015-11-12,1025,1253,14,4,5,6,4106,0,0,0,,0,006,"CALLAN BL","BETTY LN",221.00,N,N,A,-,N,,,,,,,,,,N,2,0,1,2,A,-,11,21954,A,N,A,B,D,A,H,-,A,D,0,Y,,,,Y,,N,60,1,0,0,0,1,0,0,0,0,"- ","- ",37.65531,-122.46983,"SAN MATEO","DALY CITY",-122.46927559,37.654801730000003
7183624,2016,2017-02-11,4100,2016-01-14,2125,18970,5R,4,5,3,4110,0,0,0,,0,062,"EL CAMINO REAL","LUDEMAN LN",0.00,,Y,C,-,Y,SM,4,82,-,-,16.913,I,5,N,N,2,0,1,2,A,-,10,21950,A,N,G,B,B,B,H,-,C,D,0,Y,,,,Y,,A,01,1,0,0,0,1,0,0,0,0,"- ","- ",,,"SAN MATEO",MILLBRAE,-122.39972021,37.608572909999999
7196670,2016,2016-03-09,4102,2016-01-15,1428,53200,5,5,5,4,4102,0,0,0,,0,002,"RALSTON AV","ALAMEDA DE LAS PULGAS",450.00,E,N,A,-,N,,,,,,,,,,N,2,0,2,2,A,-,09,21804,A,N,D,C,A,A,H,-,A,D,0,,,,,Y,,A,01,1,0,1,0,0,0,0,0,0,"- ","- ",37.512790000000003,-122.29281,"SAN MATEO",BELMONT,-122.29289366,37.512586779999999
7199606,2016,2016-08-01,4113,2016-01-31,2027,442,3,7,5,5,4113,0,0,0,,0,003,"BROADWAY ST","BEECH ST",13.00,S,N,A,-,N,,,,,,,,,,Y,1,1,0,2,A,-,10,21950,A,N,G,B,B,A,H,-,C,D,0,Y,,,,Y,,D,22,0,0,0,1,0,0,0,0,0,"- ","- ",37.486870000000003,-122.22114999999999,"SAN MATEO","REDWOOD CITY",-122.22114000000001,37.48686
7199992,2016,2017-04-11,4114,2016-12-19,1730,0035,SNB11,1,5,4,4114,0,0,0,,0,001,"WEST SAN BRUNO AV","CHERRY AV",0.00,,Y,A,-,N,,,,,,,,,,N,1,1,0,2,A,-,10,21950,A,F,G,B,B,A,H,-,C,A,0,Y,,,,Y,,A,07,0,0,0,1,0,0,0,0,0,"- ","- ",,,"SAN MATEO","SAN BRUNO",-122.42440999,37.62591991
7200059,2017,2017-05-18,4114,2017-02-18,1957,0034,SNB10,6,5,4,4114,0,0,0,,0,001,"RT 82","COMMODORE DR",127.00,S,N,A,G,Y,SM,4,82,-,-,19.090,H,-,S,Y,1,1,1,2,A,-,11,21954,A,N,G,B,D,A,H,-,C,D,0,Y,,,,Y,,N,60,0,1,0,1,0,0,0,0,0,"- ","- ",,,"SAN MATEO","SAN BRUNO",-122.42029439,37.635004840000001
7210329,2016,2016-03-25,4103,2016-02-25,0140,SH450,1,4,5,2,4103,0,0,0,,0,00U,"BAYSHORE BL","BAYSHORE BL 4199",0.00,,Y,A,-,N,,,,,,,,,,Y,2,0,1,2,A,-,01,23152,A,N,B,C,A,A,H,-,C,D,0,,,,,Y,Y,A,71,1,0,0,0,0,0,0,0,0,"- ","- ",37.687950000000001,-122.40131,"SAN MATEO",BRISBANE,-122.39191353,37.676433719999999
8030182,2016,2017-02-09,4100,2016-03-30,2025,19570,5G,3,5,3,4110,0,0,0,,0,062,"SOUTH EL CAMINO REAL","EL CAMINO REAL",48.00,W,N,A,-,Y,SM,4,82,-,-,16.224,I,5,S,N,2,0,1,2,A,-,10,21950,,N,G,B,B,A,H,-,C,D,0,Y,,,,Y,,A,07,1,0,0,0,1,0,0,0,0,"- ","- ",,,"SAN MATEO",MILLBRAE,-122.39085692,37.601506970000003
8057646,2016,2016-06-20,4113,2016-05-27,0800,426,2,5,5,5,4113,0,0,0,,0,003,"F ST","STAFFORD ST",42.00,E,N,A,-,N,,,,,,,,,,N,2,0,1,2,A,-,03,22350,,F,G,B,D,A,H,-,A,D,0,Y,,,,Y,,-,,1,0,0,0,1,0,0,0,0,"- ","- ",37.493699999999997,-122.24343,"SAN MATEO","REDWOOD CITY",-122.24331802,37.49377192
8065214,2016,2017-02-17,4100,2016-04-29,1139,18060,1F,5,5,2,4118,0,0,0,,0,003,"RT 84","MILEPOST 84 SM 15.62",56.00,W,N,A,-,Y,SM,4,84,-,-,15.610,H,-,N,N,2,0,1,1,-,-,"- ",,,N,F,A,A,A,C,-,A,D,0,,Y,,,Y,,-,"- ",1,0,0,0,0,0,1,0,0,"- ","- ",,,"SAN MATEO",WOODSIDE,-122.26235566,37.390039729999998
8069010,2016,2016-06-29,4113,2016-06-12,1905,447,3,7,5,5,4113,0,0,0,,0,003,"CHESTNUT ST","MAIN ST",0.00,,Y,A,-,N,,,,,,,,,,N,2,0,1,2,A,-,09,21801,A,N,A,C,A,A,H,-,A,A,0,,,,,Y,,D,22,1,0,0,0,0,0,0,0,0,"- ","- ",37.479289999999999,-122.22366,"SAN MATEO","REDWOOD CITY",-122.22365995,37.479299910000002
8112904,2016,2016-11-02,4113,2016-08-20,0201,443,3,6,5,5,4113,0,0,0,,0,003,BROADWAY,"WOODSIDE RD",0.00,,Y,A,-,N,,,,,,,,,,Y,2,0,2,2,A,-,01,23152,,N,D,C,A,A,H,-,C,A,0,,,,,Y,Y,-,"- ",1,0,1,0,0,0,0,0,0,"- ","- ",37.487049999999996,-122.21420999999999,"SAN MATEO","REDWOOD CITY",-122.21421999,37.487069920000003
81453636,2021,2021-04-19,4109,2021-01-16,1258,145674,29,6,5,4,4109,0,0,0,,0,029,"VALPARAISO AV","ALTSCHUL AV",240.00,W,-,A,-,N,,,,,,,,,,Y,1,1,2,1,A,-,08,22107,,N,E,I,A,A,H,-,A,D,0,,,,,Y,,A,07,1,1,0,0,0,0,0,0,0,"- ","- ",37.432270050048828,-122.20731353759766,"SAN MATEO","MENLO PARK",-122.2078857421875,37.431880950927734
81548058,2021,2021-08-18,4100,2021-08-15,0950,25274,WDS,7,5,2,4118,0,0,0,,0,030,"CANADA RD","SR-84 (WOODSIDE ROAD)",408.00,N,-,A,-,N,,,,,,,,,,N,2,0,1,1,A,-,03,22350,,N,F,A,A,A,H,-,A,D,0,,Y,,,Y,,L,04,1,0,0,0,0,0,1,0,0,"- ","- ",,,"SAN MATEO",WOODSIDE,-122.254749,37.430528000000002
81581505,2021,2021-09-28,4100,2021-09-08,0834,25242,PV,3,5,2,4112,0,0,0,,0,031,"PORTOLA RD","STONEGATE RD",528.00,S,-,A,-,N,,,,,,,,,,N,2,0,1,1,A,-,03,22350,,N,H,A,A,A,C,-,A,D,0,,Y,,,Y,,L,04,1,0,0,0,0,0,1,0,0,"- ","- ",,,"SAN MATEO","PORTOLA VALLEY",-122.22353363037109,37.377361297607422
81582785,2021,2021-09-29,4117,2021-09-21,1336,06KW06,17AR,2,5,5,4117,0,0,0,,0,003,"JUNIPERO SERRA BL","ARROYO DR",0.00,,Y,A,-,N,,,,,,,,,,Y,2,0,3,2,A,-,09,21802,A,N,D,C,A,A,H,-,A,A,0,,,,,Y,,A,01,2,0,1,0,0,0,0,0,0,"- ","- ",37.648601531982422,-122.45024871826172,"SAN MATEO","SOUTH SAN FRANCISCO",-122.45040130615234,37.648494720458984
81670401,2021,2022-01-04,4117,2021-11-12,1447,06KW06,19BC,5,5,4,4114,0,0,0,,0,002,"ST CLOUD DR","SHANNON DR",150.00,S,-,A,-,N,,,,,,,,,,Y,2,0,1,6,A,-,21,22106,,N,B,E,A,A,H,-,A,D,0,,,,,Y,,A,01,1,0,0,0,0,0,0,0,0,"- ","- ",37.637371063232422,-122.45191955566406,"SAN MATEO","SAN BRUNO",-122.45225524902344,37.637046813964844
81712203,2022,2022-03-01,4100,2022-02-12,2137,25294,SNC,6,5,4,4115,0,0,0,,0,052,"INDUSTRIAL RD","BRITTAN AV",0.00,,Y,A,-,N,,,,,,,,,,Y,2,0,1,2,A,-,12,21453,A,N,D,C,A,A,H,-,C,A,0,,,Y,,Y,,A,07,1,0,0,0,0,0,0,0,1,"- ","- ",,,"SAN MATEO","SAN CARLOS",-122.24839782714844,37.503730773925781
81717492,2022,2022-03-08,4100,2022-02-19,1110,25242,WDS,6,5,2,4118,0,0,0,,0,030,"MANUELLA AV","ALBION AV",0.00,,Y,A,-,N,,,,,,,,,,N,2,0,1,1,A,-,12,22450,A,N,F,A,A,A,B,-,A,D,0,,Y,,,Y,,L,04,1,0,0,0,0,0,1,0,0,"- ","- ",,,"SAN MATEO",WOODSIDE,-122.26470184326172,37.431648254394531
8172165,2016,2016-11-23,4100,2016-11-11,1703,19910,MLB,5,5,3,4110,0,0,0,,0,061,"MILLBRAE AV","PALM AV",7.00,E,N,A,-,N,,,,,,,,,,N,2,0,1,2,A,-,10,21950,A,N,G,B,B,A,H,-,B,A,0,Y,,,,Y,,A,01,1,0,0,0,1,0,0,0,0,"- ","- ",,,"SAN MATEO",MILLBRAE,-122.3934103,37.595101139999997
81736259,2022,2022-03-31,4117,2022-02-19,2252,18JY16,20AA,6,5,5,4117,0,0,0,,0,003,"HICKEY BL","JUNIPERO SERRA BL",0.00,,Y,A,-,N,,,,,,,,,,Y,2,0,1,1,A,-,01,23152,A,N,E,I,A,A,H,-,C,A,0,,,,,Y,Y,A,01,1,0,0,0,0,0,0,0,0,"- ","- ",37.665729522705078,-122.45925903320312,"SAN MATEO","SOUTH SAN FRANCISCO",-122.45943450927734,37.665691375732422
81759226,2022,2022-04-28,4100,2022-04-22,1520,25289,PV,5,5,2,4112,0,0,0,,0,031,"PORTOLA RD","WESTRIDGE DR",219.00,E,-,A,-,N,,,,,,,,,,N,2,0,1,1,A,-,"- ",,,N,H,A,A,A,G,-,A,D,0,,Y,,,Y,,-,"- ",1,0,0,0,0,0,1,0,0,"- ","- ",,,"SAN MATEO","PORTOLA VALLEY",-122.22426605224609,37.378482818603516
81819957,2022,2022-07-19,4100,2022-07-02,1400,25869,4100,6,5,3,4110,0,0,0,,0,062,"STATE HIGHWAY 82 HWY","CENTER ST",0.00,,Y,A,-,Y,,,,,,,,,,N,2,0,1,2,A,-,10,21950,A,F,G,B,B,A,H,-,A,A,0,Y,,,,Y,,A,01,1,0,0,0,1,0,0,0,0,"- ","- ",,,"SAN MATEO",MILLBRAE,-122.39897918701172,37.607696533203125
81838300,2022,2022-08-11,4117,2022-07-01,1729,19JS03,02AA,5,5,5,4117,0,0,0,,0,004,"395 OYSTER POINT BOULEVARD","IN PARKING LOT",0.00,,Y,A,-,N,,,,,,,,,,N,2,0,1,2,B,-,22,,,N,G,B,D,A,H,-,A,A,0,Y,,,,Y,,D,72,1,0,0,0,1,0,0,0,0,"- ","- ",37.667430877685547,-122.383056640625,"SAN MATEO","SOUTH SAN FRANCISCO",,
81869114,2022,2024-03-13,4100,2022-09-03,0720,25869,,6,5,3,4110,0,0,0,,0,061,"SR-82 (EL CAMINO REAL)","VICTORIA AV",0.00,,Y,A,-,Y,,,,,,,,,,Y,2,0,1,2,A,-,12,21453,A,F,D,C,A,A,H,-,A,A,0,,,,,Y,,A,01,1,0,0,0,0,0,0,0,0,"- ","- ",,,"SAN MATEO",MILLBRAE,-122.38967132568359,37.600460052490234
81891848,2022,2022-10-17,4109,2022-10-04,0540,14749,18,2,5,4,4109,0,0,0,,0,004,"SR84 (BAYFRONT EXPRESSWAY)","WILLOW ROAD",0.00,,Y,B,-,Y,SM,,84,,R,27.636,H,,R,Y,2,0,1,3,A,-,03,22350,,N,C,C,A,A,H,-,C,A,0,,,,,Y,,A,01,1,0,0,0,0,0,0,0,0,"- ","- ",37.481929779052734,-122.15067291259766,"SAN MATEO","MENLO PARK",-122.15067291259766,37.481967926025391
81930871,2022,2023-06-02,4100,2022-11-16,0820,25195,MLB,3,5,3,4110,0,0,0,,0,065,"PALM AVE","MILLBRAE AVE",227.00,N,-,A,-,N,,,,,,,,,,N,2,0,1,2,A,-,21,22106,,F,F,G,A,A,H,-,A,D,0,,Y,,,Y,Y,A,01,1,0,0,0,0,0,1,0,0,"- ","- ",,,"SAN MATEO",MILLBRAE,-122.39388275146484,37.595600128173828
81993214,2023,2023-02-13,4117,2023-01-25,"803 ",22ML11,21AK,3,5,5,4117,0,0,0,,0,003,SR-82,"COSTCO (DRIVEWAY)",79.00,S,-,A,-,N,,,,,,,,,,N,2,0,1,2,A,-,11,21954,A,F,G,B,D,A,H,-,A,A,0,Y,,,,Y,,N,60,1,0,0,0,1,0,0,0,0,"- ","- ",37.663459777832031,-122.447021484375,"SAN MATEO","SOUTH SAN FRANCISCO",-122.44699859619141,37.663650512695312
82029515,2023,2023-03-27,4109,2023-02-08,2107,14646,17A,3,5,4,4109,0,0,0,,0,002,"MARSH RD","NB 101 FREEWAY EXIT LIMIT LINE",119.00,W,-,A,-,Y,SM,,84," ",R,25.930,H,,R,N,1,1,0,2,A,-,00,21954,,N,G,B,E,A,H,-,C,A,0,Y,,,,Y,,N,60,0,0,0,1,0,0,0,0,0,"- ","- ",37.485069274902344,-122.17986297607422,"SAN MATEO","MENLO PARK",-122.17974853515625,37.485034942626953
82037788,2023,2023-04-05,4117,2023-03-27,1430,12JP07,01AG,1,5,5,4117,0,0,0,,0,001,"LITTLEFIELD AV","EAST GRAND AV",9.00,S,-,A,-,N,,,,,,,,,,N,2,0,1,3,A,-,03,22350,,N,D,C,A,A,H,-,A,A,0,,,Y,,Y,,C,03,1,0,0,0,0,0,0,0,1,"- ","- ",37.652679443359375,-122.39388275146484,"SAN MATEO","SOUTH SAN FRANCISCO",-122.39389801025391,37.652587890625
82074733,2023,2023-05-23,4100,2023-05-13,1548,25247,HMB,6,5,3,4107,0,0,0,,0,,SR-1,"SPINDRIFT WY",0.00,,Y,A,-,Y,,,,,,,,,,Y,2,0,1,2,A,-,06,21755,,N,D,C,A,A,H,-,A,D,0,,,Y,,Y,,C,02,1,0,0,0,0,0,0,0,1,"- ","- ",,,"SAN MATEO","HALF MOON BAY",-122.44219207763672,37.478961944580078
82075193,2023,2023-05-23,4117,2023-05-06,1259,10SM11,17AP,6,5,5,4117,0,0,0,,0,003,"CAMARITAS AV","ALTA LOMA DR",5.00,N,-,B,-,N,,,,,,,,,,N,2,0,1,2,A,-,10,21950,A,N,G,B,D,A,H,-,A,A,0,Y,,,,Y,,A,07,1,0,0,0,1,0,0,0,0,"- ","- ",37.663749694824219,-122.45226287841797,"SAN MATEO","SOUTH SAN FRANCISCO",-122.45224761962891,37.663742065429688
82110289,2023,2023-07-05,4116,2023-05-30,1625,28252,37,2,5,5,4116,0,0,0,,0,00C,"SOUTH EL CAMINO REAL","43RD AVENUE",0.00,,Y,A,-,Y,SM,,82," "," ",8.605,H,,R,Y,2,0,1,2,A,-,09,21801,A,N,D,C,A,A,H,-,A,D,0,,,Y,,Y,,A,01,1,0,0,0,0,0,0,0,1,"- ","- ",37.529830932617188,-122.28778076171875,"SAN MATEO","SAN MATEO",-122.28791046142578,37.529705047607422
82168467,2023,2023-09-12,4116,2023-08-25,1842,28314,22,5,5,5,4116,0,0,0,,0,00A,"CONCAR DR","SOUTH GRANT ST",460.00,W,-,A,-,N,,,,,,,,,,Y,2,0,1,2,A,-,10,21950,,N,G,B,C,A,H,-,B,A,0,Y,,,,Y,Y,A,07,1,0,0,0,1,0,0,0,0,"- ","- ",37.554710388183594,-122.30313110351562,"SAN MATEO","SAN MATEO",-122.30372619628906,37.555019378662109
82188159,2023,2023-10-02,0400,2023-09-16,1705,0273,9,6,5,4,4104,0,0,0,,0,00B,"CALIFORNIA DR",BROADWAY,34.00,S,-,A,-,N,,,,,,,,,,N,2,0,1,2,A,-,08,22107,,N,B,C,A,A,H,-,A,A,0,,,Y,,Y,,A,01,1,0,0,0,0,0,0,0,1,"- ","- ",37.587581634521484,-122.36348724365234,"SAN MATEO",BURLINGAME,-122.36338806152344,37.5875244140625
82197597,2023,2023-10-12,4117,2023-09-20,2200,18LO10,05AB,3,5,5,4117,0,0,0,,0,001,"SAN MATEO AV","LOWRIE AV",247.00,S,-,A,-,N,,,,,,,,,,N,2,0,3,3,A,-,05,21650,,N,A,C,A,A,H,-,C,D,0,,,,,Y,,A,01,2,1,0,0,0,0,0,0,0,"- ","- ",37.642650604248047,-122.41117858886719,"SAN MATEO","SOUTH SAN FRANCISCO",-122.41153717041016,37.641986846923828