CASE_ID,ACCIDENT_YEAR,PROC_DATE,JURIS,COLLISION_DATE,COLLISION_TIME,OFFICER_ID,REPORTING_DISTRICT,DAY_OF_WEEK,CHP_SHIFT,POPULATION,CNTY_CITY_LOC,SPECIAL_COND,BEAT_TYPE,CHP_BEAT_TYPE,CITY_DIVISION_LAPD,CHP_BEAT_CLASS,BEAT_NUMBER,PRIMARY_RD,SECONDARY_RD,DISTANCE,DIRECTION,INTERSECTION,WEATHER_1,WEATHER_2,STATE_HWY_IND,CALTRANS_COUNTY,CALTRANS_DISTRICT,STATE_ROUTE,ROUTE_SUFFIX,POSTMILE_PREFIX,POSTMILE,LOCATION_TYPE,RAMP_INTERSECTION,SIDE_OF_HWY,TOW_AWAY,COLLISION_SEVERITY,NUMBER_KILLED,NUMBER_INJURED,PARTY_COUNT,PRIMARY_COLL_FACTOR,PCF_CODE_OF_VIOL,PCF_VIOL_CATEGORY,PCF_VIOLATION,PCF_VIOL_SUBSECTION,HIT_AND_RUN,TYPE_OF_COLLISION,MVIW,PED_ACTION,ROAD_SURFACE,ROAD_COND_1,ROAD_COND_2,LIGHTING,CONTROL_DEVICE,CHP_ROAD_TYPE,PEDESTRIAN_ACCIDENT,BICYCLE_ACCIDENT,MOTORCYCLE_ACCIDENT,TRUCK_ACCIDENT,NOT_PRIVATE_PROPERTY,ALCOHOL_INVOLVED,STWD_VEHTYPE_AT_FAULT,CHP_VEHTYPE_AT_FAULT,COUNT_SEVERE_INJ,COUNT_VISIBLE_INJ,COUNT_COMPLAINT_PAIN,COUNT_PED_KILLED,COUNT_PED_INJURED,COUNT_BICYCLIST_KILLED,COUNT_BICYCLIST_INJURED,COUNT_MC_KILLED,COUNT_MC_INJURED,PRIMARY_RAMP,SECONDARY_RAMP,LATITUDE,LONGITUDE,COUNTY,CITY,POINT_X,POINT_Y
82275589,2023,2024-01-01,4114,2023-12-20,1738,1354,SNB27,3,5,4,4114,0,0,0,,0,003,"WEST SAN BRUNO AV","GLENVIEW DR",0.00,,Y,A,-,N,,,,,,,,,,N,2,0,1,2,A,-,10,21950,A,N,G,B,B,A,H,-,C,D,0,Y,,,,Y,,A,01,1,0,0,0,1,0,0,0,0,"- ","- ",,,"SAN MATEO","SAN BRUNO",-122.44104766845703,37.619037628173828
82283914,2024,2024-01-18,4114,2024-01-07,1804,1260,,7,5,4,4114,0,0,0,,0,001,"SAN BRUNO AV","6TH AV",0.00,,Y,A,-,N,,,,,,,,,,N,2,0,1,2,A,-,10,21950,A,F,G,B,B,A,H,-,C,D,0,Y,,,,Y,Y,A,01,1,0,0,0,1,0,0,0,0,"- ","- ",,,"SAN MATEO","SAN BRUNO",-122.40678405761719,37.630889892578125
82286785,2023,2024-01-15,4117,2023-12-12,1655,23RM14,,2,5,5,4117,0,0,0,,0,001,"WEST ORANGE AV","MYRTLE AV",278.00,W,-,A,-,N,,,,,,,,,,N,2,0,1,2,A,-,10,21950,A,N,G,B,C,A,H,-,B,A,0,Y,,,,Y,,A,01,1,0,0,0,1,0,0,0,0,"- ","- ",37.652530670166016,-122.42648315429688,"SAN MATEO","SOUTH SAN FRANCISCO",-122.42702484130859,37.651901245117188
82382048,2024,2024-05-06,4117,2024-04-26,2308,09SL05,,5,5,5,4117,0,0,0,,0,001,"AIRPORT BL","BADEN AV",0.00,,Y,A,-,N,,,,,,,,,,Y,2,0,1,2,A,-,01,23152,,N,D,C,A,A,H,-,C,A,0,,,Y,,Y,Y,C,02,1,0,0,0,0,0,0,0,1,"- ","- ",37.653690338134766,-122.40821075439453,"SAN MATEO","SOUTH SAN FRANCISCO",-122.40837097167969,37.653739929199219
82391011,2024,2024-05-16,4100,2024-05-03,1310,25924,,5,5,2,4112,0,0,0,,0,031,"ARASTRADERO RD","ALPINE ROAD",0.00,,Y,A,-,N,,,,,,,,,,N,2,0,1,2,A,-,03,22350,,N,H,G,A,A,H,-,A,D,0,,Y,,,Y,,L,04,1,0,0,0,0,0,1,0,0,"- ","- ",,,"SAN MATEO","PORTOLA VALLEY",-122.19358062744141,37.382968902587891
82416351,2024,2024-06-17,4109,2024-06-10,1519,145674,,1,5,4,4109,0,0,0,,0,001,"SAN MATEO DR","BAY LAUREL DR",0.00,,Y,A,-,N,,,,,,,,,,N,2,0,1,2,A,-,05,21650,,N,H,G,A,A,H,-,A,A,0,,Y,,,Y,,L,04,1,0,0,0,0,0,1,0,0,"- ","- ",37.440849304199219,-122.18221282958984,"SAN MATEO","MENLO PARK",-122.18228149414062,37.440891265869141
8299498,2016,2017-04-17,4106,2016-12-23,0407,2035,,5,5,6,4106,0,0,0,,0,003,"MISSION ST","BETA AV",0.00,,Y,C,-,N,,,,,,,,,,N,2,0,1,2,A,-,11,21954,A,F,G,B,E,B,H,-,C,D,0,Y,,,,Y,,N,60,1,0,0,0,1,0,0,0,0,"- ","- ",,,"SAN MATEO","DALY CITY",-122.46359987,37.700909959999997
8301563,2017,2017-02-10,4127,2017-01-15,0122,2228,4127,7,5,4,4127,0,0,0,,0,003,"GREEN ST","CAMPHOR WY",44.00,N,N,A,-,N,,,,,,,,,,Y,2,0,2,3,A,-,01,23153,B,N,A,E,A,A,H,-,C,A,0,,,,,Y,Y,A,01,1,1,0,0,0,0,0,0,0,"- ","- ",,,"SAN MATEO","EAST PALO ALTO",-122.13834,37.464190000000002
8342658,2016,2017-04-12,4106,2016-12-18,1842,1262,,7,5,6,4106,0,0,0,,0,003,"MISSION ST","VALE ST",43.00,S,N,A,-,N,,,,,,,,,,N,2,0,1,2,A,-,11,21955,,N,G,B,D,A,H,-,C,D,0,Y,,,,Y,,N,60,1,0,0,0,1,0,0,0,0,"- ","- ",,,"SAN MATEO","DALY CITY",-122.46550304,37.69148483
83686191,2024,2024-08-05,4100,2024-07-11,"20  ",25079,,4,5,3,4110,0,0,0,,0,062,"PARK BL","MAGNOLIA AV",0.00,,Y,A,-,N,,,,,,,,,,Y,2,0,1,1,A,-,01,23152,A,N,H,A,A,A,H,-,C,D,0,,,Y,,Y,Y,C,02,1,0,0,0,0,0,0,0,1,"- ","- ",,,"SAN MATEO",MILLBRAE,-122.40589141845703,37.612224578857422
8370284,2017,2017-05-22,4127,2017-05-03,1547,2234,4127,3,5,4,4127,0,0,0,,0,003,"COOLEY AV","RUNNYMEDE ST",49.00,W,N,A,-,N,,,,,,,,,,N,2,0,2,3,A,-,10,21950,A,F,G,B,C,A,H,-,A,A,0,Y,,,,Y,,D,72,2,0,0,0,2,0,0,0,0,"- ","- ",,,"SAN MATEO","EAST PALO ALTO",-122.13941,37.468470000000003
83768605,2024,2024-08-07,4117,2024-07-28,"36  ",19JS03,,7,5,5,4117,0,0,0,,0,002,"JUNIPERO SERRA BL","AVALON DR",1818.00,N,-,-,-,N,,,,,,,,,,Y,2,0,1,1,A,-,01,23152,A,N,E,J,A,A,H,-,C,D,0,,,,,Y,Y,A,01,1,0,0,0,0,0,0,0,0,"- ","- ",37.640010833740234,-122.44143676757812,"SAN MATEO","SOUTH SAN FRANCISCO",-122.44577026367188,37.643638610839844
8386723,2017,2018-03-22,4104,2017-05-30,1350,0241,22,2,5,4,4104,0,0,0,,0,00C,"AIRPORT BL","LANG RD",0.00,,Y,B,-,N,,,,,,,,,,Y,2,0,1,1,A,-,03,22350,,N,E,I,A,A,H,-,A,D,0,,,,,Y,,A,01,1,0,0,0,0,0,0,0,0,"- ","- ",37.587139999999998,-122.33479,"SAN MATEO",BURLINGAME,-122.33475996999999,37.587139909999998
8404348,2017,2018-04-25,4106,2017-02-21,1335,1253,09,2,5,6,4106,0,0,0,,0,004,"MAYWOOD AV","SOUTHGATE AV",312.00,E,N,A,-,N,,,,,,,,,,N,1,1,0,2,A,-,11,21954,A,N,G,B,D,A,H,-,A,D,0,Y,,,,Y,,N,60,0,0,0,1,0,0,0,0,0,"- ","- ",,,"SAN MATEO","DALY CITY",-122.48600226000001,37.68378577
8404448,2017,2017-08-30,4117,2017-07-21,2200,14SM04,01AJ,5,5,5,4117,0,0,0,,0,001,"UTAH AV","WATTIS WY",190.00,W,N,A,-,N,,,,,,,,,,Y,1,1,0,3,A,-,11,21954,A,N,G,B,D,A,H,-,C,D,0,Y,,,,Y,,N,60,0,0,0,1,0,0,0,0,0,"- ","- ",37.645209999999999,-122.40477,"SAN MATEO","SOUTH SAN FRANCISCO",-122.40302719,37.645712209999999
8415744,2017,2017-07-25,4114,2017-05-31,1726,0982,SNB2,3,5,4,4114,0,0,0,,0,001,"PINE ST","2ND AV",0.00,,Y,A,-,N,,,,,,,,,,Y,2,0,2,2,A,-,06,21750,A,N,D,C,A,A,H,-,A,D,0,,,Y,,Y,,C,02,1,1,0,0,0,0,0,0,1,"- ","- ",,,"SAN MATEO","SAN BRUNO",-122.40922987,37.62827995
8416078,2017,2017-08-01,4104,2017-07-15,1542,0197,20,6,5,4,4104,0,0,0,,0,00C,"ROLLINS RD","DAVID RD",0.00,,Y,A,-,N,,,,,,,,,,Y,2,0,1,2,A,-,03,22350,,N,C,C,A,A,H,-,A,D,0,,,Y,,Y,,D,22,1,0,0,0,0,0,0,0,1,"- ","- ",37.593359999999997,-122.37111,"SAN MATEO",BURLINGAME,-122.37109996,37.593359909999997
8420323,2017,2017-08-08,4116,2017-03-31,2000,28104,25,5,5,5,4116,0,0,0,,0,00A,"EDINBURGH ST","HOBART AV",50.00,S,N,A,-,N,,,,,,,,,,N,2,0,1,2,A,-,08,22107,,F,G,B,E,A,H,-,D,A,0,Y,,,,Y,,-,,1,0,0,0,1,0,0,0,0,"- ","- ",37.552500000000002,-122.32277000000001,"SAN MATEO","SAN MATEO",-122.32286206000001,37.552569750000004
8439465,2017,2017-09-05,4117,2017-08-15,2018,15JS21,08AH,2,5,5,4117,0,0,0,,0,001,"SPRUCE AV","BADEN AV",0.00,,Y,A,-,N,,,,,,,,,,N,2,0,1,2,A,-,09,21801,A,N,A,C,A,A,H,-,C,A,0,,,Y,,Y,,A,01,1,0,0,0,0,0,0,0,1,"- ","- ",37.655769999999997,-122.41628,"SAN MATEO","SOUTH SAN FRANCISCO",-122.41634995,37.65548991
84410870,2024,2024-09-27,4100,2024-09-02,"936 ",25924,,1,5,2,4118,0,0,0,,0,030,"PORTOLA RD","SANDHILL ROAD",220.00,N,-,A,-,N,,,,,,,,,,N,2,0,1,1,A,-,03,22350,,N,H,H,A,A,H,-,A,D,0,,Y,,,Y,,L,04,1,0,0,0,0,0,1,0,0,"- ","- ",,,"SAN MATEO",WOODSIDE,-122.24569702148438,37.402736663818359
84428751,2024,2024-10-14,4117,2024-09-27,1853,22JN03,,5,5,5,4117,0,0,0,,0,004,"OLIVE AV","ASPEN AV",0.00,,Y,A,-,N,,,,,,,,,,N,2,0,1,2,A,-,12,22450,A,N,D,C,A,A,H,-,A,D,0,,,,,Y,,M,91,1,0,0,0,0,0,0,0,0,"- ","- ",37.660228729248047,-122.40966033935547,"SAN MATEO","SOUTH SAN FRANCISCO",-122.40971374511719,37.660228729248047
84577308,2025,2025-02-12,4114,2025-01-17,1755,1349,,5,5,4,4114,0,0,0,,0,001,"SAN BRUNO AV","2ND AV",0.00,,Y,A,-,N,,,,,,,,,,N,2,0,1,2,A,-,10,21950,,N,G,B,B,A,H,-,C,D,0,Y,,,,Y,,A,01,1,0,0,0,1,0,0,0,0,"- ","- ",,,"SAN MATEO","SAN BRUNO",-122.41036987304688,37.630855560302734
84589451,2025,2025-02-25,4114,2025-01-30,1530,0825,,4,5,4,4114,0,0,0,,0,002,"NILES AV","CHESTNUT AVE",137.00,E,-,A,-,N,,,,,,,,,,Y,2,0,1,2,A,-,21,22106,,N,G,B,E,A,H,-,A,D,0,Y,,,Y,Y,,F,27,1,0,0,0,1,0,0,0,0,"- ","- ",,,"SAN MATEO","SAN BRUNO",-122.41731262207031,37.617687225341797
84664635,2025,2025-04-25,0400,2025-04-13,1955,0284,,7,5,4,4104,0,0,0,,0,00B,"SR-82 (EL CAMINO REAL)",BROADWAY,5.00,S,-,A,-,Y,SM,,82," "," ",14.421,H,,R,N,2,0,1,2,A,-,11,21954,A,N,G,B,D,A,H,-,B,A,0,Y,,,,Y,Y,N,60,1,0,0,0,1,0,0,0,0,"- ","- ",37.584228515625,-122.36628723144531,"SAN MATEO",BURLINGAME,-122.36630249023438,37.584213256835938
84687270,2025,2025-05-14,4117,2025-04-22,2105,07JL03,,2,5,5,4117,0,0,0,,0,002,"SOUTH SPRUCE AV","HUNTNGTON AV",152.00,S,-,A,-,N,,,,,,,,,,N,2,0,1,1,A,-,03,22350,,N,H,A,A,A,D,-,C,D,0,,,,,Y,,M,94,1,0,0,0,0,0,0,0,0,"- ","- ",37.64495849609375,-122.42259979248047,"SAN MATEO","SOUTH SAN FRANCISCO",-122.4229736328125,37.644641876220703
84716513,2025,2025-06-06,4100,2025-05-14,1049,26039,,3,5,2,4118,0,0,0,,0,030,"PORTOLA RD","N FAMILY FARM RD",319.00,W,-,A,-,N,,,,,,,,,,N,2,0,1,2,A,-,03,22350,,N,C,E,A,A,H,-,A,D,0,,Y,,,Y,,L,04,1,0,0,0,0,0,1,0,0,"- ","- ",,,"SAN MATEO",WOODSIDE,-122.24146270751953,37.391735076904297
8475288,2017,2018-07-06,4101,2017-10-06,1820,95AK01,,5,5,2,4101,0,0,0,,0,002,"RT 82","ALEJANDRA AV",240.00,N,N,A,-,Y,SM,4,82,-,-,1.450,H,-,S,Y,2,0,1,2,A,-,01,23152,A,N,C,C,A,A,H,-,B,D,0,,,Y,,Y,Y,C,03,1,0,0,0,0,0,0,0,1,"- ","- ",37.458370000000002,-122.1927,"SAN MATEO",ATHERTON,-122.19350618999999,37.458798059999999
8503820,2017,2018-06-22,4106,2017-09-27,1535,2063,,3,5,6,4106,0,0,0,,0,004,"SKYLINE BL","WESTMOOR AV",0.00,,Y,A,-,Y,SM,4,35,-,-,29.700,I,5,S,N,2,0,1,2,A,-,12,21453,A,F,D,G,A,A,H,-,A,A,0,,Y,,,Y,,A,01,1,0,0,0,0,0,1,0,0,"- ","- ",,,"SAN MATEO","DALY CITY",-122.48935886,37.683371129999998
8512312,2017,2017-12-29,4117,2017-11-12,1702,17JN07,11AF,7,5,5,4117,0,0,0,,0,004,"SISTER CITIES BL","S SAN FRANCISCO",1196.00,W,N,A,-,N,,,,,,,,,,Y,2,0,1,2,A,-,08,22107,,N,B,C,A,A,H,-,A,D,0,,,,,Y,,A,01,1,0,0,0,0,0,0,0,0,"- ","- ",37.668289999999999,-122.41446000000001,"SAN MATEO","SOUTH SAN FRANCISCO",-122.40915317,37.666859219999999
8525394,2017,2018-01-10,4114,2017-11-23,1532,0041,SNB10,4,5,4,4114,0,0,0,,0,001,"SNEATH LN","CHERRY AV",256.00,W,N,B,-,N,,,,,,,,,,N,2,0,1,1,A,-,08,22107,,N,F,A,A,A,H,-,A,D,0,,Y,,,Y,,L,04,1,0,0,0,0,0,1,0,0,"- ","- ",,,"SAN MATEO","SAN BRUNO",-122.42968245,37.63303372
8574342,2017,2018-03-21,4105,2017-11-15,1015,1253,,3,5,1,4105,0,0,0,,0,00O,"COLMA BL","JUNIPER SERRA BL",84.00,E,N,B,-,N,,,,,,,,,,N,2,0,1,1,B,-,22,,,N,E,J,A,B,H,-,A,D,0,,,,,Y,,J,49,1,0,0,0,0,0,0,0,0,"- ","- ",,,"SAN MATEO",COLMA,-122.469247,37.67695621
8584090,2018,2018-04-25,4116,2018-03-19,2343,27805,23,1,5,5,4116,0,0,0,,0,00A,"PALM AV","HAYWARD AV",1.00,W,N,A,-,N,,,,,,,,,,Y,2,0,1,4,A,-,01,23152,A,N,F,E,A,A,H,-,D,D,0,,,,,Y,,A,01,1,0,0,0,0,0,0,0,0,"- ","- ",37.559329986572266,-122.31915283203125,"SAN MATEO","SAN MATEO",-122.31912231445312,37.559303283691406
8585352,2018,2018-04-10,4114,2018-02-22,2048,0825,SNB4,4,5,4,4114,0,0,0,,0,001,"SNEATH LN","SEABISCUIT AV",0.00,,Y,A,-,N,,,,,,,,,,Y,2,0,1,2,A,-,12,21453,A,N,D,C,A,A,H,-,C,A,0,,,,,Y,,A,01,1,0,0,0,0,0,0,0,0,"- ","- ",,,"SAN MATEO","SAN BRUNO",-122.41998291015625,37.637870788574219
8586443,2018,2018-04-19,4117,2018-03-24,0035,90DO02,27AO,6,5,5,4117,0,0,0,,0,002,"WESTBOROUGH BL","GALWAY DR",693.00,W,N,B,-,N,,,,,,,,,,Y,2,0,2,2,A,-,01,23153,A,F,A,C,A,B,H,-,C,D,0,,,,,Y,Y,A,07,1,1,0,0,0,0,0,0,0,"- ","- ",37.642650604248047,-122.45413970947266,"SAN MATEO","SOUTH SAN FRANCISCO",-122.45957946777344,37.643402099609375
8620948,2018,2018-06-08,4114,2018-05-07,1208,0828,SNB16,1,5,4,4114,0,0,0,,0,001,"CHERRY AV","COMMODORE DR",151.00,S,N,A,-,N,,,,,,,,,,Y,2,0,1,3,A,-,08,22107,,N,C,E,A,A,H,-,A,D,0,,,,,Y,Y,A,07,1,0,0,0,0,0,0,0,0,"- ","- ",,,"SAN MATEO","SAN BRUNO",-122.42700958251953,37.630558013916016
8625241,2018,2018-05-30,4117,2018-05-02,1804,15JS21,19AX,3,5,5,4117,0,0,0,,0,003,"JUNIPERO SERRA BL","KING DR",987.00,S,N,A,-,N,,,,,,,,,,N,2,0,2,2,A,-,03,22350,,N,C,C,A,A,H,-,A,D,0,,,,,Y,,A,01,1,1,0,0,0,0,0,0,0,"- ","- ",37.649620056152344,-122.44846343994141,"SAN MATEO","SOUTH SAN FRANCISCO",-122.45197296142578,37.652042388916016
8652639,2018,2018-08-28,4116,2018-06-17,0958,28071,37,7,5,5,4116,0,0,0,,0,00C,"SOUTH EL CAMINO REAL","42ND AV",0.00,,Y,B,-,Y,SM,4,82,-,-,8.700,H,-,S,N,2,0,1,2,A,-,03,22350,A,N,C,C,A,A,H,-,A,A,0,,,,,Y,,A,01,1,0,0,0,0,0,0,0,0,"- ","- ",37.530429840087891,-122.28922271728516,"SAN MATEO","SAN MATEO",-122.28922271728516,37.530479431152344
8660484,2018,2018-08-28,4114,2018-06-22,0720,0027,SNB33,5,5,4,4114,0,0,0,,0,003,"SKYLINE BL","COLLEGE DR",1056.00,N,N,A,-,Y,SM,4,84,-,-,25.730,H,-,S,N,2,0,1,1,A,-,03,22350,,N,E,J,A,A,G,-,B,D,0,,Y,,,Y,,L,04,1,0,0,0,0,0,1,0,0,"- ","- ",,,"SAN MATEO","SAN BRUNO",-122.18057250976562,37.483444213867188
8685708,2018,2018-09-04,4104,2018-07-22,1615,0221,1,7,5,4,4104,0,0,0,,0,00A,"CALIFORNIA DR","HOWARD AV",0.00,,Y,A,-,N,,,,,,,,,,N,2,0,2,2,A,-,09,21801,A,N,A,C,A,A,H,-,A,A,0,,,,,Y,,A,01,1,1,0,0,0,0,0,0,0,"- ","- ",37.578800201416016,-122.34346771240234,"SAN MATEO",BURLINGAME,-122.34346008300781,37.578800201416016
8690421,2018,2018-09-05,4114,2018-07-07,1835,0982,SNB4,6,5,4,4114,0,0,0,,0,001,"SNEATH LN","SEABISCUIT WY",0.00,,Y,A,-,N,,,,,,,,,,N,2,0,1,2,A,-,10,21950,A,N,G,B,B,A,H,-,A,A,0,Y,,,,Y,,A,01,1,0,0,0,1,0,0,0,0,"- ","- ",,,"SAN MATEO","SAN BRUNO",-122.41998291015625,37.637870788574219
8712663,2018,2018-10-29,4116,2018-10-02,0132,38252,12,2,5,5,4116,0,0,0,,0,00A,"MONTE DIABLO AV","CLAREMONT ST",4.00,W,N,B,-,N,,,,,,,,,,Y,2,0,1,4,A,-,01,23152,F,N,B,E,A,A,H,-,C,D,0,,,,,Y,Y,A,01,1,0,0,0,0,0,0,0,0,"- ","- ",37.57196044921875,-122.32666778564453,"SAN MATEO","SAN MATEO",-122.32672882080078,37.571632385253906
8716958,2018,2018-10-24,4116,2018-09-22,1855,28307,31,6,5,5,4116,0,0,0,,0,00C,"SOUTH DELAWARE ST","28TH AV",186.00,S,N,A,-,N,,,,,,,,,,N,2,0,1,2,A,-,17,21200,A,N,B,G,A,A,H,-,B,D,0,,Y,,,Y,,L,04,1,0,0,0,0,0,1,0,0,"- ","- ",37.543041229248047,-122.30034637451172,"SAN MATEO","SAN MATEO",-122.29999542236328,37.542625427246094
8718453,2018,2018-10-15,4100,2018-09-26,1327,25189,16,3,5,4,4115,0,0,0,,0,005,"EL CAMINO REAL","ARROYO AV",35.00,N,N,A,-,Y,,,,,,,,,,N,2,0,1,2,A,-,11,21954,A,N,G,B,D,A,H,-,A,A,0,Y,,,,Y,,N,60,1,0,0,0,1,0,0,0,0,"- ","- ",,,"SAN MATEO","SAN CARLOS",-122.25552368164062,37.503208160400391
8723699,2018,2018-11-13,4104,2018-10-26,1612,0251,17,5,5,4,4104,0,0,0,,0,00B,"RIVERA DR","SKYLINE BL",18.00,E,N,A,-,N,,,,,,,,,,Y,2,0,2,2,A,-,08,22107,,N,D,C,A,A,H,-,A,A,0,,,,,Y,,A,07,1,1,0,0,0,0,0,0,0,"- ","- ",37.577049255371094,-122.39903259277344,"SAN MATEO",BURLINGAME,-122.39899444580078,37.577064514160156
8746525,2018,2019-01-17,4116,2018-10-13,1817,25128,25,6,5,5,4116,0,0,0,,0,00A,"MACARTHUR AV","ALAMEDA DE LAS PULGAS",0.00,,Y,A,-,N,,,,,,,,,,Y,2,0,1,2,C,-,18,,,N,A,I,A,A,H,-,A,D,0,,,,,Y,,-,"- ",1,0,0,0,0,0,0,0,0,"- ","- ",37.54962158203125,-122.32523345947266,"SAN MATEO","SAN MATEO",-122.32549285888672,37.549388885498047
8761525,2018,2019-01-16,4103,2018-12-27,1442,MA460,1,4,5,2,4103,0,0,0,,0,00U,"SAN BRUNO AV","MENDOCINO ST",0.00,,Y,A,-,N,,,,,,,,,,N,2,0,1,2,A,-,11,21954,A,N,G,B,E,A,H,-,A,A,0,Y,,,,Y,,N,60,1,0,0,0,1,0,0,0,0,"- ","- ",37.682659149169922,-122.40052032470703,"SAN MATEO",BRISBANE,-122.40052795410156,37.682659149169922
8805063,2019,2019-04-30,4113,2019-01-31,1829,459,3,4,5,5,4113,0,0,0,,0,003,BROADWAY,"BROADWAY 1735",0.00,,-,A,-,N,,,,,,,,,,N,2,0,2,2,D,-,00,,,F,H,G,A,A,H,-,A,D,0,,Y,,,Y,,-,"- ",1,0,1,0,0,0,1,0,0,"- ","- ",37.486579895019531,-122.22206878662109,"SAN MATEO","REDWOOD CITY",-122.222025,37.486773999999997
8822451,2019,2019-05-07,4100,2019-02-01,1044,25255,1P,5,5,2,4118,0,0,0,,0,003,"WOODSIDE RD","ALBION WY",212.00,E,N,B,-,Y,SM,4,84,-,-,20.380,H,-,N,Y,2,0,1,4,A,-,08,22107,,N,B,C,A,B,H,-,A,A,0,,,,,Y,,A,07,1,0,0,0,0,0,0,0,0,"- ","- ",,,"SAN MATEO",WOODSIDE,-122.25883483886719,37.428268432617188
8843032,2019,2019-04-29,4106,2019-01-12,1943,1180,,6,5,6,4106,0,0,0,,0,002,"MISSION ST","EVERGREEN AV",15.00,N,N,A,-,N,,,,,,,,,,N,2,0,2,3,A,-,10,21950,A,N,G,B,B,A,H,-,C,A,0,Y,,,,Y,,A,01,2,0,0,0,2,0,0,0,0,"- ","- ",,,"SAN MATEO","DALY CITY",-122.45668029785156,37.707435607910156
8845121,2019,2019-08-20,4106,2019-02-21,1842,2066,,4,5,6,4106,0,0,0,,0,003,"MISSION ST","HILLSIDE BL",0.00,,Y,A,-,N,,,,,,,,,,N,2,0,1,2,A,-,10,21950,,F,G,B,B,A,H,-,C,A,0,Y,,,,Y,,D,22,1,0,0,0,1,0,0,0,0,"- ","- ",,,"SAN MATEO","DALY CITY",-122.46227264404297,37.704910278320312
8857695,2019,2019-05-17,4109,2019-03-12,1751,145957,,2,5,4,4109,0,0,0,,0,004,"IVY DR","WILLOW ALY",11.00,N,N,G,-,N,,,,,,,,,,N,2,0,2,2,A,-,01,21200,5,N,H,G,A,A,H,-,A,D,0,,Y,,,Y,Y,L,04,1,1,0,0,0,0,2,0,0,"- ","- ",37.476051330566406,-122.15287017822266,"SAN MATEO","MENLO PARK",-122.15364837646484,37.476009368896484
8866072,2019,2019-06-06,4113,2019-05-20,1633,351,7,1,5,5,4113,0,0,0,,0,007,"HOPKINS AV","JETER ST",0.00,,Y,A,-,N,,,,,,,,,,Y,2,0,1,2,A,-,09,21802,A,N,D,C,A,A,H,-,A,A,0,,,Y,,Y,,A,01,1,0,0,0,0,0,0,0,1,"- ","- ",37.482620239257812,-122.24591064453125,"SAN MATEO","REDWOOD CITY",-122.24591064453125,37.482601165771484
8894048,2019,2019-07-12,4114,2019-05-23,0704,1163,SNB1,4,5,4,4114,0,0,0,,0,001,"SCOTT ST","HERMAN ST",200.00,W,N,B,-,N,,,,,,,,,,N,2,0,1,2,A,-,21,22106,,N,G,B,F,A,H,-,A,D,0,Y,,,,Y,,A,07,1,0,0,0,1,0,0,0,0,"- ","- ",,,"SAN MATEO","SAN BRUNO",-122.41394805908203,37.637069702148438
8911321,2019,2020-07-14,4113,2019-12-12,0857,16580,RWC,4,5,5,4113,0,0,0,,0,NORTH,"EL CAMINO REAL","JAMES AV",0.00,,N,A,-,N,,,,,,,,,,Y,1,1,0,2,A,-,10,21950,A,N,G,B,B,A,H,-,A,A,0,Y,,,,Y,,I,20,0,0,0,1,0,0,0,0,0,"- ","- ",,,"SAN MATEO","REDWOOD CITY",-122.23301696777344,37.484489440917969
8913327,2019,2019-09-03,4117,2019-07-23,0915,05RR05,25AD,2,5,5,4117,0,0,0,,0,001,"RT 82","COUNTRY CLUB DR",0.00,,Y,A,-,Y,,,82,,,,,,,N,2,0,1,2,A,-,10,21950,A,N,G,B,B,A,H,-,A,A,0,Y,,,,Y,,A,01,1,0,0,0,1,0,0,0,0,"- ","- ",37.6551513671875,-122.43448638916016,"SAN MATEO","SOUTH SAN FRANCISCO",-122.4344482421875,37.655200958251953
8917571,2019,2019-08-15,4111,2019-06-11,1317,P5071,P08,2,5,4,4111,0,0,0,,0,0P2,"BRIGHTON RD","LUNETTA AV",0.00,,Y,A,-,N,,,,,,,,,,N,2,0,1,2,A,-,12,22450,,N,H,G,A,A,H,-,A,A,0,,Y,,,Y,,L,04,1,0,0,0,0,0,1,0,0,"- ","- ",37.630668640136719,-122.48806762695312,"SAN MATEO",PACIFICA,-122.48773956298828,37.630580902099609
8923659,2019,2019-08-26,4106,2019-06-26,1542,1180,,3,5,6,4106,0,0,0,,0,001,"CROCKER AV","HILL BL",292.00,W,N,A,-,N,,,,,,,,,,Y,2,0,2,2,A,-,08,22107,,N,G,B,E,A,H,-,A,D,0,Y,,,,Y,,A,01,1,0,1,0,1,0,0,0,0,"- ","- ",,,"SAN MATEO","DALY CITY",-122.44319152832031,37.701629638671875
8934732,2019,2020-01-29,4111,2019-08-01,2104,P5145,P16,4,5,4,4111,0,0,0,,0,0P3,"RT 1","SAN PEDRO AV",65.00,N,N,A,-,Y,SM,4,1,-,-,40.959,I,5,N,Y,2,0,2,2,C,-,18,,,N,D,C,A,B,H,-,C,A,0,,,,,Y,,-,"- ",1,1,0,0,0,0,0,0,0,"- ","- ",,,"SAN MATEO",PACIFICA,-122.50373077392578,37.595981597900391
8953645,2019,2019-10-11,4116,2019-09-14,1328,28071,34,6,5,5,4116,0,0,0,,0,00C,"E SAILOR DR","31ST AV",320.00,S,N,A,-,N,,,,,,,,,,N,2,0,1,2,A,-,05,21460,A,N,G,B,B,A,H,-,A,D,0,Y,,,,Y,,A,01,1,0,0,0,1,0,0,0,0,"- ","- ",37.538459777832031,-122.30201721191406,"SAN MATEO","SAN MATEO",-122.29997253417969,37.538005828857422