CASE_ID,ACCIDENT_YEAR,PROC_DATE,JURIS,COLLISION_DATE,COLLISION_TIME,OFFICER_ID,REPORTING_DISTRICT,DAY_OF_WEEK,CHP_SHIFT,POPULATION,CNTY_CITY_LOC,SPECIAL_COND,BEAT_TYPE,CHP_BEAT_TYPE,CITY_DIVISION_LAPD,CHP_BEAT_CLASS,BEAT_NUMBER,PRIMARY_RD,SECONDARY_RD,DISTANCE,DIRECTION,INTERSECTION,WEATHER_1,WEATHER_2,STATE_HWY_IND,CALTRANS_COUNTY,CALTRANS_DISTRICT,STATE_ROUTE,ROUTE_SUFFIX,POSTMILE_PREFIX,POSTMILE,LOCATION_TYPE,RAMP_INTERSECTION,SIDE_OF_HWY,TOW_AWAY,COLLISION_SEVERITY,NUMBER_KILLED,NUMBER_INJURED,PARTY_COUNT,PRIMARY_COLL_FACTOR,PCF_CODE_OF_VIOL,PCF_VIOL_CATEGORY,PCF_VIOLATION,PCF_VIOL_SUBSECTION,HIT_AND_RUN,TYPE_OF_COLLISION,MVIW,PED_ACTION,ROAD_SURFACE,ROAD_COND_1,ROAD_COND_2,LIGHTING,CONTROL_DEVICE,CHP_ROAD_TYPE,PEDESTRIAN_ACCIDENT,BICYCLE_ACCIDENT,MOTORCYCLE_ACCIDENT,TRUCK_ACCIDENT,NOT_PRIVATE_PROPERTY,ALCOHOL_INVOLVED,STWD_VEHTYPE_AT_FAULT,CHP_VEHTYPE_AT_FAULT,COUNT_SEVERE_INJ,COUNT_VISIBLE_INJ,COUNT_COMPLAINT_PAIN,COUNT_PED_KILLED,COUNT_PED_INJURED,COUNT_BICYCLIST_KILLED,COUNT_BICYCLIST_INJURED,COUNT_MC_KILLED,COUNT_MC_INJURED,PRIMARY_RAMP,SECONDARY_RAMP,LATITUDE,LONGITUDE,COUNTY,CITY,POINT_X,POINT_Y
8965563,2019,2019-10-29,4106,2019-06-01,1919,2122,,6,5,6,4106,0,0,0,,0,001,"GENEVA AV","PUEBLO ST",18.00,E,N,A,-,N,,,,,,,,,,Y,2,0,2,2,A,-,05,21752,,F,D,C,A,A,H,-,A,D,0,,,,,Y,,A,01,1,1,0,0,0,0,0,0,0,"- ","- ",,,"SAN MATEO","DALY CITY",-122.41747283935547,37.707584381103516
8969607,2019,2019-11-19,4106,2019-10-09,1818,2157,13A,3,5,6,4106,0,0,0,,0,006,"SERRAMONTE BL","GELLERT BL",125.00,W,N,A,-,N,,,,,,,,,,Y,2,0,2,4,A,-,01,23153,A,N,C,C,A,A,H,-,A,D,0,,,,,Y,Y,A,01,1,1,0,0,0,0,0,0,0,"- ","- ",,,"SAN MATEO","DALY CITY",-122.46939849853516,37.669059753417969
90007810,2015,2015-10-19,9330,2015-07-23,1542,019960,,4,2,9,4100,0,1,3,,1,021,"SR-84 (LA HONDA RD.)","SR-35 (UPPER SKYLINE BLVD.)",2640.00,W,N,A,-,Y,,,,,,,,,,Y,2,0,1,1,A,-,03,22350,,N,F,A,A,A,H,-,A,D,0,,,Y,,Y,,C,02,1,0,0,0,0,0,0,0,1,"- ","- ",,,"SAN MATEO",UNINCORPORATED,,
90016365,2015,2015-10-19,9330,2015-08-29,0805,019764,,6,1,9,4100,0,1,3,,1,011,"SR-92(HALF MOON BAY RD)",SR-35,5280.00,E,N,B,C,Y,,,92,,,,,,,N,2,0,1,1,A,-,03,22350,,N,E,I,A,B,H,-,A,D,0,,Y,,,Y,,L,04,1,0,0,0,0,0,1,0,0,"- ","- ",37.499920000000003,-122.35714,"SAN MATEO",UNINCORPORATED,-122.35715723,37.500017990000003
90016829,2015,2015-10-19,9330,2015-06-26,2204,020651,,5,3,9,4100,0,1,1,,2,054,"I-280 NORTHBOUND","SAND HILL RD",3168.00,N,N,A,-,Y,,,,,,,,,,Y,1,1,0,2,A,-,03,22350,,N,C,C,A,A,H,-,D,D,0,,,,,Y,,A,01,0,0,0,0,0,0,0,0,0,"- ","- ",37.428730000000002,-122.23434,"SAN MATEO",UNINCORPORATED,-122.22850781,37.424165180000003
90018273,2015,2015-10-19,9330,2015-09-15,2250,020324,,2,3,9,4100,0,1,1,,2,054,"I-280 S/B","SAND HILL RD.",450.00,N,N,B,-,Y,,,280,,,,,,S,Y,2,0,1,2,A,-,01,23152,A,N,B,C,A,A,H,-,D,D,0,,,,,Y,Y,A,07,1,0,0,0,0,0,0,0,0,"- ","- ",37.421480000000003,-122.22490000000001,"SAN MATEO",UNINCORPORATED,-122.22497203,37.42137907
90027553,2015,2015-10-19,9330,2015-09-19,1025,020337,,6,1,9,4100,0,1,3,,1,021,SR-84,"BEAR GULCH ROAD",4224.00,W,N,A,-,Y,,,,,,,,,,N,2,0,1,1,A,-,08,22107,,N,F,J,A,A,H,-,A,D,0,,Y,,,Y,,L,04,1,0,0,0,0,0,1,0,0,"- ","- ",37.197659999999999,-122.21969,"SAN MATEO",UNINCORPORATED,,
90038261,2015,2015-10-26,9330,2015-09-24,1655,020397,,4,2,5,4113,0,1,2,,2,048,"US-101 N/B","WHIPPLE AVE",1000.00,N,N,A,-,Y,,,,,,,,,,Y,2,0,1,2,A,-,03,22350,,N,C,C,A,A,H,-,A,D,0,,,Y,,Y,,C,02,1,0,0,0,0,0,0,0,1,"- ","- ",37.654980000000002,-122.65499,"SAN MATEO","REDWOOD CITY",-122.23625964999999,37.497405690000001
90044078,2015,2015-11-04,9330,2015-10-17,2300,020735,,6,3,4,4104,0,1,2,,2,038,"N/B US-101",BROADWAY,100.00,S,N,A,-,Y,,,101,,,,,,,Y,2,0,1,4,A,-,03,22350,,N,C,C,A,A,H,-,C,D,0,,,Y,,Y,,C,02,1,0,0,0,0,0,0,0,1,"- ","- ",37.5899,-122.3609,"SAN MATEO",BURLINGAME,-122.36086358999999,37.589959989999997
90067283,2015,2015-12-08,9335,2015-11-16,2236,020666,,1,3,5,4117,0,1,2,,2,012,"US-101 N/B TO SO. AIRPORT BLVD","WONDERCOLOR LN",131.00,S,N,A,-,Y,,,101,,,,R,,N,Y,2,0,1,2,A,-,01,23152,E,M,C,C,A,A,H,-,C,A,0,,,,,Y,,A,01,1,0,0,0,0,0,0,0,0,"- ","- ",37.646610000000003,-122.40607,"SAN MATEO","SOUTH SAN FRANCISCO",-122.40607,37.646610000000003
90067839,2015,2015-12-08,9330,2015-09-22,1745,020324,,2,2,4,4127,0,1,2,,2,058,"US-101 S/B","EMBARCADERO RD",2193.00,N,N,A,-,Y,,,101,,,,,,S,Y,1,1,0,2,A,-,03,22350,,N,C,C,A,A,D,E,A,D,0,,,Y,,Y,,C,02,0,0,0,0,0,0,0,1,0,"- ","- ",37.453009999999999,-122.12864999999999,"SAN MATEO","EAST PALO ALTO",-122.12859357000001,37.453104420000003
90069258,2015,2015-12-10,9330,2015-10-09,0300,020464,,5,3,4,4102,0,1,2,,2,048,"US-101 SOUTHBOUND","RALSTON AVE",0.00,,Y,A,-,Y,,,101,,,,,,S,Y,2,0,1,1,A,-,01,23152,A,N,E,I,A,A,H,-,C,D,0,,,Y,,Y,Y,C,02,1,0,0,0,0,0,0,0,1,"- ","- ",37.527900000000002,-122.27330000000001,"SAN MATEO",BELMONT,-122.27277151,37.528510199999999
9008646,2019,2020-02-05,4113,2019-12-14,1958,471,3,6,5,5,4113,0,0,0,,0,003,"MIDDLEFIELD RD",BROADWAY,0.00,,Y,C,-,N,,,,,,,,,,N,2,0,1,2,A,-,10,21950,A,N,G,B,B,B,H,-,C,A,0,Y,,,,Y,,A,01,1,0,0,0,1,0,0,0,0,"- ","- ",37.486499786376953,-122.22913360595703,"SAN MATEO","REDWOOD CITY",-122.22914886474609,37.486518859863281
90099456,2015,2016-01-21,9330,2015-12-20,0300,020397,,7,3,4,4109,0,1,2,,2,058,"US-101 SB TO MARSH ROAD","MARSH ROAD",200.00,N,N,B,-,Y,,,,,,,,,,Y,2,0,1,1,A,-,01,23152,A,N,F,I,A,A,H,-,C,D,0,,,,,Y,Y,A,01,1,0,0,0,0,0,0,0,0,"- ","- ",37.465499999999999,-122.57499,"SAN MATEO","MENLO PARK",-122.18139041000001,37.4835025
9015490,2019,2020-03-03,4100,2019-12-10,0713,25163,SNC,2,5,4,4115,0,0,0,,0,052,"OLD COUNTY RD","TAYLOR WY",0.00,,Y,A,-,N,,,,,,,,,,Y,2,0,1,3,A,-,09,21804,,N,B,C,A,A,H,-,A,D,0,,,,Y,Y,,F,76,1,0,0,0,0,0,0,0,0,"- ","- ",,,"SAN MATEO","SAN CARLOS",-122.26538848876953,37.512760162353516
90175258,2016,2016-05-09,9335,2016-04-30,0540,019581,,6,3,2,4103,0,1,2,,2,012,"US-101 N/B","ALANA RD",250.00,S,N,A,-,Y,,,101,,,,,,N,Y,2,0,1,2,A,-,01,23152,A,N,C,C,A,A,H,-,B,D,0,,,,,Y,Y,A,07,1,0,0,0,0,0,0,0,0,"- ","- ",37.708159999999999,-122.3947,"SAN MATEO",BRISBANE,-122.39480571,37.708136369999998
90211900,2016,2016-06-29,9330,2016-04-08,0710,020900,,5,1,9,4100,0,2,4,,1,051,"MIDDLEFIELD RD","DUMBARTON AVE",5.00,S,N,B,-,N,,,,,,,,,,Y,1,1,0,2,A,-,09,21802,A,N,D,G,A,A,H,-,A,D,0,,Y,,,Y,Y,L,04,0,0,0,0,0,1,0,0,0,"- ","- ",37.475099999999998,-122.20907,"SAN MATEO",UNINCORPORATED,-122.20909657999999,37.47515138
90232075,2016,2016-07-28,9330,2016-07-15,0515,020646,,5,3,4,4115,0,1,2,,2,048,"US 101 N/B","HOLLY ST",949.00,N,N,B,-,Y,,,,,,,,,,Y,2,0,2,2,A,-,08,22107,,N,B,C,A,A,H,-,B,D,0,,,,,Y,,D,22,1,1,0,0,0,0,0,0,0,"- ","- ",37.516800000000003,-122.25839999999999,"SAN MATEO","SAN CARLOS",-122.25828172,37.515936140000001
90294959,2016,2016-10-18,9330,2016-10-10,1600,019478,,1,2,9,4100,0,3,5,,2,511,"VISTA VERDE WAY","OLD SPANISH TRAIL",528.00,E,N,A,-,N,,,,,,,,,,N,2,0,1,1,A,-,08,22107,,N,F,I,A,A,H,-,A,A,0,,Y,,,Y,,L,04,1,0,0,0,0,0,1,0,0,"- ","- ",,,"SAN MATEO",UNINCORPORATED,-122.19433768,37.340937050000001
90319239,2016,2016-11-14,9335,2016-11-03,1840,017672,,4,2,5,4117,0,1,2,,2,012,"US-101 N/B","SOUTH AIRPORT BLVD OFF-RAMP",960.00,S,N,A,-,Y,,,101,,,,,,N,Y,2,0,1,2,A,-,03,22350,,N,B,C,A,A,H,-,D,D,0,,,Y,,Y,,C,02,1,0,0,0,0,0,0,0,1,"- ","- ",37.643819999999998,-122.40602,"SAN MATEO","SOUTH SAN FRANCISCO",-122.40608831,37.643814710000001
90334367,2016,2016-12-01,9330,2016-11-29,1645,020319,,2,2,4,4115,0,1,2,,2,048,"US-101 SB","WHIPPLE AVE",1500.00,N,N,A,-,Y,,,101,,,,,,S,Y,2,0,1,2,A,-,07,21658,A,F,B,C,A,A,H,-,D,D,0,,,Y,,Y,,A,01,1,0,0,0,0,0,0,0,1,"- ","- ",37.50197,-122.24275,"SAN MATEO","SAN CARLOS",-122.24274914999999,37.50197094
90367114,2016,2017-11-30,9330,2016-09-07,1226,019960,,3,1,9,4100,0,1,3,,1,021,"SR-84 (LA HONDA RD.)","SR-35 (SKYLINE BLVD.)",5280.00,W,N,A,-,Y,,,84,,,,,,,Y,1,1,0,1,A,-,08,22107,,N,E,I,A,A,H,-,A,D,0,,,,,Y,,A,01,0,0,0,0,0,0,0,0,0,"- ","- ",37.379719999999999,-122.26491,"SAN MATEO",UNINCORPORATED,-122.26479098999999,37.379770800000003
90424133,2016,2017-03-30,9330,2016-09-17,1555,021253,,6,2,9,4100,0,1,3,,1,020,"STATE ROUTE 1 (CABRILLO HIGHWAY)","PIGEON POINT ROAD",0.00,,Y,B,-,Y,,,1,,,,,,,Y,1,2,0,2,A,-,12,22450,A,N,D,C,A,A,H,-,A,A,0,,,,,Y,,A,01,0,0,0,0,0,0,0,0,0,"- ","- ",37.184579999999997,-122.39042999999999,"SAN MATEO",UNINCORPORATED,-122.39042907,37.184582399999996
90441737,2017,2017-04-25,9330,2017-04-17,0235,021350,,1,3,4,4104,0,1,2,,2,038,"US-101 S/B","MILLBRAE AVE",260.00,N,N,C,-,Y,,,,,,,,,,Y,2,0,1,1,A,-,08,22107,,N,E,I,A,B,H,-,C,D,0,,,,,Y,,A,01,1,0,0,0,0,0,0,0,0,"- ","- ",37.602910000000001,-122.38194,"SAN MATEO",BURLINGAME,-122.38117622,37.602940959999998
9047053,2020,2020-06-03,4113,2020-02-04,1221,470,3,2,5,5,4113,0,0,0,,0,003,"MIDDLEFIELD RD","PINE ST",0.00,,Y,A,-,N,,,,,,,,,,Y,2,0,2,2,A,-,05,21651,B,N,A,C,A,A,H,-,A,D,0,,,,,Y,,A,07,1,1,0,0,0,0,0,0,0,"- ","- ",37.481830596923828,-122.2200927734375,"SAN MATEO","REDWOOD CITY",-122.22084808349609,37.481861114501953
90472145,2017,2017-06-06,9330,2017-05-14,0019,021442,,7,3,9,4100,0,1,1,,2,054,"I-280 NORTHBOUND","WOODSIDE ROAD",2266.00,S,N,A,-,Y,,,,,,,,,,Y,2,0,1,2,A,-,01,23152,A,N,C,C,A,A,H,-,D,B,0,,,Y,,Y,Y,A,07,1,0,0,0,0,0,0,0,1,"- ","- ",37.255400000000002,-122.14190000000001,"SAN MATEO",UNINCORPORATED,-122.24306,37.43533
90489527,2017,2017-09-25,9330,2017-06-17,1130,021356,,6,1,9,4100,0,3,5,,2,203,"PESCADERO CREEK ROAD","PESCADERO CREEK",880.00,W,N,A,-,N,,,,,,,,,,Y,2,0,3,3,A,-,09,21804,A,N,D,C,A,A,H,-,A,D,0,,,Y,,Y,,M,96,3,0,0,0,0,0,0,0,2,"- ","- ",37.261240000000001,-122.33197,"SAN MATEO",UNINCORPORATED,-122.41316999999999,37.259689999999999
90490624,2017,2017-06-29,9335,2017-06-19,1430,021644,,1,2,5,4117,0,1,2,,2,012,"US-101 N/B TO GRAND AVENUE","US-101 N/B GRAND AVE GORE POINT",360.00,N,N,A,-,Y,,,101,,,,R,,N,Y,2,0,6,1,C,-,18,,,N,E,I,A,A,H,-,A,D,0,,,,,Y,,-,"- ",1,3,2,0,0,0,0,0,0,"- ","- ",37.653489999999998,-122.40665,"SAN MATEO","SOUTH SAN FRANCISCO",-122.40665,37.653489999999998
90523895,2017,2017-09-27,9330,2017-04-05,1225,020191,,3,1,9,4100,0,1,1,,2,054,"I-280 N/B","SAND HILL ROAD",60.00,N,N,A,-,Y,,,280,,,,,,N,Y,1,2,0,1,A,-,08,22107,,N,E,I,A,A,H,-,A,D,0,,,,,Y,,A,01,0,0,0,0,0,0,0,0,0,"- ","- ",37.41921,-122.22007000000001,"SAN MATEO",UNINCORPORATED,-122.2200586,37.419267019999999
90534078,2017,2017-08-25,9330,2017-08-19,1615,021662,,6,2,9,4100,0,1,3,,1,020,"STAGE ROAD","WOODSIDE ROAD (SR-84)",3696.00,N,N,A,-,N,,,,,,,,,,N,2,0,1,1,A,-,03,22350,,N,F,A,A,A,H,-,A,A,0,,Y,,,Y,,L,04,1,0,0,0,0,0,1,0,0,"- ","- ",37.333530000000003,-122.39094,"SAN MATEO",UNINCORPORATED,-122.39087999,37.333539569999999
90542616,2017,2017-09-07,9330,2017-02-10,2115,020954,,5,2,9,4100,0,1,3,,1,020,"STATE ROUTE 1 (CABRILLO HIGHWAY)","WHITEHOUSE CANYON ROAD",15840.00,N,N,B,-,Y,,,1,,,,,,,Y,1,1,1,3,A,-,01,23152,F,N,A,C,A,A,H,-,D,D,0,,,,,Y,,A,01,1,0,0,0,0,0,0,0,0,"- ","- ",37.11298,-122.29951,"SAN MATEO",UNINCORPORATED,-122.29940846,37.113157569999998
90580751,2017,2017-10-27,9330,2017-10-18,1655,021337,,3,2,4,4102,0,1,2,,2,048,"US-101 N/B","HOLLY ST",2390.00,N,N,A,-,Y,,,101,,,,,,N,Y,2,0,1,2,A,-,03,22350,,N,B,C,A,A,H,-,A,D,0,,,Y,Y,Y,,C,02,1,0,0,0,0,0,0,0,1,"- ","- ",37.519060000000003,-122.26186,"SAN MATEO",BELMONT,-122.26181398,37.519110439999999
90615075,2017,2017-12-12,9335,2017-12-05,1509,021644,,2,2,6,4106,0,1,1,,2,021,"N/B SR-1 TO S/B I-280 TRANSITION","SOUTHGATE AVE U/C",16.00,N,N,A,-,Y,,,1,,,,R,,,Y,2,0,1,1,A,-,08,22107,,N,E,I,A,A,H,-,A,D,0,,,,,Y,,A,01,1,0,0,0,0,0,0,0,0,"- ","- ",37.675190000000001,-122.47,"SAN MATEO","DALY CITY",-122.47,37.675190000000001
90619584,2017,2017-12-18,9330,2017-12-11,1644,019764,,1,2,4,4109,0,1,2,,2,058,"US-101 S/B","MARSH RD",50.00,S,N,A,-,Y,,,101,,,,,,S,Y,2,0,1,3,A,-,07,21658,A,N,B,C,A,A,H,-,B,D,0,,,Y,,Y,,C,02,1,0,0,0,0,0,0,0,1,"- ","- ",37.483179999999997,-122.18046,"SAN MATEO","MENLO PARK",-122.18046144,37.483176159999999
90634012,2017,2018-01-05,9335,2017-12-29,2005,021742,,5,2,6,4106,0,1,1,,2,021,"I-280 S/B","SCHOOL ST. O/C",270.00,S,N,A,-,Y,,,280,,,,,,S,Y,2,0,1,1,A,-,01,23152,A,N,F,A,A,A,H,-,C,D,0,,,Y,,Y,Y,C,02,1,0,0,0,0,0,0,0,1,"- ","- ",37.692489999999999,-122.47069,"SAN MATEO","DALY CITY",-122.47053246999999,37.692494719999999
9064337,2019,2020-03-17,4111,2019-11-26,2138,5150,09,2,5,4,4111,0,0,0,,0,002,"SHARP PARK RD","GYPSY HILL RD",175.00,W,N,C,G,N,,,,,,,,,,Y,2,0,1,1,A,-,03,22350,A,N,E,J,A,B,H,-,D,D,0,,,,,Y,,A,07,1,0,0,0,0,0,0,0,0,"- ","- ",,,"SAN MATEO",PACIFICA,-122.47812652587891,37.629261016845703
90644076,2018,2018-01-22,9330,2018-01-07,2335,021598,,7,3,5,4116,0,1,2,,2,058,"US-101 S/B","UNIVERSITY AVE",2112.00,S,N,C,-,Y,,,,,,,,,,Y,2,0,1,1,A,-,08,22107,,N,B,I,A,B,H,-,C,D,0,,,,,Y,,A,01,1,0,0,0,0,0,0,0,0,"- ","- ",37.454498291015625,-122.13089752197266,"SAN MATEO","SAN MATEO",-122.14077758789062,37.460289001464844
90657243,2018,2018-02-08,9330,2018-01-28,1550,021987,,7,2,5,4116,0,1,3,,2,031,"SR-92 W/B","ALAMEDA DE LAS PULGAS",2112.00,E,N,A,-,Y,,,92,,,,,,W,Y,2,0,1,1,A,-,08,22107,,N,F,A,A,A,H,-,A,D,0,,,Y,,Y,,C,02,1,0,0,0,0,0,0,0,1,"- ","- ",37.548919677734375,-122.31610107421875,"SAN MATEO","SAN MATEO",-122.31609344482422,37.54888916015625
90660717,2018,2018-02-13,9335,2018-02-08,1810,020157,,4,2,9,4100,0,1,2,,2,011,"US-101 N/B","SFO BART UTILTY TRACKS O/C",1000.00,S,N,A,-,Y,,,101,,,,,,N,Y,2,0,1,2,A,-,07,21658,A,N,B,C,A,A,H,-,D,D,0,,,Y,,Y,,A,01,1,0,0,0,0,0,0,0,1,"- ","- ",37.613288879394531,-122.39604949951172,"SAN MATEO",UNINCORPORATED,-122.3961181640625,37.613227844238281
90661902,2018,2018-02-15,9330,2018-02-07,2300,021204,,3,3,3,4110,0,1,2,,2,038,"US-101 S/B","MILLBRAE AVE",0.00,,Y,A,-,Y,,,101,,,,,,S,Y,2,0,1,1,A,-,08,22107,,N,F,I,A,A,H,-,C,D,0,,,,,Y,Y,A,01,1,0,0,0,0,0,0,0,0,"- ","- ",37.603061676025391,-122.3819580078125,"SAN MATEO",MILLBRAE,-122.38178253173828,37.603343963623047
90663882,2018,2018-03-29,9330,2018-02-10,0640,021628,,6,1,4,4120,0,1,3,,1,035,"SR-92 W/B","SAN MATEO COUNTY LINE",1000.00,W,N,A,-,Y,,,,,,,,,,Y,2,0,1,2,A,-,08,22107,,N,B,C,A,A,H,-,A,D,0,,,Y,,Y,,A,01,1,0,0,0,0,0,0,0,1,"- ","- ",,,"SAN MATEO","FOSTER CITY",,
9070108,2020,2020-08-20,4100,2020-05-06,0748,25274,WDS,3,5,2,4118,0,0,0,,0,030,"FARM HILL BL","LOOP RD",198.00,W,N,A,-,N,,,,,,,,,,Y,2,0,1,1,C,-,18,,,N,E,I,A,A,H,-,A,D,0,,,,,Y,,-,"- ",1,0,0,0,0,0,0,0,0,"- ","- ",,,"SAN MATEO",WOODSIDE,,
90710424,2018,2018-04-23,9330,2018-04-08,1515,021442,,7,2,9,4100,0,1,3,,2,052,SR-35,"OLD LA HONDA ROAD",13200.00,S,N,A,-,N,,,35,,,,,,,Y,2,0,2,1,A,-,01,23152,G,N,E,I,A,A,H,-,A,D,0,,,,,Y,Y,A,01,2,0,0,0,0,0,0,0,0,"- ","- ",37.344829559326172,-122.22833251953125,"SAN MATEO",UNINCORPORATED,-122.22831726074219,37.344852447509766
9072209,2020,2020-05-19,4117,2020-02-15,1504,18RR07,08AF,6,5,5,4117,0,0,0,,0,001,"RAILROAD AV","SPRUCE AV",438.00,E,N,A,-,N,,,,,,,,,,Y,2,0,1,3,A,-,21,22106,,N,D,C,A,A,H,-,A,D,0,,,,,Y,,A,01,1,0,0,0,0,0,0,0,0,"- ","- ",37.653560638427734,-122.41535186767578,"SAN MATEO","SOUTH SAN FRANCISCO",-122.41555023193359,37.653339385986328
90726043,2018,2018-05-14,9330,2018-05-09,1130,015268,,3,1,9,4100,0,3,5,,2,004,"CANADA ROAD","EDGEWOOD ROAD",1056.00,N,N,A,-,N,,,,,,,,,,Y,2,0,1,2,A,-,03,22350,,N,C,G,A,A,H,-,A,D,0,,Y,,,Y,,L,04,1,0,0,0,0,0,1,0,0,"- ","- ",37.466289520263672,-122.30011749267578,"SAN MATEO",UNINCORPORATED,-122.30006408691406,37.466152191162109
90731948,2018,2018-05-23,9330,2018-01-30,2500,021857,,2,4,9,4100,0,3,5,,2,203,"PESCADERO CREEK ROAD","NORTH STREET",506.00,E,N,A,-,N,,,,,,,,,,Y,1,1,0,1,A,-,01,23152,A,N,E,J,A,A,H,-,D,D,0,,,,,Y,Y,A,01,0,0,0,0,0,0,0,0,0,"- ","- ",37.254791259765625,-122.36605072021484,"SAN MATEO",UNINCORPORATED,-122.36636352539062,37.254917144775391
90733010,2018,2018-06-28,9330,2018-05-16,0830,022101,,3,1,5,4116,0,1,2,,2,038,"US-101 S/B",SR-92,4224.00,N,N,A,-,Y,,,101,,,,,,S,Y,2,0,1,2,A,-,07,21658,A,N,B,C,A,A,H,-,A,D,0,,,Y,,Y,,A,07,1,0,0,0,0,0,0,0,1,"- ","- ",37.557331085205078,-122.300048828125,"SAN MATEO","SAN MATEO",-122.30002593994141,37.557350158691406
90744618,2018,2018-06-11,9330,2018-06-03,0141,020770,,7,3,4,4104,0,1,2,,2,038,"US-101 S/B","POPLAR AVE",5808.00,N,N,A,-,Y,,,101,,,,,,S,Y,2,0,2,2,A,-,03,22350,,N,D,C,A,A,H,-,C,D,0,,,,,Y,Y,A,01,1,0,1,0,0,0,0,0,0,"- ","- ",37.586849212646484,-122.34120178222656,"SAN MATEO",BURLINGAME,-122.34120178222656,37.586818695068359
90754530,2018,2018-06-25,9330,2018-06-09,1835,021594,,6,2,9,4100,0,1,3,,2,052,"SR-35 (SKYLINE BLVD) S/B","PAGE MILL RD",0.00,,Y,A,-,Y,,,35,,,,,,S,N,2,0,1,1,A,-,08,22107,,N,E,I,A,A,H,-,A,D,0,,,Y,,Y,,C,02,1,0,0,0,0,0,0,0,1,"- ","- ",37.314910888671875,-122.18710327148438,"SAN MATEO",UNINCORPORATED,-122.18714141845703,37.314868927001953
90756491,2018,2018-06-26,9335,2018-06-19,2150,021770,,2,2,6,4106,0,1,1,,2,021,"I-280 SB TO SR-1 SB","SOUTHGATE AVE",1500.00,N,N,A,-,Y,,,280,,,,R,,S,Y,2,0,1,2,A,-,03,22350,,N,C,C,A,A,D,-,C,A,0,,,,,Y,,A,01,1,0,0,0,0,0,0,0,0,"- ","- ",37.680030822753906,-122.47200012207031,"SAN MATEO","DALY CITY",-122.47200012207031,37.680030822753906
90769266,2018,2018-07-16,9330,2018-06-24,0115,021315,,7,3,4,4120,0,1,3,,2,031,"SR-92 E/B TO FOSTER CITY BLVD.","FOSTER CITY BLVD",370.00,W,N,A,-,Y,,,92,,,,R,,E,Y,2,0,1,1,A,-,01,23152,A,N,E,I,A,A,H,-,C,D,0,,,,,Y,Y,A,07,1,0,0,0,0,0,0,0,0,"- ","- ",37.562698364257812,-122.27371215820312,"SAN MATEO","FOSTER CITY",-122.27371215820312,37.562698364257812
90800532,2018,2018-08-29,9330,2018-08-21,2343,016184,,2,3,5,4113,0,1,2,,2,048,"US-101 SOUTHBOUND","WHIPPLE AVE",2200.00,N,N,A,-,Y,,,101,,,,,,S,Y,2,0,1,1,A,-,03,22350,,N,E,I,A,A,H,-,D,D,0,,,Y,,Y,,C,02,1,0,0,0,0,0,0,0,1,"- ","- ",37.498699188232422,-122.23909759521484,"SAN MATEO","REDWOOD CITY",-122.23904418945312,37.498775482177734
90833692,2018,2018-10-11,9330,2018-10-08,2300,021661,,1,3,5,4116,0,1,2,,2,048,"US-101 S/B","RALSTON AVE",4544.00,N,N,A,-,Y,,,101,,,,,,S,Y,2,0,2,1,A,-,08,22107,,N,E,I,A,A,H,-,D,D,0,,,,,Y,,A,01,1,1,0,0,0,0,0,0,0,"- ","- ",37.535991668701172,-122.28025054931641,"SAN MATEO","SAN MATEO",-122.28020477294922,37.536033630371094
90866387,2018,2018-11-26,9330,2018-10-17,1720,022101,,3,2,9,4100,0,3,5,,2,505,"SR-82 (EL CAMINO REAL)","SELBY LANE",0.00,,Y,A,-,Y,,,82,,,,,,,N,2,0,1,2,A,-,09,21804,A,N,B,G,A,A,H,-,A,D,0,,Y,,,Y,,L,04,1,0,0,0,0,0,1,0,0,"- ","- ",37.468521118164062,-122.21080017089844,"SAN MATEO",UNINCORPORATED,-122.21083068847656,37.468482971191406
90884853,2018,2018-12-18,9330,2018-12-09,2340,021830,,7,3,9,4100,0,3,5,,2,004,"CANADA ROAD","EDGEWOOD ROAD",4053.00,S,N,B,E,N,,,,,,,,,,Y,2,0,1,1,A,-,08,22107,,N,E,I,A,A,H,-,D,D,0,,,,,Y,,A,01,1,0,0,0,0,0,0,0,0,"- ","- ",37.457878112792969,-122.28781890869141,"SAN MATEO",UNINCORPORATED,-122.28761291503906,37.45721435546875
90895923,2018,2019-01-02,9330,2018-12-22,0928,021987,,6,1,4,4109,0,1,2,,2,058,"US-101 N/B","WILLOW RD",2112.00,S,N,A,-,Y,,,101,,,,,,N,Y,2,0,2,2,A,-,03,22350,,N,C,C,A,A,H,-,A,D,0,,,,,Y,,A,07,1,0,1,0,0,0,0,0,0,"- ","- ",37.465381622314453,-122.14913177490234,"SAN MATEO","MENLO PARK",-122.14911651611328,37.465408325195312
90907870,2019,2019-01-21,9330,2019-01-08,1955,022185,,2,2,9,4100,0,1,1,,2,034,"INTERSTATE 280 SOUTHBOUND","HAYNE ROAD",2112.00,S,N,B,-,Y,,,280,,,,,,S,Y,2,0,1,1,A,-,08,22107,,N,E,I,A,A,H,-,C,D,0,,,,,Y,,A,01,1,0,0,0,0,0,0,0,0,"- ","- ",37.542438507080078,-122.36808776855469,"SAN MATEO",UNINCORPORATED,-122.3681640625,37.542373657226562