CASE_ID,ACCIDENT_YEAR,PROC_DATE,JURIS,COLLISION_DATE,COLLISION_TIME,OFFICER_ID,REPORTING_DISTRICT,DAY_OF_WEEK,CHP_SHIFT,POPULATION,CNTY_CITY_LOC,SPECIAL_COND,BEAT_TYPE,CHP_BEAT_TYPE,CITY_DIVISION_LAPD,CHP_BEAT_CLASS,BEAT_NUMBER,PRIMARY_RD,SECONDARY_RD,DISTANCE,DIRECTION,INTERSECTION,WEATHER_1,WEATHER_2,STATE_HWY_IND,CALTRANS_COUNTY,CALTRANS_DISTRICT,STATE_ROUTE,ROUTE_SUFFIX,POSTMILE_PREFIX,POSTMILE,LOCATION_TYPE,RAMP_INTERSECTION,SIDE_OF_HWY,TOW_AWAY,COLLISION_SEVERITY,NUMBER_KILLED,NUMBER_INJURED,PARTY_COUNT,PRIMARY_COLL_FACTOR,PCF_CODE_OF_VIOL,PCF_VIOL_CATEGORY,PCF_VIOLATION,PCF_VIOL_SUBSECTION,HIT_AND_RUN,TYPE_OF_COLLISION,MVIW,PED_ACTION,ROAD_SURFACE,ROAD_COND_1,ROAD_COND_2,LIGHTING,CONTROL_DEVICE,CHP_ROAD_TYPE,PEDESTRIAN_ACCIDENT,BICYCLE_ACCIDENT,MOTORCYCLE_ACCIDENT,TRUCK_ACCIDENT,NOT_PRIVATE_PROPERTY,ALCOHOL_INVOLVED,STWD_VEHTYPE_AT_FAULT,CHP_VEHTYPE_AT_FAULT,COUNT_SEVERE_INJ,COUNT_VISIBLE_INJ,COUNT_COMPLAINT_PAIN,COUNT_PED_KILLED,COUNT_PED_INJURED,COUNT_BICYCLIST_KILLED,COUNT_BICYCLIST_INJURED,COUNT_MC_KILLED,COUNT_MC_INJURED,PRIMARY_RAMP,SECONDARY_RAMP,LATITUDE,LONGITUDE,COUNTY,CITY,POINT_X,POINT_Y
9090859,2019,2020-04-24,4127,2019-12-13,0825,2257,,5,5,4,4127,0,0,0,,0,003,"PULGAS AV","GARDEN ST",0.00,,Y,B,-,N,,,,,,,,,,N,2,0,1,2,A,-,10,21950,A,N,G,B,B,A,H,-,A,D,0,Y,,,,Y,,A,01,1,0,0,0,1,0,0,0,0,"- ","- ",,,"SAN MATEO","EAST PALO ALTO",-122.13022613525391,37.466949462890625
90942161,2019,2019-03-08,9335,2019-02-27,0515,020201,,3,3,4,4114,0,1,1,,2,020,"I-280 NORTHBOUND","SAN BRUNO AVE.",1100.00,S,N,B,C,Y,,,280,,,,,,N,Y,2,0,1,2,A,-,08,22107,,N,E,I,A,B,H,-,C,D,0,,,,,Y,,A,01,1,0,0,0,0,0,0,0,0,"- ","- ",37.621589660644531,-122.42665100097656,"SAN MATEO","SAN BRUNO",-122.42658996582031,37.621631622314453
90942988,2019,2019-03-11,9335,2019-03-02,0733,021649,,6,1,6,4106,0,1,1,,2,021,"I-280 N/B","JOHN DALY BLVD",1584.00,S,N,C,-,Y,,,280,,,,,,N,Y,2,0,1,1,A,-,08,22107,,N,E,I,A,B,H,-,A,D,0,,,,,Y,,A,01,1,0,0,0,0,0,0,0,0,"- ","- ",37.700401306152344,-122.4715576171875,"SAN MATEO","DALY CITY",-122.47135925292969,37.700401306152344
90951854,2018,2019-03-22,9335,2018-11-08,2308,021754,,4,3,5,4117,0,1,2,,2,012,"US-101 SB","I-380 WB FROM S. AIRPORT BLVD. O/C",550.00,N,N,A,-,Y,,,101,,,,,,S,Y,2,0,1,1,A,-,08,22107,,N,F,A,A,A,H,-,C,D,0,,,Y,,Y,,C,02,1,0,0,0,0,0,0,0,1,"- ","- ",37.637550354003906,-122.40471649169922,"SAN MATEO","SOUTH SAN FRANCISCO",-122.4046630859375,37.637577056884766
90957355,2018,2019-03-29,9330,2018-12-10,1758,022072,,1,2,9,4100,0,1,3,,1,020,"STATE ROUTE 1 (CABRILLO HIGHWAY)","SR-84 (LA HONDA ROAD)",0.00,,Y,A,-,Y,,,1,,,,,,,Y,1,1,0,2,A,-,09,21802,A,N,A,C,A,A,H,-,C,A,0,,,,,Y,,E,22,0,0,0,0,0,0,0,0,0,"- ","- ",37.324001312255859,-122.40019989013672,"SAN MATEO",UNINCORPORATED,-122.40023803710938,37.324028015136719
90999354,2019,2019-05-30,9330,2019-05-22,1030,021628,,3,1,9,4100,0,1,1,,2,054,"I-280 S/B","SAND HILL ROAD",2000.00,N,N,A,-,Y,,,,,,,,,,Y,2,0,1,2,A,-,03,22350,,N,B,C,A,A,H,-,A,D,0,,,Y,,Y,,C,02,1,0,0,0,0,0,0,0,1,"- ","- ",,,"SAN MATEO",UNINCORPORATED,-122.22580718994141,37.422027587890625
91018630,2018,2019-06-27,9335,2018-12-23,0329,021920,,7,3,9,4100,0,1,2,,2,011,"US-101 N/B","SAN BRUNO AVE OVER-CROSSING",279.00,N,N,A,-,Y,,,101,,,,,,N,Y,1,1,0,1,A,-,08,22107,,N,E,I,A,A,H,-,D,D,0,,,,,Y,,A,07,0,0,0,0,0,0,0,0,0,"- ","- ",37.632240295410156,-122.40283203125,"SAN MATEO",UNINCORPORATED,-122.4027099609375,37.632255554199219
91037280,2019,2019-07-24,9330,2019-07-16,1700,021350,,2,2,9,4100,0,1,1,,2,044,"I-280 N/B","EDGEWOOD ROAD",1056.00,N,N,A,-,Y,,,280,,,,,,N,N,2,0,1,3,A,-,03,22350,,N,C,C,A,A,H,-,A,D,0,,,,,Y,,D,22,1,0,0,0,0,0,0,0,0,"- ","- ",37.471668243408203,-122.29493713378906,"SAN MATEO",UNINCORPORATED,-122.29499053955078,37.47161865234375
91045998,2019,2019-08-06,9335,2019-08-04,0116,022188,,7,3,4,4114,0,1,1,,2,020,"I-280 N/B FROM SAN BRUNO AVENUE","SNEATH LANE OVERCROSSING",483.00,S,N,B,-,Y,,,280,,,,R,,N,Y,2,0,1,1,A,-,08,22107,,N,E,I,A,B,H,-,C,D,0,,,,,Y,,A,01,1,0,0,0,0,0,0,0,0,"- ","- ",37.629749298095703,-122.43305206298828,"SAN MATEO","SAN BRUNO",-122.43305206298828,37.629749298095703
91055320,2019,2019-08-20,9330,2019-08-11,2225,021616,,7,3,9,4100,0,3,5,,2,505,"8TH AVE","MIDDLEFIELD RD.",105.00,E,N,A,-,N,,,,,,,,,,Y,2,0,1,2,A,-,01,23152,A,N,C,C,A,A,H,-,C,D,0,,,,,Y,Y,D,22,1,0,0,0,0,0,0,0,0,"- ","- ",37.470798492431641,-122.20185089111328,"SAN MATEO",UNINCORPORATED,-122.20193481445312,37.470737457275391
91058655,2019,2019-08-26,9330,2019-08-14,1715,021414,,3,2,4,4109,0,1,2,,2,058,"US-101 NORTHBOUND","MARSH ROAD",2640.00,S,N,A,-,Y,,,101,,,,,,N,Y,2,0,3,4,A,-,03,22350,,N,C,C,A,A,H,-,A,D,0,,,,,Y,,A,07,1,0,2,0,0,0,0,0,0,"- ","- ",37.479911804199219,-122.17360687255859,"SAN MATEO","MENLO PARK",-122.17366790771484,37.479816436767578
91064813,2019,2019-09-02,9335,2019-05-04,0035,022048,,6,3,5,4117,0,1,2,,2,012,"US-101 N/B","US-101 N/B TO BAYSHORE BOULEVARD",65.00,S,N,A,-,Y,,,101,,,,,,N,Y,2,0,3,3,A,-,03,22350,,N,C,C,A,A,H,-,C,D,0,,,,,Y,,A,01,1,0,2,0,0,0,0,0,0,"- ","- ",37.669879913330078,-122.392578125,"SAN MATEO","SOUTH SAN FRANCISCO",-122.39258575439453,37.669887542724609
91074327,2019,2019-09-13,9335,2019-08-23,1545,022249,,5,2,9,4100,0,1,3,,2,040,"SR-1 N/B","TOM LANTOS TUNNEL",5544.00,S,N,A,-,Y,,,1,,,,,,N,Y,2,0,1,1,A,-,01,23152,A,N,F,A,A,A,H,-,A,D,0,,,,,Y,Y,A,01,1,0,0,0,0,0,0,0,0,"- ","- ",37.556678771972656,-122.51325225830078,"SAN MATEO",UNINCORPORATED,-122.51317596435547,37.556720733642578
9109982,2020,2020-11-02,4113,2020-05-28,1038,383,7,4,5,5,4113,0,0,0,,0,007,"WARWICK ST","FINGER AV",66.00,N,N,A,-,N,,,,,,,,,,N,2,0,1,1,C,-,18,,,N,E,I,A,A,A,-,A,A,0,,Y,,,Y,,-,"- ",1,0,0,0,0,0,1,0,0,"- ","- ",37.489398956298828,-122.24722290039062,"SAN MATEO","REDWOOD CITY",-122.24690246582031,37.489711761474609
91122143,2019,2019-11-18,9330,2019-11-02,0500,021616,,6,3,4,4115,0,1,2,,2,048,"N/B US-101","HOLLY ST",1584.00,S,N,A,-,Y,,,101,,,,,,,Y,2,0,1,1,A,-,01,23152,A,N,E,I,A,A,H,-,D,D,0,,,,,Y,Y,A,07,1,0,0,0,0,0,0,0,0,"- ","- ",37.510490417480469,-122.25189971923828,"SAN MATEO","SAN CARLOS",-122.25197601318359,37.510406494140625
91122646,2019,2020-03-02,9330,2019-10-25,2025,022244,,5,2,4,4102,0,1,2,,2,048,"US-101 S/B","RALSTON AVE",2112.00,N,N,A,-,Y,,,101,,,,,,S,Y,2,0,5,3,A,-,07,21658,A,N,C,C,A,A,H,-,C,D,0,,,,,Y,,A,01,1,1,3,0,0,0,0,0,0,"- ","- ",37.532951354980469,-122.27742767333984,"SAN MATEO",BELMONT,-122.27738189697266,37.532993316650391
9116260,2020,2020-10-08,4106,2020-01-08,1809,2163,3,3,5,6,4106,0,0,0,,0,002,"CROCKER AV","BRUNSWICK ST",0.00,,Y,A,-,N,,,,,,,,,,N,2,0,1,2,A,-,10,21950,A,F,G,B,B,A,H,-,C,D,0,Y,,,,Y,,-,,1,0,0,0,1,0,0,0,0,"- ","- ",,,"SAN MATEO","DALY CITY",-122.45810699462891,37.705410003662109
91189481,2020,2020-02-19,9330,2020-02-13,1705,022372,,4,2,9,4100,0,1,3,,1,021,SR-84,"PEEK A BOO LANE",500.00,W,N,B,-,Y,,,84,,,,,,,Y,2,0,2,1,A,-,01,23152,A,N,E,I,A,A,H,-,A,D,0,,,,,Y,Y,A,01,2,0,0,0,0,0,0,0,0,"- ","- ",37.316478729248047,-122.30413055419922,"SAN MATEO",UNINCORPORATED,-122.30413055419922,37.316471099853516
91194127,2020,2020-02-26,9330,2020-02-21,0500,022211,,5,3,4,4104,0,1,2,,2,038,"US-101 S/B","PENINSULA AVE",3168.00,N,N,A,-,Y,,,101,,,,,,S,Y,2,0,2,4,A,-,03,22350,,N,C,C,A,A,H,-,C,D,0,,,,,Y,,D,22,1,0,1,0,0,0,0,0,0,"- ","- ",37.586830139160156,-122.34033203125,"SAN MATEO",BURLINGAME,-122.34033203125,37.586795806884766
91204477,2020,2020-03-09,9330,2020-02-27,1810,022372,,4,2,4,4104,0,1,2,,2,038,"US-101 N/B","MILLBRAE AVE",1584.00,S,N,A,-,Y,,,101,,,,,,N,N,2,0,1,2,A,-,07,21658,A,F,B,C,A,A,H,-,B,D,0,,,Y,,Y,,-,99,1,0,0,0,0,0,0,0,1,"- ","- ",37.599090576171875,-122.37493896484375,"SAN MATEO",BURLINGAME,-122.37492370605469,37.599109649658203
91223912,2020,2020-04-10,9330,2020-04-02,2340,021616,,4,3,9,4100,0,1,3,,1,011,"SR-92 W/B",I-280,2640.00,W,N,A,-,Y,,,92,,,,,,W,Y,2,0,1,1,A,-,08,22107,,N,F,A,A,A,H,-,D,D,0,,,Y,,Y,,C,02,1,0,0,0,0,0,0,0,1,"- ","- ",37.510780334472656,-122.34542846679688,"SAN MATEO",UNINCORPORATED,-122.34544372558594,37.510765075683594
91226839,2020,2020-04-17,9330,2020-04-15,1750,015268,,3,2,9,4100,0,1,3,,2,042,"SR-35 (SKYLINE BLVD.)","SWETT RD.",3696.00,S,N,B,-,Y,,,35,,,,,,,Y,2,0,1,2,A,-,03,22350,,N,D,E,A,A,H,-,A,D,0,,,Y,,Y,,C,02,1,0,0,0,0,0,0,0,1,"- ","- ",37.413688659667969,-122.30873107910156,"SAN MATEO",UNINCORPORATED,-122.30873107910156,37.413532257080078
91230224,2020,2020-04-28,9330,2020-04-26,2040,020954,,7,2,9,4100,0,1,3,,1,021,"SR-84 (LA HONDA ROAD)","MADERA LANE",2640.00,E,N,A,-,Y,,,84,,,,,,,Y,2,0,1,1,C,-,18,,,N,E,H,A,A,H,-,D,D,0,,,Y,,Y,,-,"- ",1,0,0,0,0,0,0,0,1,"- ","- ",37.314350128173828,-122.32837677001953,"SAN MATEO",UNINCORPORATED,-122.32840728759766,37.314315795898438
91243759,2020,2020-05-28,9335,2020-02-09,2135,022007,,7,2,5,4117,0,1,2,,2,012,"US-101 N/B","SAN BRUNO AVENUE",3889.00,N,N,A,-,Y,,,101,,,,,,N,N,1,1,0,4,A,-,11,21954,A,N,G,B,E,A,H,-,C,D,0,Y,,,Y,Y,,N,60,0,0,0,1,0,0,0,0,0,"- ","- ",37.641868591308594,-122.4058837890625,"SAN MATEO","SOUTH SAN FRANCISCO",-122.4058837890625,37.641868591308594
91260508,2020,2020-06-30,9330,2020-06-19,1156,021942,,5,1,9,4100,0,1,3,,1,020,"STATE ROUTE 1","MARTINS BEACH RD",1584.00,S,N,B,-,Y,,,1,,,,,,,Y,2,0,3,2,A,-,05,21460,A,N,A,C,A,A,H,-,A,D,0,,,,,Y,,A,01,1,0,2,0,0,0,0,0,0,"- ","- ",37.3709716796875,-122.40486145019531,"SAN MATEO",UNINCORPORATED,-122.40486145019531,37.3709716796875
91273030,2020,2020-07-23,9330,2020-07-12,0340,020954,,7,3,5,4113,0,1,2,,2,048,"US-101 SOUTHBOUND","SR-84 (WOODSIDE ROAD)",528.00,N,N,A,-,Y,,,101,,,,,,S,Y,2,0,2,3,A,-,03,22350,,N,C,C,A,A,H,-,C,D,0,,,,,Y,Y,A,01,2,0,0,0,0,0,0,0,0,"- ","- ",37.489109039306641,-122.21372222900391,"SAN MATEO","REDWOOD CITY",-122.21371459960938,37.489124298095703
91278441,2020,2020-07-31,9335,2020-07-22,2345,021301,,3,3,5,4117,0,1,1,,2,020,"I-280 S/B","WESTBOROUGH BLVD U/C",1531.00,S,N,A,-,Y,,,280,,,,,,S,Y,2,0,3,3,A,-,01,23152,A,N,A,C,A,A,H,-,D,D,0,,,,,Y,Y,A,01,1,1,1,0,0,0,0,0,0,"- ","- ",37.642601013183594,-122.44519805908203,"SAN MATEO","SOUTH SAN FRANCISCO",-122.44524383544922,37.642532348632812
91320565,2020,2020-10-09,9330,2020-10-01,2305,022185,,4,3,9,4100,0,1,3,,1,011,SR-92,I-280,4752.00,W,N,A,-,Y,,,92,,,,,,,Y,2,0,1,2,A,-,05,21460,A,N,A,C,A,A,H,-,D,D,0,,,,,Y,,A,07,1,0,0,0,0,0,0,0,0,"- ","- ",37.507129669189453,-122.35752868652344,"SAN MATEO",UNINCORPORATED,-122.35752868652344,37.507129669189453
91345592,2020,2020-11-16,9330,2020-11-09,2032,021953,,1,2,5,4113,0,1,2,,2,058,"US-101 S/B","SR-84 (WOODSIDE RD)",3168.00,S,N,A,-,Y,,,101,,,,,,S,Y,2,0,3,2,A,-,01,23152,A,N,C,C,A,A,H,-,C,D,0,,,,,Y,Y,A,07,1,1,1,0,0,0,0,0,0,"- ","- ",37.486980438232422,-122.20256042480469,"SAN MATEO","REDWOOD CITY",-122.20255279541016,37.487060546875
91347444,2020,2020-11-18,9335,2020-11-08,1135,022186,,7,1,4,4114,0,1,1,,2,038,"I-380 E/B TO US-101 N/B","7TH AVE",310.00,W,N,A,-,Y,,,380,,,,R,,E,Y,2,0,1,1,A,-,08,22107,,N,F,A,A,A,H,-,A,D,0,,,Y,,Y,,C,02,1,0,0,0,0,0,0,0,1,"- ","- ",37.633979797363281,-122.40708923339844,"SAN MATEO","SAN BRUNO",-122.40708923339844,37.633979797363281
91354750,2020,2020-11-30,9335,2020-11-14,0047,022096,,6,3,9,4100,0,1,2,,2,011,"US-101 S/B","BART SFO O/C",560.00,S,N,B,-,Y,,,101,,,,,,S,N,2,0,1,2,A,-,03,22350,,F,G,B,E,B,H,-,C,D,0,Y,,,,Y,,-,99,1,0,0,0,1,0,0,0,0,"- ","- ",37.614151000976562,-122.39726257324219,"SAN MATEO",UNINCORPORATED,-122.39727783203125,37.614139556884766
91368600,2020,2020-12-16,9330,2020-12-05,2210,020954,,6,3,9,4100,0,1,3,,1,021,"SR-84 (LA HONDA ROAD)","KEBET RIDGE",3168.00,W,N,A,-,Y,,,84,,,,,,,Y,2,0,1,1,A,-,03,22350,,N,E,I,A,A,H,-,D,D,0,,,,,Y,,A,01,1,0,0,0,0,0,0,0,0,"- ","- ",37.374881744384766,-122.265380859375,"SAN MATEO",UNINCORPORATED,-122.26535797119141,37.374912261962891
91411809,2020,2021-02-19,9330,2020-08-15,0920,021942,,6,1,9,4100,0,3,5,,2,205,"KINGS MOUNTAIN ROAD","HUDDART PARK ROAD",4752.00,W,N,A,-,N,,,,,,,,,,Y,1,1,0,2,A,-,06,21751,,N,H,G,A,A,H,-,A,D,0,,Y,,,Y,,A,01,0,0,0,0,0,1,0,0,0,"- ","- ",37.432498931884766,-122.29575347900391,"SAN MATEO",UNINCORPORATED,,
91432825,2021,2021-03-23,9330,2021-03-03,0115,022141,,3,3,9,4100,0,3,5,,2,407,"EDGEWOOD ROAD","CRESTVIEW DRIVE",528.00,E,N,A,-,N,,,,,,,,,,Y,2,0,1,1,A,-,08,22107,,N,E,I,A,A,H,-,D,D,0,,,,,Y,Y,A,07,1,0,0,0,0,0,0,0,0,"- ","- ",37.474330902099609,-122.27745819091797,"SAN MATEO",UNINCORPORATED,-122.27857971191406,37.474174499511719
91453523,2021,2021-04-19,9335,2021-04-07,1440,022596,,3,2,4,4111,0,1,3,,2,041,"SR-1 S/B","MANOR DRIVE",802.00,S,N,A,-,Y,,,1,,,,,,S,Y,2,0,2,2,C,-,18,,,N,E,I,A,A,H,-,A,D,0,,,,,Y,,-,"- ",1,1,0,0,0,0,0,0,0,"- ","- ",37.647060394287109,-122.49160003662109,"SAN MATEO",PACIFICA,-122.49150848388672,37.64703369140625
91465859,2021,2021-05-05,9330,2021-04-26,1615,020954,,1,2,9,4100,0,3,5,,2,002,"PURISSIMA CREEK ROAD","VERDE ROAD",8448.00,E,N,A,-,N,,,,,,,,,,Y,2,0,1,1,C,-,18,,,N,F,A,A,A,H,-,A,D,0,,,Y,,Y,,-,"- ",1,0,0,0,0,0,0,0,1,"- ","- ",37.419269561767578,-122.39553833007812,"SAN MATEO",UNINCORPORATED,-122.39476776123047,37.420001983642578
91468579,2021,2021-05-10,9335,2021-05-08,0018,022096,,6,3,6,4106,0,1,3,,2,041,"SR-1 N/B TO I-280 N/B","SOUTHGATE AVENUE",1290.00,N,N,A,-,Y,,,1,,,,R,,N,Y,2,0,1,1,A,-,01,23152,A,N,E,J,A,A,H,-,C,D,0,,,,,Y,Y,A,01,1,0,0,0,0,0,0,0,0,"- ","- ",37.679218292236328,-122.47104644775391,"SAN MATEO","DALY CITY",-122.47104644775391,37.679218292236328
9149251,2020,2020-10-28,4114,2020-08-22,2327,0825,SNDS,6,5,4,4114,0,0,0,,0,002,"S SAN ANSELMO AV","SANTA DOMINGA AV",30.00,S,N,A,-,N,,,,,,,,,,N,2,0,1,1,A,-,21,22106,,N,H,A,A,A,H,-,C,D,0,,,,,Y,,D,22,1,0,0,0,0,0,0,0,0,"- ","- ",,,"SAN MATEO","SAN BRUNO",-122.40492248535156,37.616542816162109
91503855,2021,2021-06-23,9330,2021-06-15,1210,017984,,2,1,9,4100,0,3,5,,2,103,"DATE STREET","EDISON STREET",200.00,N,N,A,-,N,,,,,,,,,,N,2,0,1,2,A,-,03,22350,,N,H,E,A,A,H,-,A,D,0,,Y,,,Y,,L,04,1,0,0,0,0,0,1,0,0,"- ","- ",37.543659210205078,-122.50124359130859,"SAN MATEO",UNINCORPORATED,-122.50125885009766,37.543582916259766
91504396,2020,2021-06-23,9330,2020-06-23,1540,020207,,2,2,9,4100,0,1,1,,2,044,"I-280 S/B","CANADA ROAD",4224.00,S,N,A,-,Y,,,280,,,,,,S,Y,1,1,0,5,A,-,08,22107,,N,B,E,E,A,H,-,A,D,0,Y,,,Y,Y,,F,26,0,0,0,1,0,0,0,0,0,"- ","- ",37.459999084472656,-122.29039764404297,"SAN MATEO",UNINCORPORATED,-122.29052734375,37.459957122802734
91511147,2021,2021-07-01,9330,2021-06-24,1605,022244,,4,2,9,4100,0,3,5,,2,203,"CLOVERDALE ROAD","RANCH ROAD",2112.00,S,N,B,-,N,,,,,,,,,,Y,2,0,1,2,A,-,05,21460,A,N,D,C,A,A,D,-,A,D,0,,,Y,,Y,,C,02,1,0,0,0,0,0,0,0,1,"- ","- ",37.238910675048828,-122.36795043945312,"SAN MATEO",UNINCORPORATED,-122.36782836914062,37.238437652587891
9158946,2020,2020-11-16,4119,2020-09-14,2016,1802,,1,5,2,4119,0,0,0,,0,001,"87TH ST","EDGEWORTH AV",0.00,,Y,A,-,N,,,,,,,,,,Y,2,0,1,2,A,-,09,21801,,N,D,C,A,A,H,-,C,D,0,,,,Y,Y,,F,76,1,0,0,0,0,0,0,0,0,"- ","- ",,,"SAN MATEO",BROADMOOR,-122.47453308105469,37.693248748779297
91592306,2021,2021-10-11,9335,2021-09-03,1455,022667,,5,2,9,4100,0,1,3,,2,040,"SR-1 S/B","DEVIL'S SLIDE TRAIL",165.00,N,N,B,-,Y,,,1,,,,,,S,Y,2,0,1,2,A,-,03,22350,,N,E,8,A,A,H,-,A,A,0,,,Y,,Y,,A,01,1,0,0,0,0,0,0,0,1,"- ","- ",37.571109771728516,-122.51600646972656,"SAN MATEO",UNINCORPORATED,-122.51583862304688,37.571071624755859
91597016,2021,2021-10-15,9335,2021-09-12,1630,022241,,7,2,4,4114,0,1,1,,2,020,"I-280 S/B","THE SNEATH LANE OVERCROSSING",53.00,S,N,B,-,Y,,,280,,,,,,S,Y,2,0,1,2,A,-,07,21658,A,F,F,A,A,A,H,-,A,D,0,,,Y,,Y,Y,-,99,1,0,0,0,0,0,0,0,1,"- ","- ",37.630119323730469,-122.43498229980469,"SAN MATEO","SAN BRUNO",-122.43492126464844,37.630203247070312
91620161,2021,2022-03-16,9330,2021-08-19,2230,021953,,4,3,4,4109,0,1,1,,2,054,"US-101 S/B","HENDERSON RAILROAD OVERCROSSING",12.00,S,N,A,-,Y,,,101,,,,,,S,Y,2,0,3,3,A,-,03,22350,,N,C,2,A,A,D,-,C,D,0,,,,,Y,,A,01,1,1,1,0,0,0,0,0,0,"- ","- ",37.478931427001953,-122.17269134521484,"SAN MATEO","MENLO PARK",-122.17268371582031,37.47894287109375
91625805,2021,2021-11-16,9330,2021-11-04,1047,021884,,4,1,9,4100,0,1,3,,1,010,"SR-1 (CABRILLO HIGHWAY)","SECOND STREET",0.00,,Y,A,-,Y,,,1,,,,,,,N,2,0,1,2,A,-,09,21801,A,N,A,C,A,A,H,-,A,D,0,,,,,Y,,A,01,1,0,0,0,0,0,0,0,0,"- ","- ",37.545581817626953,-122.51399230957031,"SAN MATEO",UNINCORPORATED,-122.51403045654297,37.545604705810547
91633002,2021,2021-11-23,9330,2021-09-07,1500,020954,,2,2,9,4100,0,1,3,,2,052,"SR-35 (SKYLINE BOULEVARD)","OLD LA HONDA ROAD",1056.00,N,N,A,-,Y,,,35,,,,,,,Y,2,0,4,2,A,-,08,22107,,N,B,C,A,A,H,-,A,D,0,,,,,Y,,A,08,1,1,2,0,0,0,0,0,0,"- ","- ",37.372108459472656,-122.25688934326172,"SAN MATEO",UNINCORPORATED,-122.25688171386719,37.372138977050781
91661348,2021,2022-03-03,9330,2021-01-30,2356,022211,,6,3,4,4104,0,1,2,,2,038,"US-101  S/B","MILLBRAE AVENUE",2640.00,S,N,A,-,Y,,,101,,,,,,S,Y,1,1,0,2,A,-,01,23152,F,N,C,C,A,A,D,-,D,D,0,,,,,Y,,A,01,0,0,0,0,0,0,0,0,0,"- ","- ",37.597999572753906,-122.37348937988281,"SAN MATEO",BURLINGAME,-122.37352752685547,37.597946166992188
9167487,2020,2020-12-04,4106,2020-09-26,2329,2167,9,6,5,6,4106,0,0,0,,0,004,"SOUTHGATE AV","GLENROSE AV",31.00,S,N,A,-,N,,,,,,,,,,Y,2,0,1,2,A,-,06,21751,,N,D,C,A,A,H,-,C,D,0,,,,,Y,,A,01,1,0,0,0,0,0,0,0,0,"- ","- ",,,"SAN MATEO","DALY CITY",-122.49128723144531,37.694484710693359
91680658,2022,2022-01-19,9330,2022-01-17,1410,021648,,1,2,9,4100,0,2,4,,1,051,"MIDDLEFIELD ROAD","DUMBARTON AVENUE",5.00,S,N,A,-,N,,,,,,,,,,Y,2,0,1,2,A,-,09,21804,B,F,D,G,A,A,H,-,A,A,0,,Y,,,Y,,D,22,1,0,0,0,0,0,1,0,0,"- ","- ",37.47515869140625,-122.2091064453125,"SAN MATEO",UNINCORPORATED,-122.20909881591797,37.475151062011719
91682789,2022,2022-01-21,9330,2022-01-08,1445,022244,,6,2,9,4100,0,3,5,,2,004,"CAÑADA ROAD",SR-92,7920.00,S,N,A,-,N,,,,,,,,,,N,2,0,1,2,A,-,08,22107,,N,B,G,A,A,H,-,A,D,0,,Y,,,Y,,L,04,1,0,0,0,0,0,1,0,0,"- ","- ",37.492439270019531,-122.32447052001953,"SAN MATEO",UNINCORPORATED,-122.32427215576172,37.492332458496094
91689883,2021,2022-01-31,9330,2021-12-27,1538,022244,,1,2,4,4120,0,1,3,,1,035,"SR-92 W/B (SAN MATEO BRIDGE)","SUBSTATION 4",2640.00,W,N,B,-,Y,,,92,,,,,,W,N,2,0,1,2,A,-,17,22109,,N,E,I,A,B,H,-,A,D,0,,,,,Y,,A,01,1,0,0,0,0,0,0,0,0,"- ","- ",37.594928741455078,-122.22978973388672,"SAN MATEO","FOSTER CITY",-122.22975158691406,37.594791412353516
9169868,2020,2021-01-11,4100,2020-09-26,1110,25848,PV,6,5,2,4112,0,0,0,,0,031,"INDIAN CRSG","LONGSPUR ST",0.00,,Y,A,-,N,,,,,,,,,,N,2,0,1,1,A,-,03,22350,,N,H,A,A,A,H,-,A,D,0,,Y,,,Y,,L,04,1,0,0,0,0,0,1,0,0,"- ","- ",,,"SAN MATEO","PORTOLA VALLEY",-122.21128082275391,37.365470886230469
9170533,2020,2020-11-16,4113,2020-08-11,1933,476,11,2,5,5,4113,0,0,0,,0,023,"JEFFERSON AV",BROADWAY,0.00,,Y,-,-,N,,,,,,,,,,N,2,0,1,2,A,-,08,22107,,N,-,-,A,-,-,-,-,-,0,,Y,,,Y,,L,04,1,0,0,0,0,0,1,0,0,"- ","- ",37.486549377441406,-122.22817230224609,"SAN MATEO","REDWOOD CITY",-122.22817993164062,37.486541748046875
91707141,2022,2022-02-23,9330,2022-02-16,2027,019764,,3,2,9,4100,0,1,3,,1,010,"CAPISTRANO RD.",SR-1,162.00,W,N,A,-,N,,,,,,,,,,Y,2,0,1,1,A,-,08,22107,,M,E,I,A,A,H,-,C,D,0,,,,,Y,,A,01,1,0,0,0,0,0,0,0,0,"- ","- ",37.504798889160156,-122.48171234130859,"SAN MATEO",UNINCORPORATED,-122.48816680908203,37.50946044921875