CASE_ID,ACCIDENT_YEAR,PROC_DATE,JURIS,COLLISION_DATE,COLLISION_TIME,OFFICER_ID,REPORTING_DISTRICT,DAY_OF_WEEK,CHP_SHIFT,POPULATION,CNTY_CITY_LOC,SPECIAL_COND,BEAT_TYPE,CHP_BEAT_TYPE,CITY_DIVISION_LAPD,CHP_BEAT_CLASS,BEAT_NUMBER,PRIMARY_RD,SECONDARY_RD,DISTANCE,DIRECTION,INTERSECTION,WEATHER_1,WEATHER_2,STATE_HWY_IND,CALTRANS_COUNTY,CALTRANS_DISTRICT,STATE_ROUTE,ROUTE_SUFFIX,POSTMILE_PREFIX,POSTMILE,LOCATION_TYPE,RAMP_INTERSECTION,SIDE_OF_HWY,TOW_AWAY,COLLISION_SEVERITY,NUMBER_KILLED,NUMBER_INJURED,PARTY_COUNT,PRIMARY_COLL_FACTOR,PCF_CODE_OF_VIOL,PCF_VIOL_CATEGORY,PCF_VIOLATION,PCF_VIOL_SUBSECTION,HIT_AND_RUN,TYPE_OF_COLLISION,MVIW,PED_ACTION,ROAD_SURFACE,ROAD_COND_1,ROAD_COND_2,LIGHTING,CONTROL_DEVICE,CHP_ROAD_TYPE,PEDESTRIAN_ACCIDENT,BICYCLE_ACCIDENT,MOTORCYCLE_ACCIDENT,TRUCK_ACCIDENT,NOT_PRIVATE_PROPERTY,ALCOHOL_INVOLVED,STWD_VEHTYPE_AT_FAULT,CHP_VEHTYPE_AT_FAULT,COUNT_SEVERE_INJ,COUNT_VISIBLE_INJ,COUNT_COMPLAINT_PAIN,COUNT_PED_KILLED,COUNT_PED_INJURED,COUNT_BICYCLIST_KILLED,COUNT_BICYCLIST_INJURED,COUNT_MC_KILLED,COUNT_MC_INJURED,PRIMARY_RAMP,SECONDARY_RAMP,LATITUDE,LONGITUDE,COUNTY,CITY,POINT_X,POINT_Y
91707673,2022,2022-02-24,9345,2022-02-18,1920,022320,,5,2,4,4109,0,1,3,,2,084,"SR-84 NORTHBOUND","SAN MATEO COUNTY LINE",1584.00,S,N,A,-,Y,SM,,84,,R,29.457,H,,R,Y,2,0,1,4,A,-,03,22350,,N,C,2,A,A,H,-,D,D,0,,,,,Y,,D,22,1,0,0,0,0,0,0,0,0,"- ","- ",37.500030517578125,-122.12709045410156,"SAN MATEO","MENLO PARK",-122.12715911865234,37.500095367431641
91710787,2022,2022-02-28,9330,2022-01-22,1750,021957,,6,2,4,4114,0,1,S,,2,904,"I-280 NB TO SR-35 NB","SAN BRUNO AVE. W. PROLONGATION",4429.00,S,N,A,-,Y,SM,,35,,T,23.435,H,,R,Y,2,0,2,1,A,-,08,22107,,N,E,I,A,A,H,-,A,D,0,,,,,Y,,D,22,1,1,0,0,0,0,0,0,0,"- ","- ",37.608638763427734,-122.4326171875,"SAN MATEO","SAN BRUNO",-122.43267059326172,37.608608245849609
91738413,2022,2022-04-01,9335,2022-02-13,1154,022188,,7,1,6,4106,0,1,3,,2,041,"SR-1 S/B","CLARINADA AVENUE UNDERCROSSING",186.00,S,N,A,-,Y,SM,,1,,R,47.251,H,,L,Y,2,0,3,2,A,-,03,22350,,N,C,C,A,A,H,-,A,D,0,,,,,Y,,A,01,2,1,0,0,0,0,0,0,0,"- ","- ",37.671268463134766,-122.47673034667969,"SAN MATEO","DALY CITY",-122.47678375244141,37.671329498291016
91749776,2022,2022-04-18,9330,2022-03-31,1600,022849,,4,2,9,4100,0,1,3,,1,021,"STATE ROUTE 84","PESCADERO CREEK ROAD",0.00,,Y,A,-,N,,,,,,,,,,N,2,0,1,1,A,-,08,22107,,N,F,A,A,A,H,-,A,D,0,,Y,,,Y,,L,04,1,0,0,0,0,0,1,0,0,"- ","- ",37.312080383300781,-122.27619171142578,"SAN MATEO",UNINCORPORATED,-122.27619934082031,37.312038421630859
91783966,2021,2022-05-30,9335,2021-12-16,2210,019999,,4,3,6,4106,0,1,1,,2,021,"I-280 N/B","HICKEY BLVD",1753.00,N,N,C,-,Y,,,280,,,,,,N,Y,1,1,0,1,A,-,08,22107,,N,E,I,A,B,H,-,D,D,0,,,,,Y,,A,01,0,0,0,0,0,0,0,0,0,"- ","- ",37.668338775634766,-122.46572875976562,"SAN MATEO","DALY CITY",-122.46565246582031,37.668354034423828
91822021,2022,2022-07-21,9330,2022-05-28,0005,022141,,6,3,9,4100,0,3,5,,2,303,"POLHEMUS ROAD","CRYSTAL SPINGS ROAD",300.00,N,N,A,-,N,,,,,,,,,,N,2,0,3,1,A,-,08,22107,,F,E,I,A,A,H,-,D,D,0,,,,,Y,,A,01,3,0,0,0,0,0,0,0,0,"- ","- ",37.535011291503906,-122.34916687011719,"SAN MATEO",UNINCORPORATED,-122.34989929199219,37.534160614013672
91860249,2022,2022-09-08,9335,2022-08-31,1950,023044,,3,2,2,4103,0,1,2,,2,012,"US 101 S/B","ALANA WAY",1300.00,S,N,A,-,Y,SM,,101,,,25.895,H,,L,Y,2,0,3,3,A,-,07,21658,A,F,B,2,A,A,H,-,B,D,0,,,Y,,Y,,A,01,1,0,2,0,0,0,0,0,1,"- ","- ",37.705360412597656,-122.39443206787109,"SAN MATEO",BRISBANE,-122.39446258544922,37.705356597900391
9191849,2020,2021-02-01,4114,2020-11-11,1349,0048,SNB33,3,5,4,4114,0,0,0,,0,003,"SKYLINE BL","SAN BRUNO AV",0.00,,N,B,-,Y,SM,4,35,-,-,24.600,H,-,N,N,2,0,1,2,A,-,08,22107,,N,H,G,A,A,H,-,A,D,0,,Y,,,Y,,D,22,1,0,0,0,0,0,1,0,0,"- ","- ",,,"SAN MATEO","SAN BRUNO",-122.44483184814453,37.621295928955078
9192188,2020,2021-01-26,4113,2020-10-17,1742,428,3,6,5,5,4113,0,0,0,,0,003,"EL CAMINO REAL","MAPLE ST",0.00,,Y,A,-,Y,SM,4,82,-,-,3.820,H,-,S,N,2,0,1,2,A,-,17,22517,,N,H,G,A,A,H,-,A,D,0,,Y,,,Y,,D,22,1,0,0,0,0,0,1,0,0,"- ","- ",37.480369567871094,-122.22712707519531,"SAN MATEO","REDWOOD CITY",-122.22701263427734,37.480201721191406
91923089,2022,2022-11-21,9330,2022-11-08,0634,021942,,2,1,9,4100,0,1,1,,2,054,"I-280 SOUTHBOUND","SR-84 (WOODSIDE ROAD)",300.00,N,N,C,-,Y,SM,,280,,R,3.495,H,,L,Y,2,0,1,2,A,-,03,22350,,N,C,C,A,B,H,-,D,D,0,,,,,Y,,A,07,1,0,0,0,0,0,0,0,0,"- ","- ",37.436988830566406,-122.24533081054688,"SAN MATEO",UNINCORPORATED,-122.24538421630859,37.43695068359375
91925052,2022,2022-11-23,9330,2022-11-10,0842,023011,,4,1,4,4115,0,1,2,,2,048,"US-101 S/B","HOLLY STREET",4224.00,S,N,A,-,Y,SM,,101,,,7.593,H,,L,Y,2,0,1,2,A,-,03,22350,,N,C,C,A,A,H,-,A,D,0,,,Y,,Y,,C,02,1,0,0,0,0,0,0,0,1,"- ","- ",37.505180358886719,-122.24639892578125,"SAN MATEO","SAN CARLOS",-122.24639129638672,37.50518798828125
91925157,2022,2022-11-23,9335,2022-11-15,0150,023067,,2,3,2,4103,0,1,2,,2,012,"US-101 N/B","ALANA WAY",3550.00,S,N,A,-,Y,SM,,101,,,25.455,H,,R,Y,2,0,2,2,A,-,03,22350,,N,C,2,A,A,H,-,D,D,0,,,,,Y,,A,01,1,0,1,0,0,0,0,0,0,"- ","- ",37.699241638183594,-122.392822265625,"SAN MATEO",BRISBANE,-122.39280700683594,37.699241638183594
91938220,2022,2022-12-09,9330,2022-11-26,1105,022409,,6,1,9,4100,0,1,1,,2,044,"EDGEWOOD ROAD","I-280 SB TO EDGEWOOD ROAD OFFRAMP",0.00,,Y,A,-,N,,,,,,,,,,Y,2,0,2,2,A,-,09,21800,A,N,D,D,A,A,H,-,A,A,0,,,,,Y,,A,01,1,1,0,0,0,0,0,0,0,"- ","- ",37.467769622802734,-122.29334259033203,"SAN MATEO",UNINCORPORATED,,
91943484,2022,2022-12-23,9330,2022-04-08,1628,022279,,5,2,9,4100,0,1,3,,1,011,"STATE ROUTE 92 WESTBOUND","CAÑADA ROAD",1600.00,W,N,A,-,Y,SM,,92,,T,6.829,H,,L,Y,1,1,1,2,A,-,05,21460,A,N,A,C,A,A,H,-,A,D,0,,,,,Y,,A,01,0,0,1,0,0,0,0,0,0,"- ","- ",37.510379791259766,-122.34490966796875,"SAN MATEO",UNINCORPORATED,-122.34493255615234,37.510364532470703
91972228,2022,2023-10-12,9330,2022-06-25,1619,022735,,6,2,9,4100,0,1,3,,1,020,"STATE ROUTE 1 (CABRILLO HIGHWAY)","STAGE ROAD",2112.00,S,N,A,-,Y,SM,,1,,,19.001,H,,R,Y,1,1,3,3,A,-,01,23152,A,N,E,6,A,A,H,-,A,D,0,,Y,,,Y,Y,A,01,2,1,0,0,0,1,0,0,0,"- ","- ",37.331790924072266,-122.39185333251953,"SAN MATEO",UNINCORPORATED,-122.39183044433594,37.331802368164062
91994464,2023,2023-02-14,9330,2023-02-03,"605 ",022914,,5,1,4,4104,0,1,2,,2,038,"US-101 S/B",BROADWAY,1078.00,S,N,C,-,Y,SM,,101," "," ",16.394,H,,L,Y,2,0,1,2,A,-,03,22350,,N,E,I,A,B,F,-,C,D,0,,,,,Y,,A,07,1,0,0,0,0,0,0,0,0,"- ","- ",37.588459014892578,-122.3583984375,"SAN MATEO",BURLINGAME,-122.35845947265625,37.588375091552734
9203014,2020,2021-02-06,4106,2020-12-07,2313,2151,8,1,5,6,4106,0,0,0,,0,004,"JOHN DALY BL","SHEFFIELD DR",191.00,W,N,A,-,N,,,,,,,,,,N,2,0,1,2,A,-,11,21955,,N,G,B,E,A,H,-,C,D,0,Y,,,,Y,Y,N,60,1,0,0,0,1,0,0,0,0,"- ","- ",,,"SAN MATEO","DALY CITY",-122.47620391845703,37.703983306884766
9203897,2020,2021-01-12,4127,2020-11-16,1724,2232,4127,1,5,4,4127,0,0,0,,0,004,"UNIVERSITY AV","WOODLAND AV",6.00,E,N,A,-,N,,,,,,,,,,N,2,0,1,2,A,-,12,21453,A,N,D,G,A,A,H,-,C,A,0,,Y,,,Y,,L,04,1,0,0,0,0,0,1,0,0,"- ","- ",,,"SAN MATEO","EAST PALO ALTO",-122.1417236328125,37.457981109619141
92059515,2023,2023-10-16,9335,2023-04-21,1534,021339,,5,2,6,4106,0,1,1,,2,021,"I-280 N/B","JOHN DALY BLVD OVERCROSSING",1690.00,S,N,A,-,Y,SM,,280," ",R,26.826,H,,R,Y,2,0,1,3,A,-,07,21658,A,N,B,C,A,A,H,-,A,D,0,,,Y,,Y,,A,01,1,0,0,0,0,0,0,0,1,"- ","- ",37.700218200683594,-122.47138214111328,"SAN MATEO","DALY CITY",-122.47135925292969,37.700218200683594
92074190,2023,2023-05-22,9330,2023-05-09,"800 ",023039,,2,1,4,4109,0,1,2,,2,058,"US 101 S/B","MARSH ROAD",330.00,N,N,B,-,Y,SM,,101," "," ",3.803,H,,L,Y,2,0,1,2,A,-,03,22350,,N,B,C,A,A,H,-,A,D,0,,,Y,,Y,,C,02,1,0,0,0,0,0,0,0,1,"- ","- ",37.484371185302734,-122.18447113037109,"SAN MATEO","MENLO PARK",-122.18444061279297,37.484443664550781
92099572,2023,2023-06-22,9330,2023-06-20,1112,022774,,2,1,4,4127,0,1,2,,2,058,"US-101 S/B TO UNIVERSITY AVENUE","UNIVERSITY AVENUE",220.00,S,N,A,-,Y,,,,,,,,,,Y,2,0,1,1,A,-,03,22350,,N,F,A,A,A,H,-,A,D,0,,,,Y,Y,,F,27,1,0,0,0,0,0,0,0,0,"- ","- ",37.45928955078125,-122.13996887207031,"SAN MATEO","EAST PALO ALTO",-122.13996887207031,37.45928955078125
92110948,2022,2023-07-06,9335,2022-07-11,0515,022187,,1,3,6,4106,0,1,3,,2,041,"SR-1 N/B","THE NORTH EDGE OF THE I-280 N/B TO SR-1 S/B OVER-C",340.00,N,N,E,-,Y,SM,,1,,R,47.862,H,,R,Y,1,1,0,3,A,-,03,22350,,N,C,C,E,B,H,-,D,D,0,Y,,,,Y,,A,01,0,0,0,1,0,0,0,0,0,"- ","- ",37.678718566894531,-122.47120666503906,"SAN MATEO","DALY CITY",-122.47119140625,37.678718566894531
9216923,2020,2021-02-12,4106,2020-11-25,2246,2150,10,3,5,6,4106,0,0,0,,0,004,"SKYLINE BL","WESTRIDGE DR",0.00,,Y,A,-,N,,,,,,,,,,N,2,0,1,2,D,-,00,,,F,G,B,E,A,H,-,C,D,0,Y,,,,Y,,-,"- ",1,0,0,0,1,0,0,0,0,"- ","- ",,,"SAN MATEO","DALY CITY",-122.49281311035156,37.690460205078125
92186307,2023,2023-10-02,9330,2023-09-17,1600,023032,,7,2,9,4100,0,3,5,,2,203,"EASTBOUND PESCADERO ROAD","WURR ROAD",100.00,W,N,A,-,N,,,,,,,,,,N,2,0,1,1,A,-,01,23152,A,N,E,8,A,A,H,-,A,D,0,,,,,Y,Y,A,01,1,0,0,0,0,0,0,0,0,"- ","- ",37.270481109619141,-122.30796051025391,"SAN MATEO",UNINCORPORATED,-122.28749847412109,37.276779174804688
92232366,2023,2024-07-10,9330,2023-11-09,"459 ",023320,,4,3,4,4104,0,1,2,,2,038,"US-101 N/B",BROADWAY,0.30,N,N,A,-,Y,SM,,101," "," ",16.950,H,,R,Y,2,0,1,2,A,-,03,22350,,N,D,C,A,A,H,-,C,D,0,,,Y,,Y,,C,02,1,0,0,0,0,0,0,0,1,"- ","- ",37.593498229980469,-122.36636352539062,"SAN MATEO",BURLINGAME,-122.36634826660156,37.593513488769531
92234524,2023,2023-11-13,9330,2023-11-01,1558,019764,,3,2,9,4100,0,1,1,,2,054,"I-280 N/B","WOODSIDE RD.",2082.00,S,N,A,-,Y,SM,,280," ",R,2.915,H,,R,Y,2,0,1,1,A,-,08,22107,,N,E,8,A,A,H,-,A,D,0,,,,,Y,,A,01,1,0,0,0,0,0,0,0,0,"- ","- ",37.431148529052734,-122.23774719238281,"SAN MATEO",UNINCORPORATED,-122.23786926269531,37.431049346923828
9231879,2021,2021-04-27,4104,2021-04-06,2207,0249,1,2,5,4,4104,0,0,0,,0,00A,"RT 82","CYPRESS AV",0.00,,Y,A,-,Y,SM,4,82,-,-,13.090,I,5,S,Y,2,0,2,2,D,-,00,,,N,D,C,A,A,H,-,C,A,0,,,,,Y,,-,"- ",1,1,0,0,0,0,0,0,0,"- ","- ",37.578609466552734,-122.35006713867188,"SAN MATEO",BURLINGAME,-122.34529113769531,37.575141906738281
92328178,2023,2024-03-04,9335,2023-09-03,"434 ",023366,,7,3,4,4114,0,1,1,,2,038,"I-380 W/B TO EL CAMINO REAL","EL CAMINO REAL",330.00,E,N,A,-,Y,,,,,,,,,,Y,2,0,3,1,A,-,01,23152,A,N,E,I,A,A,H,-,C,D,0,,,,,Y,Y,A,01,1,1,1,0,0,0,0,0,0,"- ","- ",37.634078979492188,-122.41799926757812,"SAN MATEO","SAN BRUNO",-122.41799926757812,37.634078979492188
92339326,2023,2024-03-15,9330,2023-07-12,"530 ",022409,,3,3,3,4108,0,1,1,,2,034,"I-280 S/B","HAYNE ROAD",2640.00,S,N,B,-,Y,,,,,,,,,,Y,1,1,0,1,A,-,08,22107,,N,E,8,A,A,H,-,A,D,0,,,,,Y,,A,01,0,0,0,0,0,0,0,0,0,"- ","- ",37.541419982910156,-122.36685180664062,"SAN MATEO",HILLSBOROUGH,,
9237851,2021,2021-04-15,4114,2021-02-18,1742,0048,SNB12,4,5,4,4114,0,0,0,,0,002,"LINDEN AV","ELM AV",166.00,E,N,A,-,N,,,,,,,,,,N,2,0,1,1,A,-,21,22106,,N,E,I,A,A,H,-,A,D,0,,,,,Y,,D,22,1,0,0,0,0,0,0,0,0,"- ","- ",,,"SAN MATEO","SAN BRUNO",-122.41802978515625,37.627426147460938
92380778,2024,2024-05-02,9330,2024-04-21,1545,023556,,7,2,5,4113,0,3,5,,2,505,"MIDDLEFIELD WAY","SIXTH AVENUE",7.40,S,N,A,-,N,,,,,,,,,,N,2,0,3,3,A,-,10,21950,A,N,G,1,B,A,H,-,A,A,0,Y,,,,Y,,A,07,2,0,1,0,2,0,0,0,0,"- ","- ",37.471481323242188,-122.20359802246094,"SAN MATEO","REDWOOD CITY",-122.20362854003906,37.471515655517578
92421182,2023,2024-06-24,9335,2023-11-14,1902,022596,,2,2,5,4117,0,1,2,,2,012,"US-101 S/B","GRAND AVENUE UNDERCROSSING",2481.00,N,N,A,-,Y,SM,,101," "," ",22.457,H,,L,N,1,1,0,2,A,-,11,21954,A,N,G,B,E,A,H,-,C,D,0,Y,,,,Y,,N,60,0,0,0,1,0,0,0,0,0,"- ","- ",37.660591125488281,-122.40399169921875,"SAN MATEO","SOUTH SAN FRANCISCO",-122.40399932861328,37.660594940185547
92422198,2024,2024-06-24,9330,2024-05-28,2355,023256,,2,3,5,4116,0,1,3,,2,031,"SR-92 E/B","W. HILLSDALE BOULEVARD",315.00,E,N,A,-,Y,SM,,92," ",R,9.452,H,,R,Y,2,0,2,2,A,-,01,23152,A,N,A,2,A,A,H,-,C,D,0,,,,,Y,Y,A,01,2,0,0,0,0,0,0,0,0,"- ","- ",37.533538818359375,-122.32933807373047,"SAN MATEO","SAN MATEO",-122.32933044433594,37.533538818359375
92439514,2024,2024-07-15,9330,2024-07-04,1110,023857,,4,1,9,4100,0,1,3,,2,042,SR-35,"OLD LA HONDA RD",2112.00,S,N,A,-,N,,,,,,,,,,Y,2,0,1,1,A,-,08,22107,,N,E,I,A,A,H,-,A,D,0,,,Y,,Y,,C,02,1,0,0,0,0,0,0,0,1,"- ","- ",37.367469787597656,-122.24758148193359,"SAN MATEO",UNINCORPORATED,-122.24776458740234,37.367485046386719
9249143,2021,2021-04-27,4113,2021-03-30,1821,445,2,2,5,5,4113,0,0,0,,0,002,"SEAPORT BL","SEAPORT CT",0.00,,Y,A,-,N,,,,,,,,,,N,2,0,2,3,A,-,17,21663,,F,G,B,F,A,H,-,A,D,0,Y,,,,Y,Y,D,23,1,1,0,0,2,0,0,0,0,"- ","- ",37.513778686523438,-122.20194244384766,"SAN MATEO","REDWOOD CITY",-122.21070098876953,37.502605438232422
9250344,2021,2021-04-30,4116,2021-04-01,1046,25586,24,4,5,5,4116,0,0,0,,0,00A,"CRYSTAL SPRINGS RD","W 3RD AV",114.00,E,N,A,-,N,,,,,,,,,,N,2,0,1,1,C,-,18,,,N,E,J,A,A,C,G,A,D,0,,Y,,,Y,,-,"- ",1,0,0,0,0,0,1,0,0,"- ","- ",37.559761047363281,-122.33168029785156,"SAN MATEO","SAN MATEO",-122.33142852783203,37.559986114501953
9258179,2021,2021-05-05,4116,2021-04-13,1331,28071,13A,2,5,5,4116,0,0,0,,0,00A,"S HUMBOLDT ST","EAST 4TH AV",0.00,,Y,A,-,N,,,,,,,,,,Y,2,0,1,2,A,-,12,21453,A,N,D,C,A,A,H,-,A,A,0,,,Y,,Y,,C,02,1,0,0,0,0,0,0,0,1,"- ","- ",37.569229125976562,-122.31553649902344,"SAN MATEO","SAN MATEO",-122.3155517578125,37.568916320800781
9272148,2021,2021-06-10,4120,2021-04-12,1551,209,9,1,5,4,4120,0,0,0,,0,00Y,"EDGEWATER BL","EAST HILLSDALE BL",0.00,,Y,A,-,N,,,,,,,,,,Y,2,0,1,2,A,-,12,21453,A,N,B,C,A,A,H,-,A,A,0,,,,,Y,,A,07,1,0,0,0,0,0,0,0,0,"- ","- ",37.554279327392578,-122.27747344970703,"SAN MATEO","FOSTER CITY",-122.27756500244141,37.554370880126953
9273101,2021,2021-06-15,4113,2021-05-26,1830,477,6,3,5,5,4113,0,0,0,,0,006,"HUDSON ST","VERA AV",0.00,,Y,A,-,N,,,,,,,,,,N,2,0,1,2,A,-,12,22450,A,F,B,G,A,A,H,-,A,D,0,,Y,,,Y,,L,04,1,0,0,0,0,0,1,0,0,"- ","- ",37.475471496582031,-122.23394012451172,"SAN MATEO","REDWOOD CITY",-122.23394775390625,37.475467681884766
9287400,2021,2021-07-28,4113,2021-06-27,0013,471,5,7,5,5,4113,0,0,0,,0,005,"EL CAMINO REAL","HAZEL AV",0.00,,Y,A,-,Y,SM,4,82,-,-,3.342,I,5,S,Y,2,0,1,2,A,-,11,21954,A,N,G,B,D,A,H,-,C,D,0,Y,,,,Y,Y,N,60,1,0,0,0,1,0,0,0,0,"- ","- ",37.475650787353516,-122.22075653076172,"SAN MATEO","REDWOOD CITY",-122.22057342529297,37.475563049316406
9301761,2021,2021-09-07,4113,2021-01-23,1759,1759,8,6,5,5,4113,0,0,0,,0,008,"RT 84","KENTUCKY ST",0.00,,Y,A,-,Y,SM,4,84,-,-,23.118,I,5,N,Y,1,1,0,2,A,-,10,21950,A,N,G,B,B,A,H,-,C,D,0,Y,,,,Y,,D,22,0,0,0,1,0,0,0,0,0,"- ","- ",37.454990386962891,-122.22825622558594,"SAN MATEO","REDWOOD CITY",-122.22882080078125,37.454566955566406
9356283,2021,2021-11-02,4113,2021-09-12,0008,483,8,7,5,5,4113,0,0,0,,0,008,"VALOTA RD","SILVER AV",0.00,,Y,A,-,N,,,,,,,,,,Y,2,0,1,2,A,-,03,22350,,N,E,J,A,A,H,-,C,D,0,,,,,Y,,A,,1,0,0,0,0,0,0,0,0,"- ","- ",37.465888977050781,-122.23438262939453,"SAN MATEO","REDWOOD CITY",-122.23419952392578,37.465614318847656
94461591,2024,2024-11-07,9335,2024-04-08,2210,023685,,1,3,9,4100,0,1,2,,2,011,"US-101 S/B","SAN BRUNO AVENUE OVERCORSSING",1735.00,S,N,A,-,Y,SM,,101," "," ",20.027,H,,L,Y,1,1,0,2,A,-,11,21954,A,N,G,B,E,A,H,-,C,D,0,Y,,,,Y,,N,60,0,0,0,1,0,0,0,0,0,"- ","- ",37.626148223876953,-122.40177154541016,"SAN MATEO",UNINCORPORATED,-122.40182495117188,37.626136779785156
9447613,2022,2022-10-03,4103,2022-08-21,1232,LU400,1,7,5,2,4103,0,0,0,,0,00U,"SAN BRUNO AV","MARIPOSA ST",94.00,N,N,A,-,N,,,,,,,,,,N,2,0,1,2,A,-,00,21954,,N,G,B,D,A,H,-,A,D,0,Y,,,,Y,,N,60,1,0,0,0,1,0,0,0,0,"- ","- ",37.768939971923828,-122.40577697753906,"SAN MATEO",BRISBANE,-122.40164947509766,37.684024810791016
9452596,2022,2022-06-24,4113,2022-05-08,1640,461,3,7,5,5,4113,0,0,0,,0,003,"CHESTNUT ST","HELLER ST",0.00,,Y,A,-,N,,,,,,,,,,N,2,0,1,1,A,-,03,22350,,N,H,J,A,D,A,-,A,D,0,,Y,,,Y,,L,04,1,0,0,0,0,0,1,0,0,"- ","- ",37.481361389160156,-122.22228240966797,"SAN MATEO","REDWOOD CITY",-122.22229766845703,37.481372833251953
94644550,2025,2025-04-10,9330,2025-03-29,"127 ",023696,,6,3,4,4102,0,1,2,,2,048,"US-101 N/B","RALSTON AVENUE",686.00,S,N,A,-,Y,SM,,101," "," ",9.407,H,,R,Y,2,0,2,2,A,-,01,23152,A,N,C,C,A,A,H,-,D,D,0,,,,,Y,Y,A,01,2,0,0,0,0,0,0,0,0,"- ","- ",37.524871826171875,-122.26821899414062,"SAN MATEO",BELMONT,-122.268310546875,37.524803161621094
94666071,2025,2025-04-28,9330,2025-04-11,"930 ",022920,,5,1,9,4100,0,1,3,,2,042,SR-35,"CYPRESS RIDGE ROAD",1162.00,S,N,A,-,Y,SM,,35," "," ",19.361,H,,R,Y,2,0,2,3,A,-,05,21651,B,N,A,2,A,A,H,-,A,A,0,,,,Y,Y,,-,"- ",1,0,1,0,0,0,0,0,0,"- ","- ",37.458209991455078,-122.3385009765625,"SAN MATEO",UNINCORPORATED,-122.33846282958984,37.458229064941406
94772071,2024,2025-07-22,9335,2024-08-04,"246 ",023593,,7,3,6,4106,0,1,1,,2,021,"I-280 SOUTHBOUND","JOHN DALY BOULEVARD",560.00,S,N,A,-,Y,SM,,280," ",M,27.036,H,,L,Y,2,0,2,1,A,-,08,22107,,N,E,8,A,A,H,-,C,D,0,,,,,Y,,A,01,1,1,0,0,0,0,0,0,0,"- ","- ",37.703220367431641,-122.47206115722656,"SAN MATEO","DALY CITY",-122.47213745117188,37.703220367431641
94803480,2025,2025-08-15,9330,2025-05-26,1425,024394,,1,2,4,4127,0,1,2,,2,058,"US-101 N/B","UNIVERSITY AVENUE",4118.00,S,N,A,-,Y,SM,,101," "," ",0.188,H,,R,Y,2,0,4,4,A,-,01,23152,A,N,C,2,A,A,H,-,A,D,0,,,,,Y,Y,A,01,1,3,0,0,0,0,0,0,0,"- ","- ",37.454441070556641,-122.13063812255859,"SAN MATEO","EAST PALO ALTO",-122.13058471679688,37.454498291015625
94832252,2025,2025-09-05,9330,2025-06-07,2130,023570,,6,2,9,4100,0,1,3,,1,020,SR-1,"PESCADERO CREEK ROAD",1000.00,N,N,A,-,Y,SM,,1," "," ",14.594,H,,R,Y,2,0,2,2,A,-,01,23152,A,N,C,E,A,A,H,-,D,D,0,,,,,Y,Y,A,01,1,0,1,0,0,0,0,0,0,"- ","- ",37.273761749267578,-122.40879058837891,"SAN MATEO",UNINCORPORATED,-122.40873718261719,37.273750305175781
9512585,2022,2022-11-03,4113,2022-09-25,2144,461,5,7,5,5,4113,0,0,0,,0,005,"EL CAMINO REAL","HAZEL AV",0.00,,Y,A,-,Y,SM,4,82,-,-,3.342,I,5,S,Y,2,0,1,2,A,-,01,23152,A,F,H,G,A,A,H,-,C,D,0,,Y,,,Y,Y,A,01,1,0,0,0,0,0,1,0,0,"- ","- ",37.475650787353516,-122.22075653076172,"SAN MATEO","REDWOOD CITY",-122.22063446044922,37.475498199462891
9520529,2023,2025-07-22,4113,2023-03-31,2123,433,2,5,5,5,4113,0,0,0,,0,002,"VETERANS BL","MAPLE ST",320.00,N,N,A,-,N,,,,,,,,,,N,1,1,0,3,A,-,09,21804,A,F,H,G,A,A,H,-,E,D,0,,Y,,,Y,Y,A,01,0,0,0,0,0,1,0,0,0,"- ","- ",37.489898681640625,-122.2235107421875,"SAN MATEO","REDWOOD CITY",-122.22293853759766,37.489475250244141
9532081,2022,2022-11-15,4103,2022-09-28,0500,LU400,1,3,5,2,4103,0,0,0,,0,00U,"BAYSHORE BL","GUADALUPE CANYON",2.00,N,N,A,-,N,,,,,,,,,,N,2,0,1,2,A,-,11,21950,B,F,G,B,B,A,H,-,C,A,0,Y,,,,Y,,N,60,1,0,0,0,1,0,0,0,0,"- ","- ",37.692550659179688,-122.40458679199219,"SAN MATEO",BRISBANE,-122.40463256835938,37.692523956298828
9536769,2022,2022-12-13,4127,2022-04-14,0107,2247,4217,4,5,4,4127,0,0,0,,0,001,"BAY RD","UNIVERSITY AV",163.00,S,N,A,-,N,,,,,,,,,,N,2,0,1,2,A,-,00,21954,,F,G,B,D,A,H,-,C,A,0,Y,,,,Y,,N,60,1,0,0,0,1,0,0,0,0,"- ","- ",,,"SAN MATEO","EAST PALO ALTO",-122.13939666748047,37.471649169921875