CASE_ID,ACCIDENT_YEAR,PROC_DATE,JURIS,COLLISION_DATE,COLLISION_TIME,OFFICER_ID,REPORTING_DISTRICT,DAY_OF_WEEK,CHP_SHIFT,POPULATION,CNTY_CITY_LOC,SPECIAL_COND,BEAT_TYPE,CHP_BEAT_TYPE,CITY_DIVISION_LAPD,CHP_BEAT_CLASS,BEAT_NUMBER,PRIMARY_RD,SECONDARY_RD,DISTANCE,DIRECTION,INTERSECTION,WEATHER_1,WEATHER_2,STATE_HWY_IND,CALTRANS_COUNTY,CALTRANS_DISTRICT,STATE_ROUTE,ROUTE_SUFFIX,POSTMILE_PREFIX,POSTMILE,LOCATION_TYPE,RAMP_INTERSECTION,SIDE_OF_HWY,TOW_AWAY,COLLISION_SEVERITY,NUMBER_KILLED,NUMBER_INJURED,PARTY_COUNT,PRIMARY_COLL_FACTOR,PCF_CODE_OF_VIOL,PCF_VIOL_CATEGORY,PCF_VIOLATION,PCF_VIOL_SUBSECTION,HIT_AND_RUN,TYPE_OF_COLLISION,MVIW,PED_ACTION,ROAD_SURFACE,ROAD_COND_1,ROAD_COND_2,LIGHTING,CONTROL_DEVICE,CHP_ROAD_TYPE,PEDESTRIAN_ACCIDENT,BICYCLE_ACCIDENT,MOTORCYCLE_ACCIDENT,TRUCK_ACCIDENT,NOT_PRIVATE_PROPERTY,ALCOHOL_INVOLVED,STWD_VEHTYPE_AT_FAULT,CHP_VEHTYPE_AT_FAULT,COUNT_SEVERE_INJ,COUNT_VISIBLE_INJ,COUNT_COMPLAINT_PAIN,COUNT_PED_KILLED,COUNT_PED_INJURED,COUNT_BICYCLIST_KILLED,COUNT_BICYCLIST_INJURED,COUNT_MC_KILLED,COUNT_MC_INJURED,PRIMARY_RAMP,SECONDARY_RAMP,LATITUDE,LONGITUDE,COUNTY,CITY,POINT_X,POINT_Y
9570939,2023,2023-04-27,4127,2023-03-24,1225,2275,4127,5,5,4,4127,0,0,0,,0,003,"UNIVERSITY AV","RUNNYMEDED ST",135.00,W,N,A,-,N,,,,,,,,,,Y,2,0,2,2,A,-,16,24002,A,N,C,C,A,A,H,-,-,A,0,,,,,Y,,I,11,1,1,0,0,0,0,0,0,0,"- ","- ",,,"SAN MATEO","EAST PALO ALTO",-122.14141082763672,37.468154907226562
9659077,2024,2024-03-26,4113,2024-01-20,"58  ",497,6,6,5,5,4113,0,0,0,,0,006,"ROOSEVELT AV","EL CAMINO REAL",159.00,W,N,B,-,N,,,,,,,,,,N,2,0,1,2,A,-,06,21750,A,N,B,G,A,B,H,-,C,D,0,,Y,,,Y,,L,04,1,0,0,0,0,0,1,0,0,"- ","- ",37.478279113769531,-122.22538757324219,"SAN MATEO","REDWOOD CITY",-122.22595977783203,37.478790283203125
9669765,2024,2024-03-18,4106,2024-01-20,1511,2188,8,6,5,6,4106,0,0,0,,0,004,"LAKE MERCED BL","JOHN DALY BL",0.00,,Y,C,-,N,,,,,,,,,,N,2,0,1,2,A,-,10,21950,A,N,G,B,B,B,H,-,A,A,0,Y,,,,Y,,A,01,1,0,0,0,1,0,0,0,0,"- ","- ",37.701450347900391,-122.48497772216797,"SAN MATEO","DALY CITY",-122.48490905761719,37.701442718505859
9669813,2024,2024-04-26,4106,2024-01-30,1854,2173,12,2,5,6,4106,0,0,0,,0,005,"SOUTHGATE AV","CARLETON AV",0.00,,Y,A,-,N,,,,,,,,,,N,2,0,1,2,A,-,10,21950,,N,G,B,B,A,H,-,C,D,0,Y,,,,Y,,A,01,1,0,0,0,1,0,0,0,0,"- ","- ",,,"SAN MATEO","DALY CITY",-122.48709106445312,37.682369232177734
9677439,2024,2024-08-30,4113,2024-05-02,2335,457,8,4,5,5,4113,0,0,0,,0,008,"JEFFERSON AV","EMERALD HILL RD",0.00,,Y,A,-,N,,,,,,,,,,N,2,0,1,2,A,-,01,23152,A,N,B,E,A,A,H,-,C,D,0,,,,,Y,Y,A,01,1,0,0,0,0,0,0,0,0,"- ","- ",37.460098266601562,-122.25837707519531,"SAN MATEO","REDWOOD CITY",-122.25820159912109,37.459854125976562
9685787,2024,2024-07-03,4111,2024-05-27,"635 ",P5155,P09,1,5,4,4111,0,0,0,,0,0P2,"SKYLINE BL","KING DR",547.00,N,N,A,-,N,,,,,,,,,,N,2,0,1,1,B,-,22,,,N,E,J,A,A,H,-,A,D,0,,,,,Y,,A,01,1,0,0,0,0,0,0,0,0,"- ","- ",,,"SAN MATEO",PACIFICA,-122.47158813476562,37.650657653808594
9686426,2024,2024-07-22,4102,2024-05-21,1605,12,1D,2,5,4,4102,0,0,0,,0,001,"OLD COUNTY RD","MASONIC WY",0.00,,Y,A,-,N,,,,,,,,,,N,2,0,1,2,A,-,10,21950,A,N,G,B,B,A,H,-,A,A,0,Y,,,,Y,,A,01,1,0,0,0,1,0,0,0,0,"- ","- ",37.521560668945312,-122.27601623535156,"SAN MATEO",BELMONT,-122.27603149414062,37.521556854248047
9687422,2024,2024-05-13,4102,2024-03-24,1759,09,6CI,7,5,4,4102,0,0,0,,0,003,"RALSTON AV","LYALL RD",0.00,,Y,A,-,N,,,,,,,,,,N,2,0,1,2,A,-,09,21801,A,N,H,G,A,A,H,-,A,D,0,,Y,,,Y,,A,01,1,0,0,0,0,0,1,0,0,"- ","- ",37.511238098144531,-122.29743194580078,"SAN MATEO",BELMONT,-122.29740905761719,37.511245727539062
9712101,2023,2024-09-04,4106,2023-12-18,2054,2199,13,1,5,6,4106,0,0,0,,0,006,"SOUTHGATE AV","SULLIVAN AV",0.00,,Y,C,-,N,,,,,,,,,,Y,2,0,1,2,A,-,10,21950,A,F,G,B,B,B,H,-,C,A,0,Y,,,,Y,,A,01,1,0,0,0,1,0,0,0,0,"- ","- ",37.675838470458984,-122.47335052490234,"SAN MATEO","DALY CITY",-122.47335815429688,37.675827026367188
9722665,2024,2024-09-06,4113,2024-08-04,1305,461,4,7,5,5,4113,0,0,0,,0,004,"EAST BAYSHORE RD","WOODSIDE RD",0.00,,Y,A,-,N,,,,,,,,,,N,2,0,1,2,A,-,00,21760,C,N,H,G,A,A,H,-,A,D,0,,Y,,,Y,,D,22,1,0,0,0,0,0,1,0,0,"- ","- ",37.491401672363281,-122.21151733398438,"SAN MATEO","REDWOOD CITY",-122.21181488037109,37.490966796875
9751461,2023,2025-02-11,4106,2023-01-01,2048,2146,3,7,5,6,4106,0,0,0,,0,002,"SAN JOSE AV","WILSON ST",0.00,,Y,A,-,N,,,,,,,,,,N,1,1,0,2,A,-,03,22350,,N,G,B,B,A,H,-,C,D,0,Y,,,,Y,,D,22,0,0,0,1,0,0,0,0,0,"- ","- ",37.707939147949219,-122.45944976806641,"SAN MATEO","DALY CITY",-122.45943450927734,37.707912445068359
9780083,2025,2025-03-11,4120,2025-01-11,1246,211,9,6,5,4,4120,0,0,0,,0,00V,"EAST HILLSDALE BL","LIGHT POLE 1022B",55.00,W,N,A,-,N,,,,,,,,,,N,1,1,0,1,A,-,08,22107,,N,E,I,A,A,H,-,A,D,0,,,,,Y,,A,01,0,0,0,0,0,0,0,0,0,"- ","- ",37.554279327392578,-122.27745819091797,"SAN MATEO","FOSTER CITY",,
9800769,2025,2025-05-16,4113,2025-03-03,"140 ",479,3,1,5,5,4113,0,0,0,,0,006,"EL CAMINO REAL","MAPLE ST",0.00,,Y,A,-,Y,SM,4,82,-,-,3.827,I,5,S,Y,2,0,1,2,A,-,11,21950,B,N,G,B,B,A,H,-,C,A,0,Y,,,,Y,,N,60,1,0,0,0,1,0,0,0,0,"- ","- ",,,"SAN MATEO","REDWOOD CITY",-122.22723388671875,37.480274200439453
9802622,2025,2025-05-05,4106,2025-01-29,"636 ",2188,8,3,5,6,4106,0,0,0,,0,004,"JOHN DALY BL","CLIFFSIDE DR",0.00,,Y,B,-,N,,,,,,,,,,N,2,0,1,2,A,-,11,21954,A,N,G,B,D,A,H,-,C,D,0,Y,,,,Y,,N,60,1,0,0,0,1,0,0,0,0,"- ","- ",37.702098846435547,-122.48223876953125,"SAN MATEO","DALY CITY",-122.4822998046875,37.702178955078125
9812625,2025,2025-07-15,4111,2025-06-27,2029,P5185,P09,5,5,4,4111,0,0,0,,0,0P2,"FRANCISCO BL","SHARP PARK RD",550.00,S,N,A,-,N,,,,,,,,,,Y,2,0,1,1,A,-,08,22107,,N,A,I,A,A,H,-,B,D,0,,,Y,,Y,,C,02,1,0,0,0,0,0,0,0,1,"- ","- ",,,"SAN MATEO",PACIFICA,-122.48715972900391,37.624412536621094
6290186,2014,2014-03-28,9335,2014-02-25,1830,20666,,2,2,6,4106,0,1,1,,2,021,"RT 280","JUNIPER SERRA BL",8.00,N,N,B,-,Y,SM,4,280,-,R,26.090,H,-,S,N,1,1,0,2,A,-,11,21954,A,F,G,B,E,A,H,-,D,D,1,Y,,,,Y,,N,60,0,0,0,1,0,0,0,0,0,"- ","- ",37.689,-122.47069,"SAN MATEO","DALY CITY",-122.47056924,37.68958885
6290487,2014,2015-12-29,9330,2014-04-26,0240,19659,,6,3,4,4109,0,1,2,,2,058,"RT 101","WILLOW RD",331.00,N,N,A,-,Y,SM,4,101,-,-,1.971,R,2,S,Y,1,2,0,1,A,-,01,23152,A,N,E,I,A,A,H,-,C,D,1,,,,,Y,Y,A,01,0,0,0,0,0,0,0,0,0,TO,"- ",37.470149999999997,-122.15770000000001,"SAN MATEO","MENLO PARK",-122.15678947000001,37.469689270000003
6291398,2014,2015-04-07,9330,2014-09-21,0430,020786,,7,3,9,4100,0,1,3,,1,020,"RT 1","TUNITAS CREEK RD",1584.00,S,N,B,-,Y,SM,4,1,-,-,20.680,H,-,N,Y,1,1,0,1,A,-,08,22107,,N,E,I,A,A,H,-,D,D,0,,,,,Y,,A,01,0,0,0,0,0,0,0,0,0,"- ","- ",37.355539999999998,-122.39751,"SAN MATEO",UNINCORPORATED,-122.39802347,37.35473906
6291511,2014,2014-10-30,9335,2014-09-20,0137,20666,,6,3,9,4100,0,3,5,,2,001,"WESTBOROUGH BL","JUNIPERO SERRA BL",2112.00,E,N,B,-,N,,,,,,,,,,Y,1,1,0,2,A,-,11,21954,A,N,G,B,E,A,H,-,D,D,0,Y,,,,Y,,N,60,0,0,0,1,0,0,0,0,0,"- ","- ",37.649590000000003,-122.44215,"SAN MATEO",UNINCORPORATED,-122.44261474,37.649369710000002
6292454,2015,2015-08-07,9330,2015-06-02,0101,16993,,2,3,5,4113,0,1,2,,2,048,"RT 101","MAPLE ST",318.00,N,N,A,-,Y,SM,4,101,-,-,5.940,H,-,S,Y,1,1,0,2,A,-,11,21954,A,N,G,B,E,A,H,-,C,D,1,Y,,,,Y,Y,N,60,0,0,0,1,0,0,0,0,0,"- ","- ",37.4923,-122.2214,"SAN MATEO","REDWOOD CITY",-122.22163574,37.492434090000003
6346563,2014,2016-03-14,9335,2014-01-10,2105,020217,,5,2,9,4100,0,1,2,,2,011,"RT 101","PHYSICAL GORE OF SFO",200.00,S,N,A,-,Y,SM,4,101,-,-,19.390,H,-,S,Y,2,0,3,3,A,-,03,22350,,N,C,C,A,A,H,-,A,D,1,,,,,Y,,A,08,1,1,1,0,0,0,0,0,0,"- ","- ",37.614539999999998,-122.39753,"SAN MATEO",UNINCORPORATED,-122.39849270000001,37.61615123
6377198,2014,2014-06-06,4120,2014-02-03,1421,131,8,1,5,4,4120,0,0,0,,0,00Y,"EDGEWATER BL","BEACH PARK BL",6.00,N,N,A,-,N,,,,,,,,,,N,2,0,1,2,A,-,10,21950,A,N,G,B,B,A,H,-,A,A,0,Y,,,,Y,,D,22,1,0,0,0,1,0,0,0,0,"- ","- ",37.544429999999998,-122.27047,"SAN MATEO","FOSTER CITY",-122.27241970999999,37.545764560000002
6393372,2014,2014-06-05,4120,2014-01-24,0648,131,8,5,5,4,4120,0,0,0,,0,00Y,"EDGEWATER BL","PORT ROYAL AV",6.00,S,N,A,-,N,,,,,,,,,,N,2,0,1,2,A,-,03,22350,,N,D,B,B,A,H,-,C,A,0,Y,,,,Y,,A,01,1,0,0,0,1,0,0,0,0,"- ","- ",,,"SAN MATEO","FOSTER CITY",-122.27181969999999,37.543283520000003
6398635,2014,2015-10-09,4117,2014-01-04,1544,JB04,15AD,6,5,5,4117,0,0,0,,0,002,"COUNTRY CLUB DR","RT 82",269.00,W,N,A,-,N,,,,,,,,,,N,2,0,1,2,A,-,11,21955,,N,G,B,D,A,H,-,A,D,0,Y,,,,Y,,N,60,1,0,0,0,1,0,0,0,0,"- ","- ",,,"SAN MATEO","SOUTH SAN FRANCISCO",-122.42847025,37.64551428
6399095,2014,2016-03-14,9330,2014-02-24,0240,019047,,1,3,5,4116,0,1,2,,2,038,"RT 101","3RD AV",351.00,S,N,A,-,Y,SM,4,101,-,-,13.384,R,2,N,Y,2,0,1,1,A,-,01,23152,A,N,E,I,A,A,H,-,C,D,1,,,,,Y,Y,A,01,1,0,0,0,0,0,0,0,0,"- ","- ",,,"SAN MATEO","SAN MATEO",-122.31300955,37.570113130000003
6400214,2014,2014-04-12,9335,2014-02-20,1215,020212,,4,1,5,4117,0,1,2,,2,012,"RT 101","OYSTER POINT BL",1300.00,N,N,A,-,Y,,,101,,,,,,,N,2,0,2,3,A,-,03,22350,,N,C,C,A,A,H,-,A,D,0,,,,Y,Y,,J,48,1,0,1,0,0,0,0,0,0,"- ","- ",37.666460000000001,-122.39624000000001,"SAN MATEO","SOUTH SAN FRANCISCO",-122.39617203,37.666394949999997
6403023,2014,2014-06-05,4117,2014-02-06,1848,12MK09,17AR,4,5,5,4117,0,0,0,,0,003,"JUNIPERO SERRA BL","ARROYO DR",0.00,,Y,C,-,N,,,,,,,,,,N,2,0,3,2,A,-,09,21804,A,N,D,D,A,B,H,-,D,D,0,,,,,Y,,A,81,1,2,0,0,0,0,0,0,0,"- ","- ",,,"SAN MATEO","SOUTH SAN FRANCISCO",-122.45039985,37.64848997
6432933,2014,2014-06-30,4102,2014-03-07,2135,13400,1,5,5,4,4102,0,0,0,,0,001,"RALSTON AV","ELMER ST",99.00,E,N,A,-,N,,,,,,,,,,Y,2,0,1,2,A,-,01,23152,A,M,E,I,A,A,H,-,C,D,0,,,,,Y,Y,A,01,1,0,0,0,0,0,0,0,0,"- ","- ",,,"SAN MATEO",BELMONT,-122.27413189000001,37.522055180000002
6438253,2014,2016-03-14,4127,2014-02-27,1756,2131,4127,4,5,4,4127,0,0,0,,0,001,"RT 101","WILLOW RD",12.00,N,N,B,-,Y,SM,4,101,-,-,1.854,R,1,N,N,2,0,1,2,A,-,10,21950,A,N,G,B,B,B,H,-,C,D,0,Y,,,,Y,,A,01,1,0,0,0,1,0,0,0,0,WF,"- ",,,"SAN MATEO","EAST PALO ALTO",-122.154948,37.469675000000002
6457934,2014,2014-07-10,9330,2014-04-04,2045,020750,,5,2,9,4100,0,3,5,,2,509,"AVY AV","ALAMEDA DE LAS PULGAS",230.00,W,N,B,-,N,,,,,,,,,,Y,2,0,1,2,A,-,09,21804,A,N,D,C,A,B,H,-,C,D,0,,,Y,,Y,,A,01,1,0,0,0,0,0,0,0,1,"- ","- ",37.431260000000002,-122.20193,"SAN MATEO",UNINCORPORATED,-122.20195411,37.431261409999998
6468519,2014,2016-01-23,9330,2014-03-27,1327,020013,,4,1,4,4120,0,1,3,,1,035,"RT 92","PIER 1",1584.00,E,N,A,-,Y,SM,4,92,-,R,14.040,H,-,W,Y,2,0,1,1,A,-,08,22107,,N,E,I,A,A,H,-,A,D,4,,,Y,,Y,,C,02,1,0,0,0,0,0,0,0,1,"- ","- ",,,"SAN MATEO","FOSTER CITY",-122.26782951,37.568834410000001
6500545,2014,2016-04-13,9330,2014-05-11,1545,20580,,7,2,9,4100,0,1,3,,1,020,"RT 1 S","RT 84",1056.00,S,N,A,-,Y,SM,4,1,-,-,18.070,H,-,S,Y,2,0,1,2,A,-,08,22107,,N,B,C,A,A,H,-,A,D,0,,,Y,,Y,,C,02,1,0,0,0,0,0,0,0,1,"- ","- ",37.322009999999999,-122.40154,"SAN MATEO",UNINCORPORATED,-122.40089607,37.323007109999999
6508678,2014,2016-04-12,9330,2014-05-18,1414,19764,,7,2,9,4100,0,1,3,,2,031,"RT 92","RT 101",218.00,S,N,A,-,Y,SM,4,92,-,R,12.175,R,2,W,Y,2,0,1,1,A,-,03,22350,,N,E,I,A,A,H,-,A,D,1,,,Y,,Y,,C,02,1,0,0,0,0,0,0,0,1,TO,"- ",37.552750000000003,-122.29382,"SAN MATEO",UNINCORPORATED,-122.29581127,37.553453619999999
6508686,2014,2016-04-12,9330,2014-05-22,1810,20577,,4,2,9,4100,0,1,3,,1,021,"RT 84","OLD LA HONDA RD",3696.00,W,N,A,-,Y,SM,4,84,-,-,11.550,H,-,N,Y,2,0,1,1,C,-,18,,,N,H,H,A,A,H,-,A,D,0,,,Y,,Y,,-,"- ",1,0,0,0,0,0,0,0,1,"- ","- ",35.349020000000003,-122.26658,"SAN MATEO",UNINCORPORATED,-122.26665658,37.348882830000001
6524017,2014,2016-04-14,9335,2014-04-25,2350,020571,,5,3,9,4100,0,1,3,,2,040,"RT 1","N PEAK ACCESS RD",1056.00,N,N,A,-,Y,SM,4,1,-,-,37.390,H,-,S,Y,2,0,2,2,A,-,01,23152,A,N,A,C,A,A,H,-,D,D,0,,,,,Y,Y,A,01,1,0,1,0,0,0,0,0,0,"- ","- ",37.333979999999997,-122.30789,"SAN MATEO",UNINCORPORATED,-122.5131246,37.556632970000003
6531278,2014,2014-08-14,4113,2014-06-18,1130,374,8,3,5,5,4113,0,0,0,,0,008,"MCGARVEY AV","FARM HILL BL",0.00,,Y,A,-,N,,,,,,,,,,N,2,0,1,2,A,-,08,22107,,N,B,G,A,A,H,-,A,A,0,,Y,,,Y,,L,04,1,0,0,0,0,0,1,0,0,"- ","- ",,,"SAN MATEO","REDWOOD CITY",-122.24989995999999,37.460889909999999
6542597,2014,2014-08-05,4111,2014-05-27,1458,P5106,P07,2,5,4,4111,0,0,0,,0,0P2,"PALMETTO AV","SHELL ST",75.00,S,N,A,-,N,,,,,,,,,,Y,2,0,1,2,A,-,09,21804,A,N,D,C,A,A,H,-,A,A,0,,,Y,,Y,,A,07,1,0,0,0,0,0,0,0,1,"- ","- ",,,"SAN MATEO",PACIFICA,-122.49243118,37.638674080000001
6544726,2014,2016-04-12,4104,2014-06-24,1701,0146,4,2,5,4,4104,0,0,0,,0,00A,RT82,"CHAPIN AV",0.00,,Y,A,-,Y,SM,4,82,-,-,13.450,H,-,S,Y,2,0,2,2,A,-,03,22350,,N,C,C,A,A,H,-,A,A,0,,,,,Y,,A,01,1,0,1,0,0,0,0,0,0,"- ","- ",37.58229,-122.3507,"SAN MATEO",BURLINGAME,-122.35154544,37.57679134
6545836,2014,2016-03-30,9330,2014-06-26,1601,20013,,4,2,5,4116,0,1,1,,2,034,"RT 280","BUNKER HILL RD",800.00,N,N,A,-,Y,SM,4,280,-,R,12.420,H,-,N,Y,2,0,1,1,A,-,08,22107,,N,E,J,A,A,H,-,A,D,1,,,,,Y,,D,22,1,0,0,0,0,0,0,0,0,"- ","- ",,,"SAN MATEO","SAN MATEO",-122.35677689000001,37.524351240000001
6549573,2014,2014-08-21,4102,2014-07-05,0000,8100,7,6,5,4,4102,0,0,0,,0,003,"CARLMONT DR","LAKE RD",93.00,W,N,A,-,N,,,,,,,,,,N,2,0,1,3,A,-,03,22350,,N,B,E,A,A,H,-,A,D,0,,Y,,,Y,,L,04,1,0,0,0,0,0,1,0,0,"- ","- ",,,"SAN MATEO",BELMONT,-122.29956987,37.509329829999999
6550022,2014,2014-08-21,9330,2014-06-21,0910,019764,,6,1,9,4100,0,1,1,,2,054,"ALPINE RD","RT 280",792.00,E,N,A,-,N,,,,,,,,,,N,2,0,1,1,A,-,03,22350,,N,E,I,A,A,B,-,A,D,0,,Y,,,Y,,L,04,1,0,0,0,0,0,1,0,0,"- ","- ",37.411940000000001,-122.19404,"SAN MATEO",UNINCORPORATED,-122.19441994,37.411198910000003
6559899,2014,2014-08-14,9330,2014-06-13,2500,020064,,5,4,9,4100,0,3,5,,2,505,"MT DIABLO STATE PARK","SAN CARLOS AV",0.00,W,N,A,-,N,,,,,,,,,,N,2,0,1,2,D,-,00,,,F,G,B,E,A,H,-,D,D,0,Y,,,,Y,,-,"- ",1,0,0,0,1,0,0,0,0,"- ","- ",,,"SAN MATEO",UNINCORPORATED,,
6567008,2014,2014-08-28,9330,2014-07-13,1435,020489,,7,2,9,4100,0,1,3,,1,020,"PESCADERO CREEK RD","JONES GULCH RD",10560.00,E,N,A,-,N,,,,,,,,,,Y,2,0,1,1,A,-,03,22350,,N,F,I,A,A,H,-,A,D,0,,,Y,,Y,,C,02,1,0,0,0,0,0,0,0,1,"- ","- ",37.299660000000003,-122.26969,"SAN MATEO",UNINCORPORATED,-122.26964414,37.299703469999997
6576656,2014,2016-05-14,9335,2014-07-19,0235,020610,,6,3,4,4114,0,1,1,,2,038,"RT 380","SAN MATEO AV",26.00,W,N,B,-,Y,SM,4,380,-,-,5.890,H,-,E,Y,2,0,1,2,A,-,03,22350,,N,B,C,A,A,H,-,D,D,1,,,Y,,Y,Y,C,02,1,0,0,0,0,0,0,0,1,"- ","- ",37.381869999999999,-122.24415,"SAN MATEO","SAN BRUNO",-122.4117488,37.634023319999997
6589776,2014,2016-04-12,4100,2014-06-20,1126,19840,5G,5,5,3,4110,0,0,0,,0,006,"RT 82","LA CRUZ AV",165.00,S,N,A,-,Y,SM,4,82,-,-,16.190,H,-,N,N,2,0,1,2,A,-,08,22107,,N,B,C,A,A,H,-,A,D,0,,,Y,,Y,,A,01,1,0,0,0,0,0,0,0,1,"- ","- ",,,"SAN MATEO",MILLBRAE,-122.39043040999999,37.601148139999999
6597798,2014,2014-09-11,4127,2014-08-11,2115,2198,4127,1,5,4,4127,0,0,0,,0,003,"GREEN ST","COOLEY AV",0.00,,Y,A,-,N,,,,,,,,,,Y,2,0,1,2,A,-,08,22107,,N,D,C,A,A,H,-,C,D,0,,,,,Y,Y,A,07,1,0,0,0,0,0,0,0,0,"- ","- ",,,"SAN MATEO","EAST PALO ALTO",-122.13927995,37.464149900000002
6628703,2014,2016-05-17,9330,2014-09-07,2210,020382,,7,3,5,4116,0,1,2,,2,048,"RT 101","HILLSDALE BL",400.00,N,N,A,-,Y,SM,4,101,-,-,11.282,R,2,S,Y,2,0,2,1,A,-,01,23152,A,N,E,I,A,A,H,-,C,D,1,,,Y,,Y,Y,C,02,2,0,0,0,0,0,0,0,2,"- ","- ",37.544780000000003,-122.28949,"SAN MATEO","SAN MATEO",-122.28950407000001,37.54604861
6634892,2014,2014-10-09,4104,2014-09-10,1823,0221,9,3,5,4,4104,0,0,0,,0,00B,"CALIFORNIA DR",BROADWAY,97.00,N,N,A,-,N,,,,,,,,,,N,2,0,1,1,A,-,08,22107,,N,E,I,A,A,H,-,A,D,0,,Y,,,Y,,L,04,1,0,0,0,0,0,1,0,0,"- ","- ",37.588329999999999,-122.36333999999999,"SAN MATEO",BURLINGAME,-122.36378625,37.587694229999997
6646187,2014,2014-10-13,4113,2014-09-17,2009,401,6,3,5,5,4113,0,0,0,,0,006,"JEFFERSON AV","CLEVELAND ST",0.00,,Y,A,-,N,,,,,,,,,,N,2,0,1,2,A,-,10,21950,A,N,G,B,B,A,H,-,C,D,0,Y,,,,Y,,A,01,1,0,0,0,1,0,0,0,0,"- ","- ",,,"SAN MATEO","REDWOOD CITY",-122.23389994,37.47974
6665341,2014,2014-12-15,9330,2014-10-18,1900,020013,,6,2,9,4100,0,1,3,,1,021,"OLD LA HONDA RD","RT 35",2640.00,W,N,A,-,N,,,,,,,,,,N,2,0,1,1,A,-,08,22107,,N,F,A,A,A,H,-,D,D,0,,,Y,,Y,,C,02,1,0,0,0,0,0,0,0,1,"- ","- ",37.367199999999997,-122.25651000000001,"SAN MATEO",UNINCORPORATED,-122.25717007999999,37.367337689999999
6665345,2014,2016-07-06,9330,2014-10-10,2000,020013,,5,2,5,4113,0,1,1,,2,044,"RT 280","VISTA PT 1",528.00,S,N,A,-,Y,SM,4,280,-,-,7.110,H,-,N,Y,2,0,1,2,A,-,"- ",,,N,C,C,A,A,H,-,D,D,1,,,,,Y,,A,01,1,0,0,0,0,0,0,0,0,"- ","- ",37.477110000000003,-122.29867,"SAN MATEO","REDWOOD CITY",-122.29707329999999,37.473616219999997
6678352,2017,2018-05-11,4111,2017-09-06,1102,P5104,P07,3,5,4,4111,0,0,0,,0,0P2,"PALMETTO AV","SHELL ST",70.00,S,N,A,-,N,,,,,,,,,,Y,1,1,0,1,A,-,21,22106,,N,G,B,A,A,H,-,A,D,0,,,,,Y,,A,08,0,0,0,0,0,0,0,0,0,"- ","- ",,,"SAN MATEO",PACIFICA,-122.49243176,37.63868781
6694206,2014,2016-06-16,4104,2014-10-24,1832,0204,4,5,5,4,4104,0,0,0,,0,00A,"RT 82","BURLINGAME AV",0.00,,Y,A,-,Y,SM,4,82,-,-,13.371,I,5,N,Y,2,0,2,2,A,-,"- ",,,N,D,C,A,A,H,-,C,A,0,,,Y,,Y,,C,02,1,0,1,0,0,0,0,0,1,"- ","- ",37.576459999999997,-122.35030999999999,"SAN MATEO",BURLINGAME,-122.35018350999999,37.576432009999998
6694336,2014,2015-01-05,4109,2014-10-24,1003,14485,27,5,5,4,4109,0,0,0,,0,001,"VALPARAISO AV","POLITZER DR",0.00,,Y,A,-,N,,,,,,,,,,N,2,0,1,2,A,-,09,21801,A,N,H,G,A,A,H,-,A,D,0,,Y,,,Y,,A,07,1,0,0,0,0,0,1,0,0,"- ","- ",,,"SAN MATEO","MENLO PARK",-122.19872992000001,37.442559879999997
6701980,2014,2016-06-16,4100,2014-10-21,2016,17940,MLB,2,5,3,4110,0,0,0,,0,062,"RT 82","SANTA HELENA AV",0.00,,Y,A,-,Y,SM,4,82,-,-,17.154,I,5,S,N,2,0,1,2,A,-,10,21950,A,N,G,B,B,A,H,-,C,D,0,Y,,,,Y,Y,A,01,1,0,0,0,1,0,0,0,0,"- ","- ",,,"SAN MATEO",MILLBRAE,-122.40242000000001,37.611311739999998
6718132,2014,2015-03-11,9330,2014-08-05,1105,20759,,2,1,5,4113,0,1,2,,2,058,"RT 101","WOODSIDE RD",3696.00,S,N,A,-,Y,SM,4,101,-,-,4.690,H,-,S,Y,1,1,2,7,A,-,01,23152,A,N,G,B,E,A,H,-,A,D,1,Y,,,,Y,,A,01,1,0,1,1,1,0,0,0,0,"- ","- ",37.486690000000003,-122.20085,"SAN MATEO","REDWOOD CITY",-122.20043059,37.486799259999998
6718256,2014,2015-03-16,4116,2014-09-26,1232,157850,NORTH,5,5,5,4116,0,0,0,,0,12K110,"SOUTH EL CAMINO REAL","10TH AV",165.00,N,N,A,-,N,,,,,,,,,,Y,1,2,6,2,A,-,05,21650,,N,A,C,A,A,H,-,A,D,0,,,,,Y,,A,08,0,3,3,0,0,0,0,0,0,"- ","- ",,,"SAN MATEO","SAN MATEO",-122.32001961,37.557597850000001
6718794,2017,2018-04-26,4106,2017-12-19,0605,1180,,2,5,6,4106,0,0,0,,0,004,"SKYLINE BL","WESTMOOR AV",0.00,,Y,A,-,Y,SM,4,35,-,-,29.700,I,5,S,N,1,1,0,2,A,-,10,21950,A,N,G,B,B,A,H,-,C,A,0,Y,,,,Y,,A,01,0,0,0,1,0,0,0,0,0,"- ","- ",,,"SAN MATEO","DALY CITY",-122.48935886,37.683371129999998
6728061,2014,2016-06-24,9330,2014-11-28,1515,020580,,5,2,9,4100,0,1,3,,2,052,"RT 35","PAGE MILL RD",10560.00,N,N,A,-,Y,SM,4,35,-,-,5.210,H,-,N,Y,2,0,1,1,A,-,08,22107,,N,F,A,A,A,H,-,A,D,0,,,Y,,Y,,C,02,1,0,0,0,0,0,0,0,1,"- ","- ",37.339599999999997,-122.21726,"SAN MATEO",UNINCORPORATED,-122.21314556999999,37.332063410000004
6742085,2014,2015-01-02,4106,2014-11-03,1633,2084,4,1,5,6,4106,0,0,0,,0,003,"WESTLAKE AV","NIANTIC AV",0.00,,Y,A,-,N,,,,,,,,,,N,2,0,1,2,A,-,10,21950,A,N,G,B,B,A,H,-,A,A,0,Y,,,,Y,,A,01,1,0,0,0,1,0,0,0,0,"- ","- ",37.699689999999997,-122.46934,"SAN MATEO","DALY CITY",-122.46899992,37.699499959999997