CASE_ID,ACCIDENT_YEAR,PROC_DATE,JURIS,COLLISION_DATE,COLLISION_TIME,OFFICER_ID,REPORTING_DISTRICT,DAY_OF_WEEK,CHP_SHIFT,POPULATION,CNTY_CITY_LOC,SPECIAL_COND,BEAT_TYPE,CHP_BEAT_TYPE,CITY_DIVISION_LAPD,CHP_BEAT_CLASS,BEAT_NUMBER,PRIMARY_RD,SECONDARY_RD,DISTANCE,DIRECTION,INTERSECTION,WEATHER_1,WEATHER_2,STATE_HWY_IND,CALTRANS_COUNTY,CALTRANS_DISTRICT,STATE_ROUTE,ROUTE_SUFFIX,POSTMILE_PREFIX,POSTMILE,LOCATION_TYPE,RAMP_INTERSECTION,SIDE_OF_HWY,TOW_AWAY,COLLISION_SEVERITY,NUMBER_KILLED,NUMBER_INJURED,PARTY_COUNT,PRIMARY_COLL_FACTOR,PCF_CODE_OF_VIOL,PCF_VIOL_CATEGORY,PCF_VIOLATION,PCF_VIOL_SUBSECTION,HIT_AND_RUN,TYPE_OF_COLLISION,MVIW,PED_ACTION,ROAD_SURFACE,ROAD_COND_1,ROAD_COND_2,LIGHTING,CONTROL_DEVICE,CHP_ROAD_TYPE,PEDESTRIAN_ACCIDENT,BICYCLE_ACCIDENT,MOTORCYCLE_ACCIDENT,TRUCK_ACCIDENT,NOT_PRIVATE_PROPERTY,ALCOHOL_INVOLVED,STWD_VEHTYPE_AT_FAULT,CHP_VEHTYPE_AT_FAULT,COUNT_SEVERE_INJ,COUNT_VISIBLE_INJ,COUNT_COMPLAINT_PAIN,COUNT_PED_KILLED,COUNT_PED_INJURED,COUNT_BICYCLIST_KILLED,COUNT_BICYCLIST_INJURED,COUNT_MC_KILLED,COUNT_MC_INJURED,PRIMARY_RAMP,SECONDARY_RAMP,LATITUDE,LONGITUDE,COUNTY,CITY,POINT_X,POINT_Y
6763302,2014,2016-07-07,9335,2014-12-13,0125,20658,,6,3,4,4114,0,1,2,,2,011,"RT 101","RT 380",50.00,N,N,A,-,Y,SM,4,101,-,R,20.170,H,-,N,Y,2,0,1,1,A,-,01,23152,A,N,E,I,A,A,H,-,C,D,1,,,,,Y,Y,A,01,1,0,0,0,0,0,0,0,0,"- ","- ",37.628839999999997,-122.40201,"SAN MATEO","SAN BRUNO",-122.40216311,37.627986
6778901,2015,2016-09-26,9330,2015-01-05,1235,020106,,1,1,5,4113,0,1,2,,2,048,"RT 101","WHIPPLE AV",3168.00,N,N,A,-,Y,SM,4,101,-,-,6.971,R,2,S,Y,2,0,2,2,A,-,03,22350,,N,C,C,A,A,H,-,A,A,1,,,,,Y,,A,01,1,0,1,0,0,0,0,0,0,TO,"- ",,,"SAN MATEO","REDWOOD CITY",-122.23866782,37.498506769999999
6787691,2014,2015-01-28,4117,2014-11-16,0036,09RA03,13AA,7,5,5,4117,0,0,0,,0,004,"EUCALYPTUS AV","PALM AV",0.00,,Y,A,-,N,,,,,,,,,,Y,2,0,1,3,A,-,01,23152,A,N,E,I,A,A,H,-,C,D,0,,,,,Y,Y,A,01,1,0,0,0,0,0,0,0,0,"- ","- ",37.636760000000002,-122.44035,"SAN MATEO","SOUTH SAN FRANCISCO",-122.42580988,37.660649939999999
6789402,2015,2016-10-19,4117,2015-01-10,0640,14SM04,10AE,6,5,5,4117,0,0,0,,0,002,"RT 82","HAZELWOOD DR",139.00,S,N,B,-,Y,SM,4,82,-,-,19.630,H,-,S,N,2,0,2,3,A,-,11,21954,A,N,G,B,D,A,H,-,B,D,0,Y,,,,Y,,N,60,2,0,0,0,2,0,0,0,0,"- ","- ",37.6524,-122.43698000000001,"SAN MATEO","SOUTH SAN FRANCISCO",-122.4248226,37.64228833
6830457,2015,2016-09-07,9330,2015-01-21,0228,19691,,3,3,4,4104,0,1,2,,2,038,"RT 101","BROADWAY AV",3256.00,N,N,A,-,Y,SM,4,101,-,-,15.800,H,-,S,Y,2,0,4,5,A,-,03,22350,,N,C,C,E,A,H,-,D,D,1,Y,,,,Y,,A,01,2,1,1,0,2,0,0,0,0,"- ","- ",,,"SAN MATEO",BURLINGAME,-122.34788768999999,37.586992010000003
6841597,2015,2016-10-17,9330,2015-02-13,1550,20319,,5,2,4,4127,0,1,2,,2,058,"RT 101","UNIVERSITY AV",700.00,S,N,A,-,Y,SM,4,101,-,-,0.701,R,1,S,Y,2,0,1,2,A,-,03,22350,,N,C,C,A,A,H,-,A,D,1,,,Y,,Y,,C,02,1,0,0,0,0,0,0,0,1,FR,"- ",37.458930000000002,-122.13876999999999,"SAN MATEO","EAST PALO ALTO",-122.13810697,37.45871502
6844799,2015,2016-09-12,9335,2015-02-28,0120,020610,,6,3,4,4114,0,1,1,,2,020,"CRYSTAL SPRINGS","RT 280",150.00,S,N,B,-,Y,SM,4,280,-,R,20.271,R,2,S,Y,2,0,1,1,A,-,08,22107,,N,E,I,A,A,H,-,D,D,1,,,Y,,Y,,C,02,1,0,0,0,0,0,0,0,1,WF,"- ",37.365270000000002,-122.25254,"SAN MATEO","SAN BRUNO",-122.42469754,37.61816597
6853998,2015,2015-03-25,4104,2015-03-03,1658,0204,7,2,5,4,4104,0,0,0,,0,00A,"CAROLAN AV","CADILLAC WY",513.00,S,N,A,-,N,,,,,,,,,,N,2,0,1,2,A,-,17,22517,,N,H,G,A,A,H,-,A,D,0,,Y,,,Y,,A,01,1,0,0,0,0,0,1,0,0,"- ","- ",,,"SAN MATEO",BURLINGAME,-122.36044468999999,37.586970780000001
6854057,2015,2017-04-21,9330,2015-02-14,1452,20580,,6,2,9,4100,0,1,3,,1,021,"RT 84","SYLVAN WY",0.00,W,N,A,-,Y,SM,4,84,-,-,6.940,H,-,S,Y,1,1,0,2,A,-,01,23153,A,N,A,C,A,B,H,-,A,D,0,,,Y,,Y,Y,A,01,0,0,0,0,0,0,0,1,0,"- ","- ",37.314680000000003,-122.29367999999999,"SAN MATEO",UNINCORPORATED,-122.29390543,37.314645169999999
6854503,2014,2015-07-09,4113,2014-12-18,1839,426,7,4,5,5,4113,0,0,0,,0,007,"BREWSTER AV","KING ST",0.00,,Y,A,-,N,,,,,,,,,,N,1,1,1,2,A,-,12,22450,A,N,D,C,A,A,H,-,C,D,0,,,,,Y,,A,01,0,1,0,0,0,0,0,0,0,"- ","- ",,,"SAN MATEO","REDWOOD CITY",-122.24462991,37.480350000000001
6854569,2014,2015-05-05,4100,2014-06-28,1240,19620,11,6,5,4,4115,0,0,0,,0,005,"SAN CARLOS AV","ELM ST",0.00,,Y,A,-,N,,,,,,,,,,Y,1,1,2,2,A,-,12,21453,A,N,D,C,A,A,H,-,A,A,0,,,,,Y,,A,01,0,1,1,0,0,0,0,0,0,"- ","- ",,,"SAN MATEO","SAN CARLOS",-122.26307992,37.505169899999999
6854599,2015,2015-05-12,4109,2015-02-23,1646,15530,,1,5,4,4109,0,0,0,,0,00S,"RAVENSWOOD AV","CALTRAIN GRADE CROSSING",0.00,,Y,A,-,N,,,,,,,,,,Y,1,1,0,1,A,-,02,22526,C,N,H,F,A,A,H,-,A,A,0,,,,,Y,Y,A,07,0,0,0,0,0,0,0,0,0,"- ","- ",,,"SAN MATEO","MENLO PARK",-122.18060821,37.453735999999999
6854604,2015,2015-05-15,4106,2015-02-25,0559,1255,4,3,5,6,4106,0,0,0,,0,003,"MISSION ST","CITRUS AV",14.00,S,N,A,-,Y,SM,4,82,-,-,24.333,I,5,S,N,1,1,0,2,A,-,10,21950,A,N,G,B,B,A,H,-,C,A,0,Y,,,,Y,,A,01,0,0,0,1,0,0,0,0,0,"- ","- ",37.681049999999999,-122.47399,"SAN MATEO","DALY CITY",-122.46434608,37.697681529999997
6874314,2015,2016-10-12,9330,2015-03-29,1715,20759,,7,2,9,4100,0,1,3,,1,011,"RT 92","CANADA RD",1584.00,N,N,A,-,Y,SM,4,92,-,T,6.860,H,-,W,Y,2,0,5,2,A,-,08,22107,,N,D,-,A,A,H,-,A,D,0,,,,,Y,,A,07,1,3,1,0,0,0,0,0,0,"- ","- ",37.510489999999997,-122.34518,"SAN MATEO",UNINCORPORATED,-122.34467257,37.510025650000003
6892429,2015,2015-04-30,4100,2015-03-26,1536,13840,4100,4,5,2,4112,0,0,0,,0,031,"ALPINE RD","WESTRIDGE DR",584.00,E,N,A,-,N,,,,,,,,,,Y,2,0,1,1,A,-,08,22107,,N,E,I,A,A,H,-,A,D,0,,,,,Y,,A,01,1,0,0,0,0,0,0,0,0,"- ","- ",,,"SAN MATEO","PORTOLA VALLEY",-122.19063687000001,37.391621350000001
6895876,2015,2015-05-21,4106,2015-03-04,1707,1180,,3,5,6,4106,0,0,0,,0,005,"EASTMOOR AV","MIRADA AV",10.00,W,N,A,-,N,,,,,,,,,,N,2,0,1,2,A,-,12,22450,A,N,D,G,A,A,H,-,A,A,0,,Y,,,Y,,L,04,1,0,0,0,0,0,1,0,0,"- ","- ",37.684600000000003,-122.47569,"SAN MATEO","DALY CITY",-122.47581457,37.684640000000002
6899321,2015,2016-12-14,9330,2015-04-23,0225,019691,,4,3,4,4104,0,1,2,,2,038,"RT 101","PENINSULA AV",528.00,N,N,A,-,Y,SM,4,101,-,-,14.790,H,-,S,Y,2,0,1,2,A,-,01,23152,E,N,C,C,A,A,H,-,D,D,1,,,,,Y,,A,01,1,0,0,0,0,0,0,0,0,"- ","- ",,,"SAN MATEO",BURLINGAME,-122.33002152,37.585384159999997
6908305,2015,2015-05-11,4117,2015-04-15,1200,91DG01,19BK,3,5,5,4117,0,0,0,,0,002,"JUNIPER SERRA BL","WESTBOROUGH BL",283.00,S,N,A,-,N,,,,,,,,,,Y,2,0,1,1,D,-,00,,,N,E,I,A,A,G,-,A,D,0,,,Y,,Y,,-,"- ",1,0,0,0,0,0,0,0,1,"- ","- ",37.6556,-122.42129,"SAN MATEO","SOUTH SAN FRANCISCO",-122.44802571,37.645475079999997
6917878,2015,2016-12-13,9330,2015-04-29,0330,15311,,3,3,5,4116,0,1,3,,1,011,"RT 92","LOWER LAKES",4752.00,W,N,A,-,Y,SM,4,92,-,-,6.350,H,-,W,Y,2,0,2,1,C,-,18,,,N,E,I,A,A,H,-,D,D,0,,,,,Y,,-,"- ",1,0,1,0,0,0,0,0,0,"- ","- ",,,"SAN MATEO","SAN MATEO",-122.35801665,37.502796570000001
6924957,2015,2016-04-29,9330,2015-03-29,1140,20778,,7,1,9,4100,0,1,3,,1,021,"STAGE RD","RT 84",12144.00,S,N,A,-,N,,,,,,,,,,Y,2,0,1,1,A,-,08,22107,,N,E,I,A,A,H,-,A,D,0,,,Y,,Y,,C,02,1,0,0,0,0,0,0,0,1,"- ","- ",37.303489999999996,-122.38433000000001,"SAN MATEO",UNINCORPORATED,-122.38433000000001,37.303489999999996
6942687,2015,2015-06-16,4120,2015-03-19,0805,097,9,4,5,4,4120,0,0,0,,0,00Y,"BEACH PARK BL","LIGHT STANDARD #5143",59.00,W,N,A,-,N,,,,,,,,,,N,2,0,2,3,A,-,09,21804,A,N,B,B,D,A,H,-,A,D,0,Y,,,,Y,,A,08,1,0,1,0,2,0,0,0,0,"- ","- ",,,"SAN MATEO","FOSTER CITY",,
6968836,2015,2016-11-04,9330,2015-06-07,0249,020761,,7,3,9,4100,0,1,1,,2,044,"RT 280","EDGEWOOD RD",2640.00,N,N,A,-,Y,SM,4,280,-,-,9.830,H,-,S,Y,2,0,2,2,A,-,01,23153,A,N,A,C,A,A,H,-,D,D,1,,,,,Y,Y,A,01,1,1,0,0,0,0,0,0,0,"- ","- ",37.500660000000003,-122.32774000000001,"SAN MATEO",UNINCORPORATED,-122.32315989999999,37.50021718
6979156,2015,2015-07-07,4114,2015-06-14,1230,0842,SNB9,7,5,4,4114,0,0,0,,0,001,"SNEATH LN","CEMETARY ACCESS RD",46.00,E,N,A,-,N,,,,,,,,,,Y,2,0,3,2,A,-,03,22350,,N,C,C,A,A,H,-,A,A,0,,,,Y,Y,,A,01,2,0,1,0,0,0,0,0,0,"- ","- ",37.633380000000002,-122.42894,"SAN MATEO","SAN BRUNO",-122.42691189,37.634331709999998
6994179,2015,2015-07-31,4111,2015-07-11,2325,P5133,P12,6,5,4,4111,0,0,0,,0,0P2,"CABRILLO HWY","MORIS POINT RD",135.00,S,N,A,-,N,,,,,,,,,,Y,2,0,1,3,A,-,01,23152,A,F,B,B,E,A,H,-,D,D,0,Y,,,,Y,Y,A,01,1,0,0,0,1,0,0,0,0,"- ","- ",,,"SAN MATEO",PACIFICA,-122.48536795,37.617996959999999
7001236,2015,2016-12-14,9330,2015-06-27,0022,207758,,6,3,5,4113,0,1,2,,2,048,"RT 101","WHIPPLE AV",3168.00,N,N,A,-,Y,SM,4,101,-,-,7.460,H,-,S,Y,2,0,2,2,A,-,03,22350,,F,C,C,A,A,H,-,D,D,1,,,,,Y,Y,-,99,1,1,0,0,0,0,0,0,0,"- ","- ",37.501640000000002,-122.2423,"SAN MATEO","REDWOOD CITY",-122.24476461,37.503753099999997
7006263,2015,2015-11-17,9330,2015-06-26,1518,20319,,5,2,4,4115,0,1,2,,2,048,"RT 101","BRITTAN AV",200.00,S,N,A,-,Y,SM,4,101,-,-,7.550,H,-,N,Y,1,1,1,5,A,-,03,22350,,N,C,C,A,A,H,-,A,D,1,,,,,Y,,D,22,0,0,1,0,0,0,0,0,0,"- ","- ",37.504510000000003,-122.24538,"SAN MATEO","SAN CARLOS",-122.24570380999999,37.504867560000001
7006404,2015,2016-02-04,4111,2015-10-02,1840,P5027,P19,5,5,4,4111,0,0,0,,0,0P3,"RT 35","SKYRIDGE DR",195.00,N,N,A,-,Y,SM,4,35,-,-,26.480,H,-,N,Y,1,1,0,1,A,-,03,22350,,N,E,I,A,A,H,-,A,D,0,,,Y,,Y,,C,02,0,0,0,0,0,0,0,1,0,"- ","- ",,,"SAN MATEO",PACIFICA,-122.46677747,37.641777050000002
7013921,2015,2015-08-17,4106,2015-05-23,2006,2087,4,6,5,6,4106,0,0,0,,0,003,"MISSION ST","JOHN DALY BL",0.00,,Y,A,-,N,,,,,,,,,,Y,2,0,5,2,A,-,01,23153,B,N,D,C,A,A,H,-,B,A,0,,,,,Y,Y,A,01,1,1,3,0,0,0,0,0,0,"- ","- ",,,"SAN MATEO","DALY CITY",-122.46243991999999,37.704929900000003
7049763,2015,2017-01-27,4113,2015-07-04,0915,320,3,6,5,5,4113,0,0,0,,0,003,"WOODSIDE RD","BAY RD",0.00,,Y,A,-,Y,SM,4,84,-,-,25.447,I,6,N,N,2,0,1,2,A,-,10,21950,A,N,G,B,B,A,H,-,A,A,0,Y,,,,Y,,-,,1,0,0,0,1,0,0,0,0,"- ","- ",,,"SAN MATEO","REDWOOD CITY",-122.21468215,37.485358939999998
7106839,2015,2015-10-29,4106,2015-09-27,1830,2066,3,7,5,6,4106,0,0,0,,0,002,"WHITTIER ST",WHITTIER,8.00,S,N,A,-,N,,,,,,,,,,N,2,0,1,2,A,-,11,21950,B,N,G,B,D,A,H,-,A,D,0,Y,,,,Y,,N,60,1,0,0,0,1,0,0,0,0,"- ","- ",37.707450000000001,-122.44643000000001,"SAN MATEO","DALY CITY",-122.4472581,37.708270159999998
7117995,2015,2015-11-30,4113,2015-11-13,1736,381,5,5,5,5,4113,0,0,0,,0,005,"WOODSIDE RD","HESS RD",0.00,,Y,A,-,N,,,,,,,,,,N,2,0,1,2,A,-,11,21453,D,N,G,B,D,A,H,-,C,A,0,Y,,,,Y,Y,N,60,1,0,0,0,1,0,0,0,0,"- ","- ",37.4895,-122.23860000000001,"SAN MATEO","REDWOOD CITY",-122.22310985999999,37.471509959999999
7129508,2015,2015-12-08,4104,2015-11-27,0725,0204,20,5,5,4,4104,0,0,0,,0,00C,"ROLLINS RD",BROADWAY,0.00,,Y,A,-,N,,,,,,,,,,Y,2,0,3,2,A,-,12,21453,A,N,D,C,A,A,H,-,A,A,0,,,,,Y,,A,01,2,0,1,0,0,0,0,0,0,"- ","- ",37.590150000000001,-122.36193,"SAN MATEO",BURLINGAME,-122.36232986,37.588969910000003
7130130,2015,2015-12-09,4113,2015-11-09,1219,430,4,1,5,5,4113,0,0,0,,0,004,"5TH AV","PAGE ST",0.00,,Y,-,-,N,,,,,,,,,,N,2,0,2,2,D,-,00,,,N,A,C,A,B,-,-,A,D,0,,,,,Y,,-,"- ",1,0,1,0,0,0,0,0,0,"- ","- ",37.483469999999997,-122.19722,"SAN MATEO","REDWOOD CITY",-122.19720993,37.483469990000003
7132254,2015,2015-12-14,4104,2015-11-25,1647,026,3,3,5,4,4104,0,0,0,,0,00A,"LEXINGTON WY","CONCORD WY",361.00,W,N,B,-,N,,,,,,,,,,N,2,0,1,1,C,-,18,,,N,H,A,A,A,H,-,A,D,0,,,,,Y,,-,"- ",1,0,0,0,0,0,0,0,0,"- ","- ",,,"SAN MATEO",BURLINGAME,-122.33917615999999,37.585860259999997
7141970,2015,2016-01-04,4103,2015-10-01,1107,GU350,1,4,5,2,4103,0,0,0,,0,00U,"BAYSHORE BL","OLD COUNTY RD",0.00,,Y,A,-,N,,,,,,,,,,Y,2,0,1,2,A,-,03,22350,,N,C,C,A,A,H,-,A,D,0,,,,,Y,,A,01,1,0,0,0,0,0,0,0,0,"- ","- ",37.685009999999998,-122.39793,"SAN MATEO",BRISBANE,-122.39813997,37.685439930000001
7166389,2016,2017-02-09,4106,2016-01-06,0946,1255,7,3,5,6,4106,0,0,0,,0,002,"MISSION ST","SAN PEDRO RD",69.00,S,N,B,-,Y,SM,4,82,-,-,23.770,H,-,S,N,2,0,1,2,A,-,11,21954,A,N,G,B,D,B,H,-,A,D,0,Y,,,,Y,,N,60,1,0,0,0,1,0,0,0,0,"- ","- ",37.689540000000001,-122.46593,"SAN MATEO","DALY CITY",-122.46603820999999,37.689414929999998
7189434,2016,2016-03-01,4113,2016-02-05,0837,380,2,5,5,5,4113,0,0,0,,0,002,"WHIPPLE AV","VETERANS BL",25.00,W,N,A,-,N,,,,,,,,,,Y,2,0,2,2,A,-,11,21955,,N,G,B,D,A,H,-,A,A,0,Y,,,,Y,,N,60,1,0,1,0,1,0,0,0,0,"- ","- ",37.494680000000002,-122.23441,"SAN MATEO","REDWOOD CITY",-122.23458349000001,37.494503549999997
7190508,2016,2017-04-10,4113,2016-08-22,1514,384,1,1,5,5,4113,0,0,0,,0,001,"REDWOOD SHORES PKWY",EGRET,0.00,E,N,A,-,N,,,,,,,,,,Y,1,1,2,1,A,-,03,22350,,N,E,I,A,A,H,-,A,D,0,,,,,Y,,A,01,0,1,1,0,0,0,0,0,0,"- ","- ",37.536540000000002,-122.23573,"SAN MATEO","REDWOOD CITY",-122.23572989,37.53653997
7190631,2016,2016-11-29,4100,2016-06-19,1500,19370,WDS,7,5,2,4118,0,0,0,,0,030,"QUAIL MEADOW CT","WOODSIDE RD",472.00,S,N,A,-,N,,,,,,,,,,Y,1,1,3,1,A,-,03,22350,,N,F,I,A,A,H,-,A,D,0,,,,,Y,,A,01,0,1,2,0,0,0,0,0,0,"- ","- ",,,"SAN MATEO",WOODSIDE,-122.24513664,37.431641120000002
7190696,2016,2017-01-03,4100,2016-12-08,1735,19450,CST,4,5,3,4107,0,0,0,,0,075,"RT 1","MIRAMONTES POINT RD",18.00,N,N,C,-,Y,SM,4,1,-,-,26.432,I,5,N,Y,1,1,0,2,A,-,11,21453,D,N,G,B,D,B,H,-,C,A,0,Y,,,,Y,,N,60,0,0,0,1,0,0,0,0,0,"- ","- ",,,"SAN MATEO","HALF MOON BAY",-122.42670274,37.431363849999997
7197948,2016,2016-03-14,4117,2016-01-14,1749,04RC07,08AE,4,5,5,4117,0,0,0,,0,001,"BADEN AV","LINDEN AV",270.00,W,N,B,-,N,,,,,,,,,,N,2,0,1,2,A,-,11,21955,,N,D,B,D,B,H,-,C,D,0,Y,,,,Y,,N,60,1,0,0,0,1,0,0,0,0,"- ","- ",37.65419,-122.41048000000001,"SAN MATEO","SOUTH SAN FRANCISCO",-122.41136985999999,37.654385789999999
7199739,2016,2016-06-30,4117,2016-06-10,2356,05RR05,08AO,5,5,5,4117,0,0,0,,0,004,"AIRPORT BL","PINE AV",0.00,,Y,A,-,N,,,,,,,,,,Y,1,2,1,2,A,-,01,23152,A,N,D,C,A,A,H,-,C,D,0,,,,,Y,Y,A,01,0,1,0,0,0,0,0,0,0,"- ","- ",37.658580000000001,-122.40947,"SAN MATEO","SOUTH SAN FRANCISCO",-122.40597988,37.658379949999997
7200055,2017,2017-05-18,4102,2017-02-06,1801,53200,2,1,5,4,4102,0,0,0,,0,002,"RT 82","MIDDLE RD",815.00,N,N,B,C,Y,SM,4,82,-,-,8.010,H,-,S,N,1,1,0,2,A,-,11,21954,A,N,G,B,D,B,H,-,D,D,0,Y,,,,Y,,N,60,0,0,0,1,0,0,0,0,0,"- ","- ",37.525979999999997,-122.28270000000001,"SAN MATEO",BELMONT,-122.27999427,37.523811819999999
8059914,2016,2016-06-16,4106,2016-04-06,2014,1180,9,3,5,6,4106,0,0,0,,0,004,"SOUTHGATE AV","BRADLEY AV",0.00,,Y,A,-,N,,,,,,,,,,Y,2,0,1,2,A,-,03,22350,,N,D,G,A,A,H,-,C,D,0,,Y,,,Y,,L,04,1,0,0,0,0,0,1,0,0,"- ","- ",37.689900000000002,-122.48972999999999,"SAN MATEO","DALY CITY",-122.48975987999999,37.689919979999999
8069058,2016,2017-02-11,4113,2016-06-05,0158,351,3,7,5,5,4113,0,0,0,,0,003,"WOODSIDE RD","SPRING ST",0.00,S,N,A,-,Y,SM,4,84,-,-,25.270,H,-,N,Y,2,0,2,1,A,-,01,23153,A,N,E,I,A,A,H,-,C,D,0,,,,,Y,Y,A,01,1,1,0,0,0,0,0,0,0,"- ","- ",37.487049999999996,-122.21420999999999,"SAN MATEO","REDWOOD CITY",-122.21691269,37.48371083
8069086,2016,2016-06-28,4113,2016-06-16,1859,384,8,4,5,5,4113,0,0,0,,0,008,"WHIPPLE AV","EMERALD HILLS",0.00,,Y,A,-,N,,,,,,,,,,N,2,0,1,2,A,-,00,22802,B,N,H,G,A,A,H,-,A,A,0,,Y,,,Y,,A,01,1,0,0,0,0,0,1,0,0,"- ","- ",,,"SAN MATEO","REDWOOD CITY",,
8079690,2016,2016-08-02,4113,2016-07-05,2116,384,11,2,5,5,4113,0,0,0,,0,003,SPRING,WALNUT,0.00,,Y,A,-,N,,,,,,,,,,Y,2,0,1,2,A,-,10,21950,A,N,G,B,B,A,H,-,C,A,0,Y,,,,Y,,A,08,1,0,0,0,1,0,0,0,0,"- ","- ",37.48771,-122.22535999999999,"SAN MATEO","REDWOOD CITY",-122.22532991999999,37.487199920000002
8091525,2016,2016-08-08,4109,2016-03-26,0636,145676,18,6,5,4,4109,0,0,0,,0,003,"BAYFRONT EXPWY","WILLOW RD",0.00,,Y,A,-,N,,,,,,,,,,Y,2,0,2,2,A,-,09,21453,,N,A,C,A,A,H,-,C,A,0,,,,Y,Y,,F,26,1,1,0,0,0,0,0,0,0,"- ","- ",37.465589999999999,-122.15729,"SAN MATEO","MENLO PARK",-122.15037,37.481969919999997
8098680,2016,2016-08-08,4109,2016-07-22,0745,15117,16,5,5,4,4109,0,0,0,,0,002,"VAN BUREN RD","RINGWOOD AV",0.00,,Y,A,-,N,,,,,,,,,,N,2,0,1,2,A,-,03,22350,,F,H,G,A,A,H,-,A,D,0,,Y,,,Y,,L,04,1,0,0,0,0,0,1,0,0,"- ","- ",37.479810000000001,-122.1521,"SAN MATEO","MENLO PARK",-122.16572991,37.474709969999999
8106026,2016,2016-08-29,4100,2016-08-12,0004,80130,SNC,5,5,4,4115,0,0,0,,0,051,"ALAMEDA DE LAS PULGAS","HILL WY",0.00,,Y,A,-,N,,,,,,,,,,Y,2,0,1,2,A,-,11,21954,A,N,G,B,E,A,H,-,C,D,0,Y,,,,Y,Y,N,60,1,0,0,0,1,0,0,0,0,"- ","- ",,,"SAN MATEO","SAN CARLOS",-122.26066993000001,37.486969930000001
8113363,2016,2016-09-08,4117,2016-07-22,0539,10DQ13,1AE,5,5,5,4117,0,0,0,,0,004,"HILLSIDE BL","KEARNEY ST",197.00,E,N,A,-,N,,,,,,,,,,N,2,0,1,1,A,-,03,22350,,N,F,A,A,A,H,-,B,D,0,,,Y,,Y,,C,02,1,0,0,0,0,0,0,0,1,"- ","- ",37.669330000000002,-122.42138,"SAN MATEO","SOUTH SAN FRANCISCO",-122.42066813,37.669331550000003
8141536,2016,2016-10-11,4106,2016-08-03,1353,1180,9,3,5,6,4106,0,0,0,,0,004,"WESTMOOR AV","SOUTH MAYFAIR AV",0.00,,-,A,-,N,,,,,,,,,,N,2,0,2,3,A,-,10,21950,A,N,G,B,B,A,H,-,A,D,0,Y,,,,Y,,A,01,1,0,1,0,2,0,0,0,0,"- ","- ",37.683199999999999,-122.48814,"SAN MATEO","DALY CITY",-122.48809992,37.683199999999999
81473129,2021,2021-05-13,4117,2021-04-23,2500,21MP01,01AQ,5,5,5,4117,0,0,0,,0,001,"EAST GRAND AV","DUBUQUE AV",5.00,E,-,A,-,N,,,,,,,,,,N,2,0,1,1,A,-,03,22350,,N,E,I,A,A,H,-,C,D,0,,,,,Y,,M,94,1,0,0,0,0,0,0,0,0,"- ","- ",37.655250549316406,-122.40617370605469,"SAN MATEO","SOUTH SAN FRANCISCO",-122.40610504150391,37.655330657958984
81544575,2021,2021-10-13,4100,2021-08-10,1546,25274,SNC,2,5,4,4115,0,0,0,,0,052,"SR-82 (EL CAMINO REAL)","EATON AV",105.00,N,-,A,-,Y,,,,,,,,,,Y,2,0,1,3,A,-,01,23152,A,M,C,E,A,A,H,-,A,D,0,,,,,Y,Y,D,22,1,0,0,0,0,0,0,0,0,"- ","- ",,,"SAN MATEO","SAN CARLOS",-122.24492645263672,37.494060516357422
81557032,2021,2021-08-27,4117,2021-02-06,0256,15NM20,13AE,6,5,5,4117,0,0,0,,0,004,"GRAND AV","LOCUST AV",23.00,W,-,A,-,N,,,,,,,,,,N,1,1,0,2,A,-,17,21200,,N,B,E,A,A,H,-,C,D,0,,Y,,,Y,Y,L,04,0,0,0,0,0,1,0,0,0,"- ","- ",37.657741546630859,-122.42173767089844,"SAN MATEO","SOUTH SAN FRANCISCO",-122.42178344726562,37.657749176025391
81568470,2021,2021-09-13,4100,2021-09-04,0958,25242,PV,6,5,2,4112,0,0,0,,0,031,"PORTOLA RD","SANTA MARIA AV",528.00,S,-,A,-,N,,,,,,,,,,N,2,0,1,1,C,-,18,,,N,H,H,A,A,H,-,A,D,0,,Y,,,Y,,-,"- ",1,0,0,0,0,0,1,0,0,"- ","- ",,,"SAN MATEO","PORTOLA VALLEY",-122.23682403564453,37.386405944824219
81571775,2021,2021-09-28,4100,2021-09-10,1130,18230,WDS,5,5,2,4118,0,0,0,,0,030,"SR-84 (WOODSIDE RD)","SMOKE TREE LN",10.00,N,-,A,-,Y,,,,,,,,,,N,2,0,1,2,A,-,03,22350,,F,B,C,A,A,H,-,A,D,0,,Y,,,Y,,E,72,1,0,0,0,0,0,1,0,0,"- ","- ",,,"SAN MATEO",WOODSIDE,-122.26879119873047,37.419113159179688
8160254,2016,2016-11-08,4116,2016-10-20,0650,06AP03,"SAN M",4,5,5,4116,0,0,0,,0,004,"GRAND AV","LINDEN AV",203.00,E,N,A,-,N,,,,,,,,,,N,2,0,1,2,A,-,10,21950,A,N,G,B,C,A,H,-,C,D,0,Y,,,,Y,,-,"- ",1,0,0,0,1,0,0,0,0,"- ","- ",37.65502,-122.40966,"SAN MATEO","SAN MATEO",-122.40945378000001,37.655021789999999
81602644,2021,2021-11-17,4100,2021-10-04,1526,25189,SNC,1,5,4,4115,0,0,0,,0,051,"ELM STREET","OLIVE STREET",0.00,,Y,A,-,N,,,,,,,,,,N,2,0,1,1,A,-,00,21221,,N,E,J,A,A,H,-,A,D,0,,,,,Y,Y,M,94,1,0,0,0,0,0,0,0,0,"- ","- ",,,"SAN MATEO","SAN CARLOS",-122.25971984863281,37.502342224121094