CASE_ID,ACCIDENT_YEAR,PROC_DATE,JURIS,COLLISION_DATE,COLLISION_TIME,OFFICER_ID,REPORTING_DISTRICT,DAY_OF_WEEK,CHP_SHIFT,POPULATION,CNTY_CITY_LOC,SPECIAL_COND,BEAT_TYPE,CHP_BEAT_TYPE,CITY_DIVISION_LAPD,CHP_BEAT_CLASS,BEAT_NUMBER,PRIMARY_RD,SECONDARY_RD,DISTANCE,DIRECTION,INTERSECTION,WEATHER_1,WEATHER_2,STATE_HWY_IND,CALTRANS_COUNTY,CALTRANS_DISTRICT,STATE_ROUTE,ROUTE_SUFFIX,POSTMILE_PREFIX,POSTMILE,LOCATION_TYPE,RAMP_INTERSECTION,SIDE_OF_HWY,TOW_AWAY,COLLISION_SEVERITY,NUMBER_KILLED,NUMBER_INJURED,PARTY_COUNT,PRIMARY_COLL_FACTOR,PCF_CODE_OF_VIOL,PCF_VIOL_CATEGORY,PCF_VIOLATION,PCF_VIOL_SUBSECTION,HIT_AND_RUN,TYPE_OF_COLLISION,MVIW,PED_ACTION,ROAD_SURFACE,ROAD_COND_1,ROAD_COND_2,LIGHTING,CONTROL_DEVICE,CHP_ROAD_TYPE,PEDESTRIAN_ACCIDENT,BICYCLE_ACCIDENT,MOTORCYCLE_ACCIDENT,TRUCK_ACCIDENT,NOT_PRIVATE_PROPERTY,ALCOHOL_INVOLVED,STWD_VEHTYPE_AT_FAULT,CHP_VEHTYPE_AT_FAULT,COUNT_SEVERE_INJ,COUNT_VISIBLE_INJ,COUNT_COMPLAINT_PAIN,COUNT_PED_KILLED,COUNT_PED_INJURED,COUNT_BICYCLIST_KILLED,COUNT_BICYCLIST_INJURED,COUNT_MC_KILLED,COUNT_MC_INJURED,PRIMARY_RAMP,SECONDARY_RAMP,LATITUDE,LONGITUDE,COUNTY,CITY,POINT_X,POINT_Y
81615229,2021,2021-11-03,4109,2021-10-08,1042,14782,26,5,5,4,4109,0,0,0,,0,001,"SR-82 (EL CAMINO REAL)","LIVE OAK AV",0.00,,Y,A,-,Y,,,82,,,,,,,N,2,0,1,2,A,-,08,22107,,N,H,G,A,A,D,E,A,D,0,,Y,,Y,Y,,F,26,1,0,0,0,0,0,1,0,0,"- ","- ",37.452308654785156,-122.18060302734375,"SAN MATEO","MENLO PARK",-122.18057250976562,37.452362060546875
81615322,2021,2021-11-03,4109,2021-10-21,0821,14782,27,4,5,4,4109,0,0,0,,0,001,"W/B SANTA CRUZ AV","SAN MATEO DR",0.00,,Y,B,-,N,,,,,,,,,,N,2,0,1,1,A,-,03,22350,,N,H,A,A,A,H,-,A,D,0,,Y,,,Y,,L,04,1,0,0,0,0,0,1,0,0,"- ","- ",37.445041656494141,-122.19001007080078,"SAN MATEO","MENLO PARK",-122.19,37.445065999999997
81616540,2021,2021-11-04,4100,2021-10-02,1230,19810,4100,6,5,3,4107,0,0,0,,0,075,"SR-1 (N CABRILLO HWY)","SOUTHERN CURBLINE OF CAPISTRANO ROAD",1320.00,S,-,A,-,Y,,,,,,,,,,N,2,0,2,2,A,-,06,21755,,N,D,C,A,A,H,-,A,D,0,,,Y,,Y,,C,02,2,0,0,0,0,0,0,0,2,"- ","- ",,,"SAN MATEO","HALF MOON BAY",-122.46495056152344,40.619190216064453
81631584,2021,2021-11-22,4100,2021-11-02,2358,18110,,2,5,3,4110,0,0,0,,0,,"SR-82 (EL CAMINO REAL)",LUDEMAN,12.00,N,-,A,-,Y,,,,,,,,,,N,2,0,1,2,A,-,10,21950,A,N,G,B,B,A,H,-,C,A,0,Y,,,,Y,,A,01,1,0,0,0,1,0,0,0,0,"- ","- ",,,"SAN MATEO",MILLBRAE,-122.39979553222656,37.608516693115234
81659784,2021,2023-06-02,4100,2021-12-04,2357,18110,MLB,6,5,3,4110,0,0,0,,0,062,"SR-82 (EL CAMINO REAL)","NORTH CURB PROLON SAN BENITO AVE",111.00,N,-,A,-,Y,,,,,,,,,,Y,2,0,1,2,A,-,11,21954,A,N,G,B,D,A,H,-,C,D,0,Y,,,,Y,,N,60,1,0,0,0,1,0,0,0,0,"- ","- ",,,"SAN MATEO",MILLBRAE,-122.4647216796875,40.623004913330078
81659801,2021,2021-12-23,4100,2021-12-18,1636,25274,WDS,6,5,2,4118,0,0,0,,0,030,"SR-84 (LA HONDA RD)","PORTOLA RD",436.00,S,-,A,-,Y,,,,,,,,,,N,2,0,1,1,A,-,03,22350,,N,H,A,A,B,H,-,B,D,0,,Y,,,Y,,L,04,1,0,0,0,0,0,1,0,0,"- ","- ",,,"SAN MATEO",WOODSIDE,-122.25658416748047,37.406326293945312
8166631,2016,2017-01-23,4113,2016-06-14,1551,295,4,2,5,5,4113,0,0,0,,0,004,"CHARTER ST","STAMBAUGH ST",0.00,,Y,A,-,N,,,,,,,,,,Y,1,1,0,5,D,-,00,,,N,C,E,A,A,H,-,A,A,0,,,,,Y,,-,"- ",0,0,0,0,0,0,0,0,0,"- ","- ",37.480220000000003,-122.21516,"SAN MATEO","REDWOOD CITY",-122.21530986,37.480519979999997
8166669,2016,2017-02-03,4100,2016-12-20,2042,25090,5R,2,5,3,4110,0,0,0,,0,062,"EL CAMINO REAL","LUDEMAN LN",0.00,,Y,A,-,Y,SM,4,82,-,-,16.913,I,5,S,N,1,1,0,2,A,-,03,22350,,F,G,B,B,A,H,-,C,D,0,Y,,,,Y,,-,,0,0,0,1,0,0,0,0,0,"- ","- ",,,"SAN MATEO",MILLBRAE,-122.39972021,37.608572909999999
8166717,2016,2017-03-30,4106,2016-12-06,0915,1185,1,2,5,6,4106,0,0,0,,0,001,"LINDA VISTA","MAIN ST",0.00,,Y,A,-,N,,,,,,,,,,Y,1,1,0,1,A,-,05,21650,,N,E,I,A,A,H,-,A,D,0,,,,,Y,,A,08,0,0,0,0,0,0,0,0,0,"- ","- ",37.70129,-122.41173999999999,"SAN MATEO","DALY CITY",-122.41177987,37.701469920000001
81667611,2021,2021-12-31,4117,2021-11-23,2015,21JB07,01AM,2,5,5,4117,0,0,0,,0,001,"SOUTH AIRPORT BL","BELLE AIRE RD",380.00,S,-,A,-,N,,,,,,,,,,N,2,0,1,2,A,-,11,21954,A,N,G,B,D,A,H,-,C,D,0,Y,,,,Y,,N,60,1,0,0,0,1,0,0,0,0,"- ","- ",37.639991760253906,-122.401611328125,"SAN MATEO","SOUTH SAN FRANCISCO",-122.40171813964844,37.640033721923828
81672650,2021,2022-03-15,4100,2021-12-10,1228,25242,PV,5,5,2,4112,0,0,0,,0,031,"PORTOLA RD","TARDIN LN",400.00,S,-,A,-,N,,,,,,,,,,N,2,0,5,6,A,-,08,22107,,N,F,A,A,A,H,-,A,D,0,,Y,,,Y,,L,04,3,2,0,0,0,0,5,0,0,"- ","- ",,,"SAN MATEO","PORTOLA VALLEY",-122.24405670166016,37.393581390380859
8167662,2019,2020-01-10,4100,2019-09-03,1932,25291,17,2,5,4,4115,0,0,0,,0,051,"EATON AV","EL CAMINO REAL",1.00,E,N,A,-,Y,SM,4,82,-,-,5.177,I,5,S,N,2,0,1,2,A,-,09,21804,A,N,D,G,A,A,H,-,B,D,0,,Y,,,Y,,D,22,1,0,0,0,0,0,1,0,0,"- ","- ",,,"SAN MATEO","SAN CARLOS",-122.24462890625,37.493892669677734
8167938,2019,2020-02-07,4113,2019-08-09,1620,461,7,5,5,5,4113,0,0,0,,0,007,"EL CAMINO REAL","EL CAMINO REAL 512",0.00,,-,A,-,Y,SM,4,82,-,-,4.790,H,-,S,N,2,0,1,2,A,-,17,22517,,N,H,G,A,A,H,-,A,D,0,,Y,,,Y,,A,01,1,0,0,0,0,0,1,0,0,"- ","- ",37.490379333496094,-122.23977661132812,"SAN MATEO","REDWOOD CITY",-122.23945617675781,37.490142822265625
8170774,2016,2017-03-06,4113,2016-10-29,1948,309,3,6,5,5,4113,0,0,0,,0,003,"EL CAMINO REAL","OAK AV",268.00,S,N,A,-,Y,SM,4,82,-,-,3.510,H,-,N,Y,2,0,3,3,A,-,01,23153,A,N,A,C,A,A,H,-,C,D,0,,,,,Y,Y,A,01,1,2,0,0,0,0,0,0,0,"- ","- ",37.476979999999998,-122.22357,"SAN MATEO","REDWOOD CITY",-122.2228368,37.477194019999999
8172036,2016,2016-12-01,4100,2016-10-19,0839,19910,MLB,3,5,3,4110,0,0,0,,0,061,"MILLBRAE AV","ASHTON AV",0.00,,Y,A,-,N,,,,,,,,,,N,2,0,1,2,A,-,10,21950,A,N,G,B,B,A,H,-,A,A,0,Y,,,,Y,,D,22,1,0,0,0,1,0,0,0,0,"- ","- ",,,"SAN MATEO",MILLBRAE,-122.39626989,37.594099989999997
81748170,2022,2022-04-14,4117,2022-03-08,2000,12JP07,11AE,2,5,5,4117,0,0,0,,0,004,"HILLSIDE BL","KEARNEY ST",283.00,E,-,A,-,N,,,,,,,,,,N,1,1,2,2,A,-,03,22350,,N,E,I,A,A,H,-,D,D,0,,,,,Y,,A,01,1,1,0,0,0,0,0,0,0,"- ","- ",37.669219970703125,-122.42134857177734,"SAN MATEO","SOUTH SAN FRANCISCO",-122.42039489746094,37.669418334960938
81759470,2022,2022-04-28,4109,2022-04-20,1329,145990,17,3,5,4,4109,0,0,0,,0,003,"WILLOW RD","NEWBRIDGE ST",0.00,,Y,A,-,N,,,,,,,,,,N,2,0,1,2,A,-,08,22107,,N,D,C,A,A,H,-,A,A,0,,Y,,,Y,,A,01,1,0,0,0,0,0,1,0,0,"- ","- ",37.472808837890625,-122.15438079833984,"SAN MATEO","MENLO PARK",-122.15469360351562,37.472904205322266
81765737,2022,2022-05-05,4100,2022-04-30,1535,25956,WDS,6,5,2,4118,0,0,0,,0,030,"SR-84 (LA HONDA RD)","MARTINEZ RD",25.00,E,-,A,-,Y,,,,,,,,,,N,2,0,1,1,A,-,03,22350,,N,F,A,A,A,H,-,A,D,0,,Y,,,Y,,L,04,1,0,0,0,0,0,1,0,0,"- ","- ",,,"SAN MATEO",WOODSIDE,-122.26132202148438,37.385150909423828
81771876,2022,2022-05-13,4114,2022-04-12,1442,1293,SNB8,2,5,4,4114,0,0,0,,0,002,"S SAN ANSELMO AV","W SAN MARCOS AVE",0.00,,Y,A,-,N,,,,,,,,,,N,2,0,1,1,A,-,08,22107,,N,C,C,A,A,H,-,A,D,0,,,,,Y,Y,M,94,1,0,0,0,0,0,0,0,0,"- ","- ",,,"SAN MATEO","SAN BRUNO",-122.40550994873047,37.617229461669922
81779268,2022,2022-06-22,4100,2022-05-17,1616,25247,HMB,2,5,3,4107,0,0,0,,0,075,"501 SAN MATEO RD",SR-92,0.00,,Y,A,-,N,,,,,,,,,,Y,2,0,3,2,A,-,03,22350,,N,D,C,A,A,H,-,A,D,0,,,,,Y,,A,01,1,2,0,0,0,0,0,0,0,"- ","- ",,,"SAN MATEO","HALF MOON BAY",-122.40625762939453,37.480022430419922
8178923,2016,2016-12-09,4113,2016-10-31,0143,430,4,1,5,5,4113,0,0,0,,0,004,"EAST BAYSHORE RD","DOUGLAS CT",780.00,N,N,A,-,N,,,,,,,,,,Y,2,0,1,1,A,-,01,23152,A,N,E,I,A,B,H,-,C,D,0,,,,,Y,Y,A,01,1,0,0,0,0,0,0,0,0,"- ","- ",37.487839999999998,-122.20632000000001,"SAN MATEO","REDWOOD CITY",-122.20893416,37.48841169
8179620,2016,2016-12-12,4104,2016-11-21,1306,0230,12,1,5,4,4104,0,0,0,,0,00B,"CABRILLO AV","HILLSIDE DR",470.00,S,N,A,-,N,,,,,,,,,,N,2,0,1,2,A,-,11,21954,A,N,G,B,D,A,H,-,A,D,0,Y,,,,Y,,N,60,1,0,0,0,1,0,0,0,0,"- ","- ",37.585450000000002,-122.37336999999999,"SAN MATEO",BURLINGAME,-122.37245347,37.584616510000004
81804850,2022,2022-06-28,4100,2022-05-20,2112,25901,4100,5,5,3,4107,0,0,0,,0,075,"SR-1 (CABRILLO HWY S)","KELLY AV",624.10,N,-,A,-,Y,,,,,,,,,,N,1,1,0,2,A,-,00,21955,A,N,G,B,D,A,H,-,D,D,0,Y,,,,Y,,N,60,0,0,0,1,0,0,0,0,0,"- ","- ",,,"SAN MATEO","HALF MOON BAY",-123.29156494140625,38.542594909667969
81807002,2022,2022-06-30,4117,2022-05-24,1211,12JP07,17AN,2,5,5,4117,0,0,0,,0,003,"KING DR","ALTAMONT DR",312.00,E,-,A,-,N,,,,,,,,,,N,2,0,1,2,A,-,03,22350,,N,H,G,A,A,H,-,A,D,0,,Y,,,Y,,L,04,1,0,0,0,0,0,1,0,0,"- ","- ",37.655361175537109,-122.45185089111328,"SAN MATEO","SOUTH SAN FRANCISCO",-122.45091247558594,37.655536651611328
81815547,2022,2022-07-13,4100,2022-07-09,1220,25274,WDS,6,5,2,4118,0,0,0,,0,030,"SR-84 (LA HONDA RD)","84 SM17.00",21.00,N,-,A,-,Y,,,,,,,,,,N,2,0,1,2,A,-,06,21750,A,N,B,C,A,A,H,-,A,D,0,,Y,,,Y,,A,01,1,0,0,0,0,0,1,0,0,"- ","- ",,,"SAN MATEO",WOODSIDE,,
8181858,2016,2016-12-07,4117,2016-11-14,1704,04RC07,,1,5,5,4117,0,0,0,,0,001,"SOUTH AIRPORT BL","BEACON ST",0.00,,Y,A,-,N,,,,,,,,,,Y,2,0,1,2,A,-,09,21801,A,N,A,C,A,A,H,-,A,D,0,,,Y,,Y,,A,01,1,0,0,0,0,0,0,0,1,"- ","- ",37.642359999999996,-122.40063000000001,"SAN MATEO","SOUTH SAN FRANCISCO",-122.40263993000001,37.641539960000003
8183906,2016,2017-01-13,4101,2016-10-29,2310,16BR01,,6,5,2,4101,0,0,0,,0,001,"MIDDLEFIELD RD","PALMER LN",104.00,N,N,A,-,N,,,,,,,,,,N,2,0,1,2,A,-,11,21954,A,N,G,B,D,A,H,-,D,D,0,Y,,,,Y,Y,N,60,1,0,0,0,1,0,0,0,0,"- ","- ",37.469760000000001,-122.19475,"SAN MATEO",ATHERTON,-122.19491606,37.469783040000003
81842818,2022,2022-08-17,4109,2022-07-29,2324,14749,17B,5,5,4,4109,0,0,0,,0,004,"HAVEN AV","NORTH MARSH RD CURBLINE PROLONGATION",576.00,N,-,A,-,N,,,,,,,,,,Y,1,1,0,1,A,-,03,22350,,N,E,I,A,A,H,-,C,D,0,,,,,Y,,A,01,0,0,0,0,0,0,0,0,0,"- ","- ",37.48516845703125,-122.18218231201172,"SAN MATEO","MENLO PARK",-122.18093872070312,37.486846923828125
81845931,2022,2022-08-22,4100,2022-08-17,1701,25924,MLB,3,5,3,4110,0,0,0,,0,062,BROADWAY,"MEADOW GLEN AV",329.20,N,-,A,-,N,,,,,,,,,,N,2,0,1,1,A,-,03,22350,,N,F,A,A,A,H,-,A,D,0,,,Y,,Y,,C,03,1,0,0,0,0,0,0,0,1,"- ","- ",,,"SAN MATEO",MILLBRAE,-122.39836120605469,37.605907440185547
81864071,2022,2022-09-14,4117,2022-08-30,1800,14MN05,21AC,2,5,5,4117,0,0,0,,0,003,"GRAND AV","MISSION RD",210.00,E,-,A,-,N,,,,,,,,,,Y,2,0,1,1,A,-,03,22350,,N,H,A,A,A,H,-,A,D,0,,,Y,,Y,,C,02,1,0,0,0,0,0,0,0,1,"- ","- ",37.660549163818359,-122.43675994873047,"SAN MATEO","SOUTH SAN FRANCISCO",-122.43661499023438,37.660377502441406
81887466,2022,2022-10-11,4114,2022-09-02,2321,0825,SNB1,5,5,4,4114,0,0,0,,0,001,"E SAN BRUNO AVE","7TH AVE",0.00,,Y,A,-,N,,,,,,,,,,N,2,0,1,2,A,-,00,22017,,N,C,G,A,A,H,-,C,D,0,,Y,,,Y,,M,91,1,0,0,0,0,0,1,0,0,"- ","- ",,,"SAN MATEO","SAN BRUNO",-122.40547180175781,37.630908966064453
81916964,2022,2022-11-14,4117,2022-11-12,2340,17MZ04,09AA,6,5,5,4117,0,0,0,,0,001,"SOUTH LINDEN AV","RAILROAD AV",314.00,S,-,A,-,N,,,,,,,,,,Y,1,1,1,1,A,-,01,23152,A,N,E,I,A,A,H,-,C,D,0,,,,,Y,Y,A,01,0,1,0,0,0,0,0,0,0,"- ","- ",37.652359008789062,-122.41111755371094,"SAN MATEO","SOUTH SAN FRANCISCO",-122.41139984130859,37.651527404785156
81922891,2022,2022-11-21,4117,2022-10-21,0754,21MC03,27AO,5,5,5,4117,0,0,0,,0,002,"WESTBOROUGH BL","GALWAY PL",0.00,,Y,B,-,N,,,,,,,,,,N,2,0,1,2,A,-,10,21950,A,N,G,B,B,B,H,-,A,A,0,Y,,,,Y,,A,01,1,0,0,0,1,0,0,0,0,"- ","- ",37.643211364746094,-122.45719146728516,"SAN MATEO","SOUTH SAN FRANCISCO",-122.45726013183594,37.643104553222656
81946350,2022,2022-12-19,4100,2022-12-07,0658,25906,4100,3,5,4,4115,0,0,0,,0,052,"OLD COUNTY RD","BRITTAN AV",0.00,,Y,A,-,N,,,,,,,,,,Y,2,0,1,2,A,-,09,21801,A,N,A,C,A,A,H,-,A,A,0,,,,,Y,,D,22,1,0,0,0,0,0,0,0,0,"- ","- ",,,"SAN MATEO","SAN CARLOS",-122.25196075439453,37.501110076904297
81972103,2022,2023-01-19,4116,2022-12-31,1738,26724,37,6,5,5,4116,0,0,0,,0,00C,"SOUTH EL CAMINO REAL","42ND AV",0.00,,Y,C,-,Y,,,,,,,,,,Y,1,1,0,1,A,-,05,21651,,N,E,J,A,B,F,-,C,A,0,,,,,Y,,A,01,0,0,0,0,0,0,0,0,0,"- ","- ",37.567821502685547,-122.32373046875,"SAN MATEO","SAN MATEO",-122.28913116455078,37.530448913574219
81997834,2023,2023-02-20,4114,2023-02-12,1712,1245,SNB10,7,5,4,4114,0,0,0,,0,001,"COMMODORE DR","ADMIRAL COURT",0.00,,Y,A,-,N,,,,,,,,,,Y,2,0,1,2,A,-,10,21950,A,N,G,B,B,A,H,-,A,D,0,Y,,,,Y,,A,01,1,0,0,0,1,0,0,0,0,"- ","- ",,,"SAN MATEO","SAN BRUNO",-122.42115783691406,37.634914398193359
81998416,2023,2023-02-20,4100,2023-02-08,1954,25888,4100,3,5,3,4107,0,0,0,,0,075,"N CABRILLO HWY","RUISSEAU FRANCAIS AV",0.00,,Y,A,-,Y,,,,,,,,,,N,2,0,1,1,A,-,03,22350,,N,H,A,A,A,B,-,C,A,0,,,Y,,Y,,C,02,1,0,0,0,0,0,0,0,1,"- ","- ",,,"SAN MATEO","HALF MOON BAY",-122.44641876220703,37.483524322509766
82037872,2023,2023-04-05,4100,2023-04-01,1411,25971,SNC,6,5,4,4115,0,0,0,,0,052,"SR-82 (EL CAMINO REAL)","BRITTAN AV",0.00,,Y,A,-,Y,,,,,,,,,,N,2,0,1,2,A,-,03,22350,,N,H,G,A,A,H,-,A,A,0,,Y,,,Y,,L,04,1,0,0,0,0,0,1,0,0,"- ","- ",,,"SAN MATEO","SAN CARLOS",-122.25251770019531,37.500679016113281
82058611,2023,2023-05-01,4100,2023-04-21,1515,25195,MLB,5,5,3,4110,0,0,0,,0,060,"PALM AV","TAYLOR BL",0.00,,Y,A,-,N,,,,,,,,,,N,2,0,1,2,A,-,12,22450,A,N,H,G,A,A,H,-,A,A,0,,Y,,,Y,,L,04,1,0,0,0,0,0,1,0,0,"- ","- ",,,"SAN MATEO",MILLBRAE,-122.39730072021484,37.599372863769531
82061783,2023,2023-05-05,4117,2023-05-02,1206,99ID13,17BL,2,5,5,4117,0,0,0,,0,003,"JUNIPERO SERRA BL","WESTBOROUGH BL",0.00,,Y,C,-,Y,,,,,,,,,,Y,2,0,3,2,A,-,09,21806,,N,D,C,A,B,H,-,A,A,0,,,,,Y,,A,01,1,2,0,0,0,0,0,0,0,"- ","- ",37.6461181640625,-122.44857788085938,"SAN MATEO","SOUTH SAN FRANCISCO",-122.44859313964844,37.646110534667969
82086920,2023,2023-06-06,4117,2023-05-12,1837,19JS03,19AW,5,5,5,4117,0,0,0,,0,002,"WESTBOROUGH BL","GELLERT BL",55.00,W,-,A,-,N,,,,,,,,,,N,2,0,1,2,A,-,09,21453,B,N,D,C,A,A,H,-,A,A,0,,,Y,,Y,,A,07,1,0,0,0,0,0,0,0,1,"- ","- ",37.643310546875,-122.45291137695312,"SAN MATEO","SOUTH SAN FRANCISCO",-122.45316314697266,37.643348693847656
82104981,2023,2023-06-29,4116,2023-04-29,1300,28996,12,6,5,5,4116,0,0,0,,0,00A,"14 N FREMONT ST","CYPRESS AV",0.00,,Y,A,-,N,,,,,,,,,,N,2,0,1,2,A,-,09,21804,A,F,C,C,A,A,H,-,A,D,0,,,,,Y,,A,01,1,0,0,0,0,0,0,0,0,"- ","- ",37.571559906005859,-122.32129669189453,"SAN MATEO","SAN MATEO",-122.32124328613281,37.571041107177734
82112062,2023,2023-07-07,4117,2023-06-26,1158,17RA05,17AO,1,5,5,4117,0,0,0,,0,003,"NYLA AV","DEL MONTE AV",396.00,W,-,A,-,N,,,,,,,,,,N,2,0,1,1,A,-,03,22350,,N,H,A,A,A,H,-,A,D,0,,,Y,,Y,,C,03,1,0,0,0,0,0,0,0,1,"- ","- ",37.657379150390625,-122.44725799560547,"SAN MATEO","SOUTH SAN FRANCISCO",-122.44752502441406,37.657123565673828
82115438,2023,2023-07-13,4100,2023-07-08,1752,25136,SNC,6,5,4,4115,0,0,0,,0,053,"422 CLIFTON AV","KENTON AV",142.00,N,Y,A,-,N,,,,,,,,,,N,2,0,2,1,A,-,03,22350,,N,H,G,A,A,H,-,A,D,0,,Y,,,Y,,L,04,1,1,0,0,0,0,2,0,0,"- ","- ",,,"SAN MATEO","SAN CARLOS",-122.28083801269531,37.507312774658203
82171181,2023,2023-09-15,4117,2023-08-22,1730,18AR14,14AF,2,5,5,4117,0,0,0,,0,002,SR-82,"HAZELWOOD DR",110.00,N,-,A,-,Y,SM,,82," "," ",20.655,H,,R,Y,2,0,1,2,A,-,08,22107,,N,D,C,A,A,H,-,A,A,0,,,Y,,Y,,A,01,1,0,0,0,0,0,0,0,1,"- ","- ",37.6551513671875,-122.43448638916016,"SAN MATEO","SOUTH SAN FRANCISCO",-122.43437957763672,37.655246734619141
82172359,2023,2023-09-18,4117,2023-09-15,2249,19JS03,01AM,5,5,5,4117,0,0,0,,0,001,"SOUTH AIRPORT BL","BELLE AIR RD",152.00,S,-,A,-,N,,,,,,,,,,Y,2,0,3,1,A,-,01,23153,A,F,E,I,A,A,H,-,C,D,0,,,,,Y,Y,A,01,1,2,0,0,0,0,0,0,0,"- ","- ",37.640838623046875,-122.40302276611328,"SAN MATEO","SOUTH SAN FRANCISCO",-122.40204620361328,37.640602111816406
82176028,2023,2023-09-21,4117,2023-09-12,"859 ",14MN05,17AR,2,5,5,4117,0,0,0,,0,003,"JUNIPERO SERRA BL","ARROYO DR",0.00,,Y,A,-,N,,,,,,,,,,Y,2,0,2,2,A,-,09,21802,A,N,D,C,A,A,H,-,A,A,0,,,,,Y,,A,01,1,1,0,0,0,0,0,0,0,"- ","- ",37.648601531982422,-122.45024871826172,"SAN MATEO","SOUTH SAN FRANCISCO",-122.45040130615234,37.648494720458984
82197632,2023,2023-10-12,4116,2023-09-23,2140,28444,14,6,5,5,4116,0,0,0,,0,00A,"N EL CAMINO REAL","W BELLEVUE AVE",0.00,,Y,A,-,Y,SM,,82," "," ",12.579,H,,R,Y,2,0,2,2,A,-,12,21453,,N,D,C,A,A,H,-,C,A,0,,,,,Y,,A,01,2,0,0,0,0,0,0,0,0,"- ","- ",37.571128845214844,-122.33757781982422,"SAN MATEO","SAN MATEO",-122.33757019042969,37.571136474609375
82242230,2023,2023-11-21,4116,2023-11-10,"829 ",28307,37,5,5,5,4116,0,0,0,,0,00C,"42ND AV","EDISON STREET",0.00,,Y,A,-,N,,,,,,,,,,N,2,0,1,2,A,-,10,21950,A,F,G,B,B,A,H,-,A,A,0,Y,,,,Y,,D,22,1,0,0,0,1,0,0,0,0,"- ","- ",37.527980804443359,-122.29469299316406,"SAN MATEO","SAN MATEO",-122.29470825195312,37.528030395507812
82248105,2023,2023-11-29,4117,2023-11-21,"324 ",12JP07,05AE,2,5,5,4117,0,0,0,,0,001,"AIRPORT BL","SO AIRPORT BL",225.00,N,-,A,-,N,,,,,,,,,,Y,1,1,1,2,A,-,05,21651,B,N,A,C,A,A,H,-,C,D,0,,,,,Y,,A,01,1,0,0,0,0,0,0,0,0,"- ","- ",37.649669647216797,-122.40802764892578,"SAN MATEO","SOUTH SAN FRANCISCO",-122.40846252441406,37.650234222412109
82251301,2023,2023-12-04,4114,2023-11-10,1803,1260,SNB6,5,5,4,4114,0,0,0,,0,002,"SAN BRUNO AV","MILLS AV",0.00,,Y,A,-,N,,,,,,,,,,N,2,0,2,3,A,-,03,22350,,F,G,B,B,A,H,-,C,D,0,Y,,,,Y,,A,01,2,0,0,0,2,0,0,0,0,"- ","- ",,,"SAN MATEO","SAN BRUNO",-122.41281890869141,37.630279541015625
82256386,2023,2023-12-07,4117,2023-11-27,"958 ",12JP07,08AO,1,5,5,4117,0,0,0,,0,004,"AIRPORT BL","PINE AV",0.00,,Y,A,-,N,,,,,,,,,,Y,2,0,1,2,A,-,09,21802,A,N,D,C,A,A,D,-,A,A,0,,,,,Y,,A,01,1,0,0,0,0,0,0,0,0,"- ","- ",37.658370971679688,-122.40586853027344,"SAN MATEO","SOUTH SAN FRANCISCO",-122.40598297119141,37.658374786376953
82262307,2023,2023-12-14,4114,2023-11-23,1823,0021,SNB13,4,5,4,4114,0,0,0,,0,002,"JENEVEIN AV","CYPRESS AVENUE",0.00,,Y,A,-,N,,,,,,,,,,N,2,0,1,3,A,-,09,21802,A,N,H,G,A,A,H,-,C,A,0,,Y,,,Y,,L,04,1,0,0,0,0,0,1,0,0,"- ","- ",,,"SAN MATEO","SAN BRUNO",-122.41641998291016,37.621242523193359
82324662,2024,2024-02-27,4117,2024-02-11,1736,22GM01,,7,5,5,4117,0,0,0,,0,004,"WALNUT AV","MAPLE AV",24.00,W,-,A,-,N,,,,,,,,,,Y,2,0,1,3,A,-,08,22107,,N,B,E,A,A,H,-,A,D,0,,,Y,,Y,,C,02,1,0,0,0,0,0,0,0,1,"- ","- ",37.658588409423828,-122.41148376464844,"SAN MATEO","SOUTH SAN FRANCISCO",-122.41153717041016,37.658588409423828
82343295,2024,2024-03-21,4100,2024-03-01,"458 ",25241,,5,5,3,4110,0,0,0,,0,MLB,"419 LOMITA AV","BAYVIEW AVE",101.00,W,-,B,-,N,,,,,,,,,,N,2,0,1,1,A,-,08,22107,,N,C,C,A,B,H,-,C,D,0,,Y,,,Y,,L,04,1,0,0,0,0,0,1,0,0,"- ","- ",,,"SAN MATEO",MILLBRAE,-122.41636657714844,37.609394073486328
82381509,2024,2024-05-03,4117,2024-04-29,1904,14MN05,,1,5,5,4117,0,0,0,,0,003,"GRAND AV","WILLOW AV",0.00,,Y,A,-,N,,,,,,,,,,N,2,0,1,2,A,-,10,21950,A,N,G,B,B,A,H,-,B,A,0,Y,,,,Y,,A,01,1,0,0,0,1,0,0,0,0,"- ","- ",37.659881591796875,-122.43357086181641,"SAN MATEO","SOUTH SAN FRANCISCO",-122.43354034423828,37.659877777099609
82416671,2024,2025-06-26,4100,2024-05-26,"542 ",25869,,7,5,3,4110,0,0,0,,0,,"MILLBRAE AV","W CURB OF MILLBRAE AV",6.00,S,-,A,-,N,,,,,,,,,,Y,2,0,1,2,A,-,03,22350,,F,G,B,B,A,H,-,D,D,0,Y,,,,Y,,A,01,1,0,0,0,1,0,0,0,0,"- ","- ",,,"SAN MATEO",MILLBRAE,-122.38749694824219,37.598541259765625
82421813,2024,2024-06-24,4109,2024-06-23,1942,200040,,7,5,4,4109,0,0,0,,0,003,"ALMANOR AVENUE","NEWBRIDGE STREET",0.00,,Y,A,-,N,,,,,,,,,,N,2,0,1,2,A,-,12,22450,,N,D,C,A,A,H,-,A,A,0,,,Y,,Y,,C,02,1,0,0,0,0,0,0,0,1,"- ","- ",37.475051879882812,-122.16216278076172,"SAN MATEO","MENLO PARK",-122.16217041015625,37.475044250488281