CASE_ID,ACCIDENT_YEAR,PROC_DATE,JURIS,COLLISION_DATE,COLLISION_TIME,OFFICER_ID,REPORTING_DISTRICT,DAY_OF_WEEK,CHP_SHIFT,POPULATION,CNTY_CITY_LOC,SPECIAL_COND,BEAT_TYPE,CHP_BEAT_TYPE,CITY_DIVISION_LAPD,CHP_BEAT_CLASS,BEAT_NUMBER,PRIMARY_RD,SECONDARY_RD,DISTANCE,DIRECTION,INTERSECTION,WEATHER_1,WEATHER_2,STATE_HWY_IND,CALTRANS_COUNTY,CALTRANS_DISTRICT,STATE_ROUTE,ROUTE_SUFFIX,POSTMILE_PREFIX,POSTMILE,LOCATION_TYPE,RAMP_INTERSECTION,SIDE_OF_HWY,TOW_AWAY,COLLISION_SEVERITY,NUMBER_KILLED,NUMBER_INJURED,PARTY_COUNT,PRIMARY_COLL_FACTOR,PCF_CODE_OF_VIOL,PCF_VIOL_CATEGORY,PCF_VIOLATION,PCF_VIOL_SUBSECTION,HIT_AND_RUN,TYPE_OF_COLLISION,MVIW,PED_ACTION,ROAD_SURFACE,ROAD_COND_1,ROAD_COND_2,LIGHTING,CONTROL_DEVICE,CHP_ROAD_TYPE,PEDESTRIAN_ACCIDENT,BICYCLE_ACCIDENT,MOTORCYCLE_ACCIDENT,TRUCK_ACCIDENT,NOT_PRIVATE_PROPERTY,ALCOHOL_INVOLVED,STWD_VEHTYPE_AT_FAULT,CHP_VEHTYPE_AT_FAULT,COUNT_SEVERE_INJ,COUNT_VISIBLE_INJ,COUNT_COMPLAINT_PAIN,COUNT_PED_KILLED,COUNT_PED_INJURED,COUNT_BICYCLIST_KILLED,COUNT_BICYCLIST_INJURED,COUNT_MC_KILLED,COUNT_MC_INJURED,PRIMARY_RAMP,SECONDARY_RAMP,LATITUDE,LONGITUDE,COUNTY,CITY,POINT_X,POINT_Y
82430373,2024,2024-07-18,4100,2024-06-04,1600,25195,,2,5,3,4110,0,0,0,,0,060,SR-82,"TAYLOR BLVD",0.00,,Y,A,-,N,,,,,,,,,,N,2,0,1,2,A,-,03,22350,,N,H,G,A,A,H,-,A,A,0,,,Y,Y,Y,,C,03,1,0,0,0,0,0,0,0,1,"- ","- ",,,"SAN MATEO",MILLBRAE,-122.39296722412109,37.603153228759766
82798500,2024,2024-07-26,4116,2024-07-14,1940,28536,,7,5,5,4116,0,0,0,,0,00D,"AIRPORT BL","LANG RD",0.00,,Y,A,-,N,,,,,,,,,,Y,2,0,2,1,A,-,03,22350,,N,E,I,A,A,G,-,B,D,0,,,Y,,Y,,C,02,1,1,0,0,0,0,0,0,2,"- ","- ",37.587139129638672,-122.33479309082031,"SAN MATEO","SAN MATEO",-122.33446502685547,37.587112426757812
8282569,2016,2017-04-07,4100,2016-12-18,1718,18640,17,7,5,4,4115,0,0,0,,0,005,"EL CAMINO REAL","BELMONT AV",5.00,N,N,A,-,Y,SM,4,82,-,-,5.518,I,5,N,Y,1,1,0,2,A,-,11,21950,B,N,G,B,B,A,H,-,C,A,0,Y,,,,Y,,N,60,0,0,0,1,0,0,0,0,0,"- ","- ",,,"SAN MATEO","SAN CARLOS",-122.24887216,37.497535929999998
8286542,2016,2017-03-06,4106,2016-11-03,0703,1185,,4,5,6,4106,0,0,0,,0,002,"RT 82",RICE,0.00,,Y,A,-,Y,SF,4,82,-,-,0.080,I,5,N,N,2,0,1,2,A,-,10,21950,A,N,G,B,B,A,H,-,C,D,0,Y,,,,Y,,A,01,1,0,0,0,1,0,0,0,0,"- ","- ",37.707619999999999,-122.45631,"SAN MATEO","DALY CITY",-122.45825360000001,37.709004399999998
8306200,2017,2017-03-01,4127,2017-02-05,1822,2239,4127,7,5,4,4127,0,0,0,,0,003,"COOLEY AV","GREEN ST",0.00,,Y,C,-,N,,,,,,,,,,N,2,0,1,2,A,-,10,21950,A,F,G,B,B,B,H,-,C,D,0,Y,,,,Y,,-,99,1,0,0,0,1,0,0,0,0,"- ","- ",,,"SAN MATEO","EAST PALO ALTO",-122.13927995,37.464149900000002
8320129,2017,2017-03-08,4117,2017-02-12,1302,12PF06,13AJ,7,5,5,4117,0,0,0,,0,001,"MEMORIAL DR","WEST ORANGE AV",419.00,N,N,A,-,N,,,,,,,,,,N,2,0,1,2,A,-,10,21950,A,F,G,B,C,A,H,-,A,D,0,Y,,,,Y,,A,01,1,0,0,0,1,0,0,0,0,"- ","- ",,,"SAN MATEO","SOUTH SAN FRANCISCO",-122.42813931000001,37.6526377
8339109,2017,2017-08-04,4117,2017-03-21,1506,12PF06,25AA,2,5,5,4117,0,0,0,,0,003,"RT 82","SOUTHWOOD DR",0.00,,Y,A,-,Y,SM,4,82,-,-,20.479,I,5,N,Y,2,0,2,2,A,-,09,21801,A,N,D,C,A,A,H,-,A,D,0,,,Y,,Y,,A,01,1,1,0,0,0,0,0,0,1,"- ","- ",37.652990000000003,-122.4324,"SAN MATEO","SOUTH SAN FRANCISCO",-122.43235919999999,37.653043930000003
8361221,2017,2017-05-16,4109,2017-03-26,0215,14435,18,7,5,4,4109,0,0,0,,0,003,"BAYFRONT EXPWY","UNIVERSITY AV",0.00,,Y,A,-,N,,,,,,,,,,Y,2,0,4,2,A,-,12,21453,A,N,D,C,A,A,H,-,C,A,0,,,,,Y,Y,A,01,1,0,3,0,0,0,0,0,0,"- ","- ",37.48113,-122.13970999999999,"SAN MATEO","MENLO PARK",-122.14281142,37.486414369999999
8371065,2017,2018-03-23,4100,2017-05-04,2239,25090,J,4,5,3,4110,0,0,0,,0,00O,"EL CAMINO REAL","SAN DIEGO AV",0.00,,Y,A,-,Y,SM,4,82,-,-,17.268,I,5,N,Y,2,0,1,2,A,-,10,21950,A,N,G,B,B,A,H,-,C,D,0,Y,,,,Y,,A,01,1,0,0,0,1,0,0,0,0,"- ","- ",,,"SAN MATEO",MILLBRAE,-122.40371020000001,37.612604930000003
8372913,2017,2017-05-31,4106,2017-05-21,0049,2133,,7,5,6,4106,0,0,0,,0,002,"SAN JOSE BL","FLOURNOY ST",41.00,N,N,A,-,N,,,,,,,,,,Y,2,0,4,4,A,-,01,23153,A,F,B,E,A,A,H,-,C,D,0,,,,,Y,Y,A,01,1,2,1,0,0,0,0,0,0,"- ","- ",,,"SAN MATEO","DALY CITY",-122.45990961,37.70745677
8376706,2017,2018-04-09,4114,2017-05-13,1247,0825,SNB33,6,5,4,4114,0,0,0,,0,003,"SKYLINE BL","SAN BRUNO AV",940.00,S,N,A,-,Y,SM,4,35,-,-,24.170,H,-,N,N,2,0,2,3,A,-,03,22350,,N,C,C,A,A,H,-,A,A,0,,,,,Y,,A,01,1,0,1,0,0,0,0,0,0,"- ","- ",,,"SAN MATEO","SAN BRUNO",-122.44002362000001,37.61639572
8383670,2017,2017-06-08,4117,2017-05-11,0727,15NM20,08AD,4,5,5,4117,0,0,0,,0,004,"GRAND AV","LINDEN AV",280.00,W,N,B,-,N,,,,,,,,,,N,2,0,1,2,A,-,08,22107,,N,D,G,A,A,H,-,A,D,0,,Y,,,Y,,A,01,1,0,0,0,0,0,1,0,0,"- ","- ",37.655279999999998,-122.41106000000001,"SAN MATEO","SOUTH SAN FRANCISCO",-122.41106266,37.655374520000002
8383674,2017,2017-06-08,4117,2017-05-10,0748,15PN05,06AB,3,5,5,4117,0,0,0,,0,004,"AIRPORT BL","CHAPMAN AV",418.00,N,N,A,-,N,,,,,,,,,,N,2,0,1,2,A,-,11,21954,A,F,G,B,D,A,H,-,A,D,0,Y,,,,Y,,N,60,1,0,0,0,1,0,0,0,0,"- ","- ",37.663029999999999,-122.40098999999999,"SAN MATEO","SOUTH SAN FRANCISCO",-122.4011733,37.663018610000002
8403530,2017,2017-07-11,4104,2017-06-24,1359,0228,22,6,5,4,4104,0,0,0,,0,00C,"AIRPORT BL","ANZA BL",224.00,S,N,A,-,N,,,,,,,,,,Y,2,0,1,1,A,-,08,22107,,N,E,I,A,A,H,-,A,D,0,,,,,Y,Y,-,,1,0,0,0,0,0,0,0,0,"- ","- ",37.58972,-122.35039999999999,"SAN MATEO",BURLINGAME,-122.34931675999999,37.589988329999997
8413094,2017,2018-06-14,4114,2017-07-11,1120,0035,SNB28,2,5,4,4114,0,0,0,,0,003,"SAN BRUNO AV","RT 280",0.00,,Y,A,-,Y,SM,4,280,-,R,20.941,R,4,S,Y,2,0,1,2,A,-,12,21453,A,N,D,C,A,A,H,-,A,A,0,,,,,Y,,A,01,1,0,0,0,0,0,0,0,0,"- ","- ",,,"SAN MATEO","SAN BRUNO",-122.43040633,37.62667527
84176499,2024,2024-08-13,4116,2024-07-21,"137 ",29076,,7,5,5,4116,0,0,0,,0,00D,"NORFOLK ST",UNKNOWN,0.00,,Y,A,-,N,,,,,,,,,,N,2,0,1,2,A,-,03,22350,,M,G,B,A,A,H,-,C,D,0,,,,,Y,,-,99,1,0,0,0,0,0,0,0,0,"- ","- ",37.566349029541016,-122.30039978027344,"SAN MATEO","SAN MATEO",,
8420352,2017,2017-08-23,4116,2017-01-30,0800,26167,14,1,5,5,4116,0,0,0,,0,00A,"STATE ST","NORTH SAN MATEO DR",0.00,,Y,A,-,N,,,,,,,,,,N,2,0,1,2,A,-,10,21950,A,F,G,B,B,-,H,-,A,D,0,Y,,,,Y,,-,"- ",1,0,0,0,1,0,0,0,0,"- ","- ",37.575949999999999,-122.33678,"SAN MATEO","SAN MATEO",-122.33676989999999,37.575949989999998
8423756,2017,2017-08-11,4104,2017-07-29,1546,0197,9,6,5,4,4104,0,0,0,,0,00B,"CALIFORNIA DR","CARMELITA AV",0.00,,Y,A,-,N,,,,,,,,,,N,2,0,1,2,A,-,12,21453,A,N,G,B,B,A,H,-,A,A,0,Y,,,,Y,,-,,1,0,0,0,1,0,0,0,0,"- ","- ",37.586770000000001,-122.36149,"SAN MATEO",BURLINGAME,-122.36150991,37.586759960000002
8429957,2017,2018-04-18,4109,2017-05-14,1251,145756,17,7,5,4,4109,0,0,0,,0,003,"WILLOW RD","IVY DR",0.00,,Y,A,-,Y,SM,4,114,-,-,5.497,I,5,S,Y,2,0,4,3,A,-,01,23153,A,F,D,C,A,A,H,-,A,A,0,,,,,Y,Y,A,01,1,0,3,0,0,0,0,0,0,"- ","- ",37.475200000000001,-122.15331,"SAN MATEO","MENLO PARK",-122.15288714,37.476108940000003
8431168,2017,2017-09-29,4109,2017-04-16,0430,15031,,7,5,4,4109,0,0,0,,0,099,"SAND HILL RD","BRANNER DR",422.00,E,N,A,-,N,,,,,,,,,,Y,2,0,1,1,A,-,05,21650,,N,E,J,A,A,H,-,C,A,0,,,,,Y,,A,01,1,0,0,0,0,0,0,0,0,"- ","- ",37.420110000000001,-122.2021,"SAN MATEO","MENLO PARK",-122.19730844,37.4227372
8431854,2017,2017-08-18,4114,2017-05-13,0714,0917,SNB6,6,5,4,4114,0,0,0,,0,002,"SAN MATEO AV","SYLVAN AV",256.00,N,N,A,-,N,,,,,,,,,,N,2,0,1,2,A,-,10,21952,,F,G,B,F,A,H,-,A,D,0,Y,,,,Y,,A,01,1,0,0,0,1,0,0,0,0,"- ","- ",,,"SAN MATEO","SAN BRUNO",-122.41125648000001,37.62525316
84354431,2024,2024-08-14,4116,2024-07-26,2203,28997,,5,5,5,4116,0,0,0,,0,00A,"TILTON AVENUE","N. RAILROAD AVENUE",34.00,E,Y,A,-,N,,,,,,,,,,Y,2,0,2,2,A,-,01,23152,A,N,C,C,A,A,H,-,C,D,0,,,,,Y,Y,A,01,1,1,0,0,0,0,0,0,0,"- ","- ",37.569988250732422,-122.32569885253906,"SAN MATEO","SAN MATEO",-122.32582855224609,37.569889068603516
84396676,2024,2024-09-17,4100,2024-08-11,1311,25942,,7,5,2,4112,0,0,0,,0,031,"ALPINE RD","ARASTRADERO RD",0.00,,Y,A,-,N,,,,,,,,,,N,2,0,1,2,A,-,09,21802,A,N,H,G,A,A,H,-,A,D,0,,Y,,,Y,,A,01,1,0,0,0,0,0,1,0,0,"- ","- ",,,"SAN MATEO","PORTOLA VALLEY",-122.19358062744141,37.382968902587891
84437554,2024,2024-10-21,4114,2024-10-04,"845 ",0825,,5,5,4,4114,0,0,0,,0,003,"SHARP PARK RD","PACIFIC HEIGHTS BLVD",0.00,,Y,A,-,N,,,,,,,,,,N,2,0,1,2,A,-,03,22350,,N,C,C,A,A,H,-,A,D,0,,,,,Y,,A,01,1,0,0,0,0,0,0,0,0,"- ","- ",,,"SAN MATEO","SAN BRUNO",-122.46900939941406,37.635391235351562
84456854,2024,2024-11-04,4116,2024-10-12,"643 ",28517,,6,5,5,4116,0,0,0,,0,00A,"9TH AVENUE","PALM AVENUE",9.00,W,Y,A,-,N,,,,,,,,,,N,2,0,1,2,A,-,12,22450,A,F,G,B,B,A,H,-,D,A,0,Y,,,,Y,,A,01,1,0,0,0,1,0,0,0,0,"- ","- ",37.56024169921875,-122.32032775878906,"SAN MATEO","SAN MATEO",-122.32015228271484,37.560264587402344
84460085,2024,2024-11-06,4114,2024-11-01,2054,1283,,5,5,4,4114,0,0,0,,0,002,"SAN MATEO AV","ANGUS AVE",200.00,S,-,A,-,N,,,,,,,,,,Y,2,0,1,2,A,-,01,23153,A,F,G,B,C,A,H,-,C,D,0,Y,,,,Y,Y,A,01,1,0,0,0,1,0,0,0,0,"- ","- ",,,"SAN MATEO","SAN BRUNO",-122.41129302978516,37.625930786132812
84496826,2024,2024-12-13,4117,2024-11-21,1249,04JL03,,4,5,5,4117,0,0,0,,0,004,"SISTER CITIES BL","AIRPORT BL",0.00,,Y,A,-,N,,,,,,,,,,Y,1,1,0,1,A,-,03,22350,,N,E,I,A,B,H,-,A,A,0,,,,,Y,,A,07,0,0,0,0,0,0,0,0,0,"- ","- ",37.664329528808594,-122.39929962158203,"SAN MATEO","SOUTH SAN FRANCISCO",-122.39922332763672,37.664344787597656
84503891,2024,2024-12-13,4117,2024-11-14,2216,17BH03,,4,5,5,4117,0,0,0,,0,001,"SOUTH AIRPORT BL","WONDERCOLOR LN",360.00,N,-,A,-,N,,,,,,,,,,N,2,0,1,2,A,-,00,21955,A,N,G,B,D,A,H,-,C,D,0,Y,,,,Y,Y,N,60,1,0,0,0,1,0,0,0,0,"- ","- ",37.646820068359375,-122.40544891357422,"SAN MATEO","SOUTH SAN FRANCISCO",-122.405517578125,37.647758483886719
84527069,2024,2025-01-06,4117,2024-12-29,2038,18LO10,,7,5,5,4117,0,0,0,,0,002,"AVALON DR","JUNIPERO SERRA BL",0.00,,Y,A,-,Y,,,,,,,,,,N,2,0,1,2,A,-,12,21453,A,N,H,G,A,A,H,-,C,A,0,,Y,,,Y,,L,04,1,0,0,0,0,0,1,0,0,"- ","- ",37.640129089355469,-122.44138336181641,"SAN MATEO","SOUTH SAN FRANCISCO",-122.44150543212891,37.6400146484375
8453838,2017,2017-10-06,4103,2017-09-14,1430,GU350,1,4,5,2,4103,0,0,0,,0,00U,"ALVARADO ST","VISITACION AV",42.00,E,N,A,-,N,,,,,,,,,,N,2,0,1,2,A,-,08,22100,B,N,G,B,E,A,H,-,A,A,0,Y,,,,Y,,A,01,1,0,0,0,1,0,0,0,0,"- ","- ",37.680900000000001,-122.40313,"SAN MATEO",BRISBANE,-122.40298828,37.68087499
8465601,2018,2019-02-08,4127,2018-03-28,1904,2211,4127,3,5,4,4127,0,0,0,,0,001,"LAUREL AV","NEWBRIDGE ST",103.00,E,N,A,-,N,,,,,,,,,,Y,1,1,0,7,A,-,03,22350,,N,G,E,A,A,H,-,A,A,0,,,,,Y,,A,07,0,0,0,0,0,0,0,0,0,"- ","- ",,,"SAN MATEO","EAST PALO ALTO",-122.15090179443359,37.471942901611328
8465899,2018,2019-07-03,4120,2018-03-23,1125,201,CIV,5,5,4,4120,0,0,0,,0,00X,"FOSTER CITY BL","EAST HILLSDALE BL",0.00,,Y,A,F,N,,,,,,,,,,N,1,1,0,2,A,-,12,21453,A,N,D,G,A,A,H,-,A,A,0,,Y,,,Y,,L,04,0,0,0,0,0,1,0,0,0,"- ","- ",37.561389923095703,-122.26892852783203,"SAN MATEO","FOSTER CITY",-122.26917266845703,37.561321258544922
8466042,2018,2019-09-23,4104,2018-07-19,1214,0231,4,4,5,4,4104,0,0,0,,0,00A,"EL CAMINO REAL","BELLEVUE AV",0.00,,Y,A,-,Y,SM,4,82,-,-,13.521,I,5,N,Y,1,1,0,2,A,-,09,21802,A,N,D,C,A,A,H,-,A,A,0,,,Y,,Y,,D,22,0,0,0,0,0,0,0,1,0,"- ","- ",37.577098846435547,-122.35267639160156,"SAN MATEO",BURLINGAME,-122.35273742675781,37.577106475830078
84686818,2025,2025-05-14,4117,2025-04-26,1635,09SL05,,6,5,5,4117,0,0,0,,0,004,"MAPLE AV","PINE AV",0.00,,Y,A,-,N,,,,,,,,,,Y,2,0,3,2,A,-,12,22450,A,N,D,C,A,A,H,-,A,A,0,,,Y,,Y,,A,01,2,1,0,0,0,0,0,0,2,"- ","- ",37.659538269042969,-122.41116333007812,"SAN MATEO","SOUTH SAN FRANCISCO",-122.41111755371094,37.659519195556641
84693880,2025,2025-05-20,4109,2025-05-17,1848,200105,,6,5,4,4109,0,0,0,,0,002,"ALMA ST","WILLOW RD",101.00,S,-,A,-,N,,,,,,,,,,N,2,0,1,2,A,-,03,22350,,N,H,G,A,A,H,-,A,D,0,,Y,,,Y,,L,04,1,0,0,0,0,0,1,0,0,"- ","- ",37.449321746826172,-122.1729736328125,"SAN MATEO","MENLO PARK",-122.17268371582031,37.449150085449219
84702490,2025,2025-05-28,4100,2025-04-24,"929 ",25924,,4,5,3,4110,0,0,0,,0,062,SR-82,"LUDEMAN LANE",257.00,N,-,A,-,N,,,,,,,,,,N,2,0,1,2,A,-,03,22350,,N,H,G,A,A,H,-,A,D,0,,Y,,,Y,,A,01,1,0,0,0,0,0,1,0,0,"- ","- ",,,"SAN MATEO",MILLBRAE,-122.40030670166016,37.609050750732422
84712846,2025,2025-06-04,4117,2025-05-05,1500,23JD15,,1,5,5,4117,0,0,0,,0,002,"WESTBOROUGH BL","JUNIPERO SERRA BL",0.00,,Y,A,-,Y,,,,,,,,,,Y,2,0,2,3,A,-,12,21453,,N,D,C,A,A,H,-,A,A,0,,,,,Y,,A,01,1,1,0,0,0,0,0,0,0,"- ","- ",37.6461181640625,-122.44857788085938,"SAN MATEO","SOUTH SAN FRANCISCO",-122.44859313964844,37.646110534667969
84719000,2025,2025-06-10,4100,2025-05-10,1359,26174,,6,5,2,4118,0,0,0,,0,031,"SR-84 (LA HONDA RD)","SR-35 (SKYLINE BL)",1331.00,E,-,A,-,Y,,,,,,,,,,N,2,0,1,1,A,-,03,22350,,N,F,A,A,A,H,-,A,D,0,,,Y,,Y,,C,02,1,0,0,0,0,0,0,0,1,"- ","- ",,,"SAN MATEO",WOODSIDE,-122.26129150390625,37.385917663574219
8471946,2017,2018-05-24,4114,2017-09-15,1900,0041,SNB7,5,5,4,4114,0,0,0,,0,002,"EL CAMINO REAL","JENEVEIN AV",0.00,,Y,A,-,Y,SM,4,82,-,-,18.140,I,5,N,Y,2,0,2,2,A,-,12,21453,A,N,D,C,A,A,H,-,A,A,0,,,,,Y,,-,"- ",1,0,1,0,0,0,0,0,0,"- ","- ",,,"SAN MATEO","SAN BRUNO",-122.41265919999999,37.622997929999997
8471977,2017,2018-05-24,4114,2017-09-27,2023,0825,SNB7,3,5,4,4114,0,0,0,,0,002,"EL CAMINO REAL","CRYSTAL SPRINGS RD",0.00,,Y,A,-,Y,SM,4,82,-,-,17.920,I,5,N,Y,2,0,1,2,A,-,01,23152,A,N,B,C,A,A,H,-,C,A,0,,,Y,,Y,Y,C,02,1,0,0,0,0,0,0,0,1,"- ","- ",,,"SAN MATEO","SAN BRUNO",-122.41065648999999,37.620215180000002
8473138,2017,2017-11-30,4127,2017-10-07,2325,2211,4127,6,5,4,4127,0,0,0,,0,004,"WEST BAYSHORE RD","COOLEY AV",0.00,,Y,A,-,N,,,,,,,,,,Y,2,0,3,2,A,-,01,23153,A,F,D,C,A,A,H,-,C,A,0,,,,,Y,Y,A,01,2,1,0,0,0,0,0,0,0,"- ","- ",,,"SAN MATEO","EAST PALO ALTO",-122.13905997000001,37.45890988
84761272,2025,2025-07-15,4100,2025-06-01,1249,26115,,7,5,4,4115,0,0,0,,0,053,"1356 CRESTVIEW DR","LA MESA DR",770.00,S,-,A,-,N,,,,,,,,,,N,2,0,1,1,A,-,03,22350,,N,H,G,A,A,H,-,A,D,0,,Y,,,Y,,-,"- ",1,0,0,0,0,0,1,0,0,"- ","- ",,,"SAN MATEO","SAN CARLOS",-122.28096771240234,37.47979736328125
8477448,2017,2017-11-17,4106,2017-10-03,1247,1093,,2,5,6,4106,0,0,0,,0,001,"GENEVA AV","ACACIA ST",0.00,,Y,A,-,,,,,,,,,,,N,2,0,1,2,A,-,10,21950,A,N,G,B,B,-,H,-,A,A,0,Y,,,,Y,,A,01,1,0,0,0,1,0,0,0,0,"- ","- ",,,"SAN MATEO","DALY CITY",-122.41491992,37.706869959999999
8479087,2017,2017-10-31,4117,2017-09-19,2125,07JL03,19AW,2,5,5,4117,0,0,0,,0,002,"WESTBOROUGH BL","GELLERT BL",36.00,E,N,A,-,N,,,,,,,,,,N,2,0,1,2,A,-,11,21955,,F,G,B,D,A,H,-,C,A,0,Y,,,,Y,Y,N,60,1,0,0,0,1,0,0,0,0,"- ","- ",37.64434,-122.45107,"SAN MATEO","SOUTH SAN FRANCISCO",-122.45289243000001,37.64346965
8481743,2017,2018-05-24,4114,2017-09-06,1233,0825,SNB5,3,5,4,4114,0,0,0,,0,001,"EL CAMINO REAL","EUCLID AV",302.00,S,N,A,-,Y,SM,4,82,-,-,18.680,H,-,N,Y,2,0,1,1,C,-,18,,,N,E,I,A,A,H,-,A,D,0,,,,,Y,,-,"- ",1,0,0,0,0,0,0,0,0,"- ","- ",,,"SAN MATEO","SAN BRUNO",-122.41732462,37.629941809999998
8493281,2017,2018-07-06,4114,2017-10-27,2249,0825,SNB5,5,5,4,4114,0,0,0,,0,001,"EL CAMINO REAL","SAN BRUNO AV",0.00,,Y,A,-,Y,SM,4,82,-,-,18.600,I,5,S,Y,2,0,1,2,A,-,09,21453,C,N,C,C,A,A,H,-,C,A,0,,,,,Y,,A,07,1,0,0,0,0,0,0,0,0,"- ","- ",,,"SAN MATEO","SAN BRUNO",-122.41661397999999,37.628832359999997
8499857,2017,2017-12-07,4106,2017-10-23,0747,1093,,1,5,6,4106,0,0,0,,0,002,"IRVINGTON ST","UTILITY POLE #110053171",17.00,E,N,A,-,N,,,,,,,,,,N,2,0,1,2,A,-,09,21804,A,N,H,C,A,A,H,-,A,D,0,,,Y,,Y,,D,22,1,0,0,0,0,0,0,0,1,"- ","- ",,,"SAN MATEO","DALY CITY",,
8502719,2017,2018-01-03,4116,2017-11-17,0835,26724,32,5,5,5,4116,0,0,0,,0,00C,"EAST HILLSDALE BL","FRANKLIN PARKWAY",0.00,,Y,A,-,N,,,,,,,,,,N,2,0,1,2,A,-,12,21453,A,N,H,G,A,A,H,-,A,A,0,,Y,,,Y,,L,04,1,0,0,0,0,0,1,0,0,"- ","- ",37.543909999999997,-122.28916,"SAN MATEO","SAN MATEO",-122.28916973,37.54386701
8507793,2017,2018-06-29,4111,2017-10-22,2008,P5145,P11,7,5,4,4111,0,0,0,,0,0P2,"RT 1","WESTPORT DR",0.00,,Y,A,-,Y,SM,4,1,-,R,43.080,I,5,N,Y,2,0,2,2,A,-,09,21801,A,N,D,C,A,A,H,-,C,D,0,,,,,Y,,A,01,1,0,1,0,0,0,0,0,0,"- ","- ",,,"SAN MATEO",PACIFICA,-122.48498084000001,37.620669929999998
8511437,2017,2017-12-27,4100,2017-08-18,1650,12460,SCN,5,5,4,4115,0,0,0,,0,052,"OLD COUNTY RD","TAYLOR WY",184.00,N,N,A,-,N,,,,,,,,,,N,2,0,1,2,A,-,09,21804,A,N,H,A,A,A,H,-,A,A,0,,,Y,,Y,,-,,1,0,0,0,0,0,0,0,1,"- ","- ",,,"SAN MATEO","SAN CARLOS",-122.26582881,37.51312515
8513360,2017,2018-02-20,4106,2017-12-23,0059,2035,,6,5,6,4106,0,0,0,,0,003,"SAN PEDRO RD","WASHINGTON ST",0.00,,-,A,-,N,,,,,,,,,,Y,2,0,1,4,A,-,00,23153,F,N,G,B,E,A,H,-,C,D,0,Y,,,,Y,,A,01,1,0,0,0,1,0,0,0,0,"- ","- ",,,"SAN MATEO","DALY CITY",-122.46822993000001,37.687809960000003
8531101,2017,2018-01-19,4114,2017-12-29,2152,0038,SNB5,5,5,4,4114,0,0,0,,0,001,"MILLS AV","EUCLID AV",257.00,N,N,A,-,N,,,,,,,,,,N,2,0,1,3,A,-,03,22350,,N,G,B,D,A,H,-,C,D,0,Y,,,,Y,,A,01,1,0,0,0,1,0,0,0,0,"- ","- ",,,"SAN MATEO","SAN BRUNO",-122.41424868999999,37.632748579999998
8532321,2017,2018-01-23,4116,2017-11-21,0455,26199,11,2,5,5,4116,0,0,0,,0,00A,"DELAWARE ST","STATE ST",17.00,N,N,B,-,N,,,,,,,,,,Y,2,0,1,2,A,-,11,21954,A,N,G,B,E,A,H,-,C,D,0,Y,,,,Y,,N,60,1,0,0,0,1,0,0,0,0,"- ","- ",37.578710000000001,-122.3327,"SAN MATEO","SAN MATEO",-122.33272807,37.578735539999997
8545324,2017,2018-02-07,4120,2017-12-30,1605,201,,6,5,4,4120,0,0,0,,0,,"FOSTER CITY BL","BOUNTY DR",0.00,,Y,A,-,N,,,,,,,,,,N,2,0,1,2,A,-,03,22350,,N,C,C,A,A,G,-,A,A,0,,,,,Y,,A,01,1,0,0,0,0,0,0,0,0,"- ","- ",37.556719999999999,-122.2607,"SAN MATEO","FOSTER CITY",-122.26073993999999,37.556589969999997
8589486,2018,2018-04-05,4113,2018-03-04,1301,309,4,7,5,5,4113,0,0,0,,0,004,"SEAPORT BL","LIGHTING POLE #206",0.00,,-,A,-,N,,,,,,,,,,N,2,0,1,2,A,-,17,21367,C,N,H,G,A,A,H,-,A,A,0,,Y,,,Y,,A,01,1,0,0,0,0,0,1,0,0,"- ","- ",37.511379241943359,-122.20487213134766,"SAN MATEO","REDWOOD CITY",,
8596417,2018,2018-04-19,4100,2018-04-03,0807,25074,SNC,2,5,4,4115,0,0,0,,0,052,"OLD COUNTY RD","HOWARD AV",132.00,S,N,A,-,N,,,,,,,,,,Y,2,0,1,2,A,-,03,22350,,N,D,C,A,A,H,-,A,D,0,,,Y,,Y,,C,02,1,0,0,0,0,0,0,0,1,"- ","- ",,,"SAN MATEO","SAN CARLOS",-122.2493896484375,37.498832702636719
8604431,2018,2018-05-08,4106,2018-02-06,1847,1137,12,2,5,6,4106,0,0,0,,0,005,"EASTMOOR AV","CAMELIA DR",0.00,,Y,A,-,N,,,,,,,,,,N,2,0,1,2,A,-,08,22107,,F,H,G,A,A,H,-,C,A,0,,Y,,,Y,,A,01,1,0,0,0,0,0,1,0,0,"- ","- ",,,"SAN MATEO","DALY CITY",-122.47664642333984,37.684638977050781
8606184,2018,2018-05-21,4116,2018-04-08,0145,26263,12,7,5,5,4116,0,0,0,,0,00A,"POPLAR AV","HUMBOLDT ST",0.00,,Y,A,-,N,,,,,,,,,,Y,2,0,2,2,A,-,01,23153,B,N,C,E,A,A,H,-,C,D,0,,,,,Y,Y,A,01,1,1,0,0,0,0,0,0,0,"- ","- ",37.577838897705078,-122.32820892333984,"SAN MATEO","SAN MATEO",-122.32631683349609,37.578819274902344
8606478,2018,2018-05-17,4116,2018-04-25,0041,27518,12,3,5,5,4116,0,0,0,,0,00A,"NORTH AMPHLETT BL","INDIAN AV",375.00,N,N,A,-,N,,,,,,,,,,N,2,0,2,2,A,-,03,22350,,N,H,I,A,A,H,-,C,D,0,,,Y,,Y,Y,C,02,2,0,0,0,0,0,0,0,2,"- ","- ",37.579708099365234,-122.32421875,"SAN MATEO","SAN MATEO",-122.32395935058594,37.579566955566406
8617524,2018,2018-08-15,4117,2018-05-24,0915,5RR05,25AA,4,5,5,4117,0,0,0,,0,003,"RT 82","2ND ST",18.00,S,N,B,-,Y,SM,4,82,-,-,20.039,H,-,S,Y,2,0,2,2,A,-,08,22107,,N,C,E,A,A,H,-,A,D,0,,,,Y,Y,,A,07,1,0,1,0,0,0,0,0,0,"- ","- ",37.651878356933594,-122.43182373046875,"SAN MATEO","SOUTH SAN FRANCISCO",-122.42865753173828,37.647434234619141