CASE_ID,ACCIDENT_YEAR,PROC_DATE,JURIS,COLLISION_DATE,COLLISION_TIME,OFFICER_ID,REPORTING_DISTRICT,DAY_OF_WEEK,CHP_SHIFT,POPULATION,CNTY_CITY_LOC,SPECIAL_COND,BEAT_TYPE,CHP_BEAT_TYPE,CITY_DIVISION_LAPD,CHP_BEAT_CLASS,BEAT_NUMBER,PRIMARY_RD,SECONDARY_RD,DISTANCE,DIRECTION,INTERSECTION,WEATHER_1,WEATHER_2,STATE_HWY_IND,CALTRANS_COUNTY,CALTRANS_DISTRICT,STATE_ROUTE,ROUTE_SUFFIX,POSTMILE_PREFIX,POSTMILE,LOCATION_TYPE,RAMP_INTERSECTION,SIDE_OF_HWY,TOW_AWAY,COLLISION_SEVERITY,NUMBER_KILLED,NUMBER_INJURED,PARTY_COUNT,PRIMARY_COLL_FACTOR,PCF_CODE_OF_VIOL,PCF_VIOL_CATEGORY,PCF_VIOLATION,PCF_VIOL_SUBSECTION,HIT_AND_RUN,TYPE_OF_COLLISION,MVIW,PED_ACTION,ROAD_SURFACE,ROAD_COND_1,ROAD_COND_2,LIGHTING,CONTROL_DEVICE,CHP_ROAD_TYPE,PEDESTRIAN_ACCIDENT,BICYCLE_ACCIDENT,MOTORCYCLE_ACCIDENT,TRUCK_ACCIDENT,NOT_PRIVATE_PROPERTY,ALCOHOL_INVOLVED,STWD_VEHTYPE_AT_FAULT,CHP_VEHTYPE_AT_FAULT,COUNT_SEVERE_INJ,COUNT_VISIBLE_INJ,COUNT_COMPLAINT_PAIN,COUNT_PED_KILLED,COUNT_PED_INJURED,COUNT_BICYCLIST_KILLED,COUNT_BICYCLIST_INJURED,COUNT_MC_KILLED,COUNT_MC_INJURED,PRIMARY_RAMP,SECONDARY_RAMP,LATITUDE,LONGITUDE,COUNTY,CITY,POINT_X,POINT_Y
8617549,2018,2018-08-23,4100,2018-05-06,1655,25050,WDS,7,5,2,4118,0,0,0,,0,030,"RT 84","LA HONDA RD",234.00,N,N,A,-,Y,SM,4,84,-,-,18.140,H,-,S,Y,2,0,4,2,A,-,05,21460,A,N,A,C,A,A,H,-,A,D,0,,,,,Y,,A,01,1,3,0,0,0,0,0,0,0,"- ","- ",,,"SAN MATEO",WOODSIDE,-122.25661468505859,37.404426574707031
8631701,2018,2018-06-07,4113,2018-05-01,2100,406,8,2,5,5,4113,0,0,0,,0,008,"ALAMEDA DE LAS PULGAS","WOODSIDE RD",0.00,,Y,A,-,N,,,,,,,,,,Y,2,0,2,2,A,-,09,21453,C,N,D,C,A,A,H,-,C,A,0,,,,,Y,,A,01,1,1,0,0,0,0,0,0,0,"- ","- ",37.448719024658203,-122.23146820068359,"SAN MATEO","REDWOOD CITY",-122.23165130615234,37.448688507080078
8640350,2018,2018-06-27,4100,2018-06-12,1906,25833,4100,2,5,4,4115,0,0,0,,0,050,"BRITTAN AV","LAUREL ST",0.00,,Y,A,-,N,,,,,,,,,,N,2,0,1,2,A,-,08,22107,,N,G,B,B,A,H,-,A,A,0,Y,,,,Y,,A,01,1,0,0,0,1,0,0,0,0,"- ","- ",,,"SAN MATEO","SAN CARLOS",-122.25338745117188,37.500019073486328
8648269,2018,2018-10-25,4106,2018-07-03,1736,2035,13,2,5,6,4106,0,0,0,,0,006,"HICKEY BL","SAINT FRANCIS BL",90.00,W,N,A,-,N,,,,,,,,,,Y,1,1,0,3,A,-,03,22350,,N,B,E,A,A,H,-,A,D,0,,,Y,,Y,,C,02,0,0,0,0,0,0,0,1,0,"- ","- ",,,"SAN MATEO","DALY CITY",-122.47585296630859,37.66357421875
8648505,2018,2020-05-21,4113,2018-11-10,1727,380,3,6,5,5,4113,0,0,0,,0,003,"WOODSIDE RD","BROADWAY ST",0.00,,Y,F,-,Y,SM,4,84,-,-,25.569,I,5,S,Y,1,1,0,2,A,-,11,21461,5,N,G,B,B,A,H,-,B,A,0,Y,,,,Y,,N,60,0,0,0,1,0,0,0,0,0,"- ","- ",37.487049102783203,-122.21421051025391,"SAN MATEO","REDWOOD CITY",-122.21421813964844,37.487102508544922
8648993,2018,2018-08-10,4100,2018-05-27,1609,25094,HMB,7,5,3,4107,0,0,0,,0,075,"CABRILLO HWY","CABRILLO HWY 3068",0.00,,Y,A,-,Y,SM,4,1,-,-,31.140,H,-,S,Y,2,0,2,3,A,-,09,21804,A,N,B,C,A,A,H,-,A,D,0,,,Y,,Y,,A,01,1,1,0,0,0,0,0,0,2,"- ","- ",,,"SAN MATEO","HALF MOON BAY",-122.45351409912109,37.493717193603516
8651337,2018,2018-09-20,4103,2018-08-31,1848,HU350,1,5,5,2,4103,0,0,0,,0,00U,"BAYSHORE BL","BAYSHORE BL 3800",0.00,,-,A,-,N,,,,,,,,,,N,2,0,1,2,A,-,01,23152,A,M,A,E,A,A,H,-,A,A,0,,,,,Y,Y,A,01,1,0,0,0,0,0,0,0,0,"- ","- ",37.686191558837891,-122.40254974365234,"SAN MATEO",BRISBANE,-122.39429176,37.679996559999999
8672767,2018,2018-08-08,4104,2018-06-27,1640,0237,12,3,5,4,4104,0,0,0,,0,00B,"ADELINE DR","POPPY DR",150.00,E,N,A,-,N,,,,,,,,,,N,2,0,1,2,A,-,03,22350,,N,H,G,A,A,H,-,A,D,0,,Y,,,Y,,L,04,1,0,0,0,0,0,1,0,0,"- ","- ",37.582168579101562,-122.38141632080078,"SAN MATEO",BURLINGAME,-122.38169860839844,37.582176208496094
8688572,2018,2018-09-13,4114,2018-06-11,1325,1059,SNB7,1,5,4,4114,0,0,0,,0,002,"JENEVEIN AV","SAN MATEO AV",53.00,W,N,A,-,N,,,,,,,,,,N,2,0,1,2,A,-,11,21955,,N,G,B,D,A,H,-,A,A,0,Y,,,,Y,,N,60,1,0,0,0,1,0,0,0,0,"- ","- ",,,"SAN MATEO","SAN BRUNO",-122.41143035888672,37.623516082763672
8698800,2018,2018-09-20,4117,2018-08-30,1233,05RR05,01AG,4,5,5,4117,0,0,0,,0,001,"EAST GRAND AV","LITTLEFIELD AV",220.00,E,N,B,-,N,,,,,,,,,,Y,2,0,1,1,A,-,08,22107,,N,E,I,A,A,H,-,A,D,0,,,,,Y,,A,07,1,0,0,0,0,0,0,0,0,"- ","- ",37.652881622314453,-122.39309692382812,"SAN MATEO","SOUTH SAN FRANCISCO",-122.39324951171875,37.652275085449219
8723355,2018,2018-12-19,4116,2018-10-23,1012,28296,35,2,5,5,4116,0,0,0,,0,00C,"ALAMEDA DE LAS PULGAS","STEPHEN RD",6.00,S,N,A,-,N,,,,,,,,,,N,2,0,1,2,A,-,10,21950,A,N,G,B,B,A,H,-,A,D,0,Y,,,,Y,,A,01,1,0,0,0,1,0,0,0,0,"- ","- ",37.532051086425781,-122.31391143798828,"SAN MATEO","SAN MATEO",-122.30877685546875,37.532634735107422
8729213,2018,2018-11-14,4117,2018-10-27,0845,04JL03,07AB,6,5,5,4117,0,0,0,,0,004,"LINDEN AV","ASPEN AV",0.00,,Y,A,B,N,,,,,,,,,,N,2,0,1,2,A,-,10,21950,A,N,G,B,B,A,H,-,A,A,0,Y,,,,Y,,A,08,1,0,0,0,1,0,0,0,0,"- ","- ",37.659969329833984,-122.40847778320312,"SAN MATEO","SOUTH SAN FRANCISCO",-122.408447265625,37.659969329833984
8735720,2018,2019-01-10,4114,2018-10-03,0850,0024,SNB7,3,5,4,4114,0,0,0,,0,002,"EL CAMINO REAL","JENEVEIN AV",13.00,N,N,B,-,Y,SM,4,82,-,-,18.140,I,5,N,N,2,0,1,2,A,-,11,21954,A,N,G,B,D,A,H,-,A,A,0,Y,,,,Y,,N,60,1,0,0,0,1,0,0,0,0,"- ","- ",,,"SAN MATEO","SAN BRUNO",-122.41265869140625,37.622997283935547
8738738,2018,2018-11-16,4100,2018-11-02,1512,25189,SNC,5,5,4,4115,0,0,0,,0,053,"SAN CARLOS AV","WELLINGTON DR",5.00,S,N,A,-,N,,,,,,,,,,N,2,0,1,2,A,-,12,21453,A,N,H,G,A,A,H,-,A,A,0,,Y,,,Y,,L,04,1,0,0,0,0,0,1,0,0,"- ","- ",,,"SAN MATEO","SAN CARLOS",-122.27618408203125,37.502147674560547
8738777,2018,2018-12-28,4114,2018-09-23,2113,0040,SNB7,7,5,4,4114,0,0,0,,0,002,"EL CAMINO REAL","TAYLOR AV",34.00,S,N,A,-,Y,SM,4,82,-,-,17.980,H,-,N,Y,2,0,1,2,A,-,03,22350,,N,C,C,A,A,H,-,C,A,0,,,,,Y,,A,07,1,0,0,0,0,0,0,0,0,"- ","- ",37.621059417724609,-122.41134643554688,"SAN MATEO","SAN BRUNO",-122.41120910644531,37.620975494384766
8739619,2018,2019-01-22,4114,2018-11-05,1610,0825,SNB25,1,5,4,4114,0,0,0,,0,003,"ROLLINGWOOD DR","COTTONWOOD DR",80.00,E,N,A,-,N,,,,,,,,,,Y,2,0,1,2,A,-,08,22107,,N,C,E,A,A,H,-,A,D,0,,,,,Y,,A,01,1,0,0,0,0,0,0,0,0,"- ","- ",,,"SAN MATEO","SAN BRUNO",-122.44368743896484,37.629581451416016
8741723,2018,2018-12-03,4127,2018-10-20,0119,2211,4127,6,5,4,4127,0,0,0,,0,002,"GONZAGA ST","NOTRE DAME AV",218.00,W,N,A,-,N,,,,,,,,,,Y,2,0,2,1,A,-,00,23136,A,N,E,I,A,A,H,-,C,A,0,,,,,Y,Y,A,01,1,1,0,0,0,0,0,0,0,"- ","- ",,,"SAN MATEO","EAST PALO ALTO",-122.13629913330078,37.475940704345703
8748360,2018,2019-01-14,4105,2018-10-04,1335,C43,CLST,4,5,1,4105,0,0,0,,0,CL01,"B ST","RT 82",0.00,,Y,A,-,Y,SM,4,82,-,-,23.456,I,5,S,N,2,0,1,1,A,-,15,21201,A,N,E,I,A,A,H,-,A,D,0,,Y,,,Y,,L,04,1,0,0,0,0,0,1,0,0,"- ","- ",37.685359954833984,-122.46436309814453,"SAN MATEO",COLMA,-122.46425628662109,37.68536376953125
8749446,2018,2019-01-10,4116,2018-10-29,1410,22631,14,1,5,5,4116,0,0,0,,0,00A,"N EL CAMINO REAL","POPLAR AV",21.00,S,N,A,-,Y,SM,4,82,-,-,12.426,I,5,S,N,2,0,1,2,A,-,11,21955,,N,G,B,D,A,H,-,A,A,0,Y,,,,Y,,N,60,1,0,0,0,1,0,0,0,0,"- ","- ",37.569881439208984,-122.33527374267578,"SAN MATEO","SAN MATEO",-122.33529663085938,37.569866180419922
8760419,2018,2018-12-27,4114,2018-10-16,1330,0825,SNB2,2,5,4,4114,0,0,0,,0,001,"3RD AV","PINE ST",0.00,,Y,A,-,N,,,,,,,,,,N,2,0,1,2,A,-,10,21950,A,F,G,B,B,A,H,-,A,A,0,Y,,,,Y,,A,01,1,0,0,0,1,0,0,0,0,"- ","- ",,,"SAN MATEO","SAN BRUNO",-122.40841674804688,37.628570556640625
8761014,2018,2019-01-26,4113,2018-12-13,1915,453,6,4,5,5,4113,0,0,0,,0,006,"JEFFERSON AV","ADAM CT",4.00,E,N,A,-,N,,,,,,,,,,N,2,0,1,2,D,-,00,,,N,G,B,D,A,H,-,C,D,0,Y,,,,Y,,-,"- ",1,0,0,0,1,0,0,0,0,"- ","- ",37.481510162353516,-122.23149108886719,"SAN MATEO","REDWOOD CITY",-122.23161315917969,37.481788635253906
8763730,2018,2019-01-02,4113,2018-11-27,2114,380,4,2,5,5,4113,0,0,0,,0,004,"WILLOW ST","MIDDLEFIELD RD",0.00,,Y,B,C,N,,,,,,,,,,Y,2,0,2,2,A,-,03,22350,,N,D,C,A,B,H,-,C,A,0,,,Y,,Y,Y,C,02,1,1,0,0,0,0,0,0,2,"- ","- ",37.480918884277344,-122.21646881103516,"SAN MATEO","REDWOOD CITY",-122.21704864501953,37.480098724365234
8771565,2018,2019-01-07,4117,2018-12-10,1727,97GD05,19BB,1,5,5,4117,0,0,0,,0,002,"GALWAY PL","WESTBOROUGH BL",0.00,,Y,A,-,N,,,,,,,,,,N,2,0,1,2,A,-,10,21950,A,N,G,B,B,A,H,-,C,A,0,Y,,,,Y,,A,01,1,0,0,0,1,0,0,0,0,"- ","- ",37.643218994140625,-122.45719146728516,"SAN MATEO","SOUTH SAN FRANCISCO",-122.45726013183594,37.643100738525391
8776595,2018,2019-01-17,4127,2018-12-03,1025,2234,4127,1,5,4,4127,0,0,0,,0,001,"BELL ST","UNIVERSITY AV",99.00,S,N,A,-,N,,,,,,,,,,N,2,0,1,2,A,-,03,22350,,N,A,C,A,A,H,-,A,A,0,,,Y,,Y,,O,05,1,0,0,0,0,0,0,0,1,"- ","- ",,,"SAN MATEO","EAST PALO ALTO",-122.14167785644531,37.465591430664062
8778203,2019,2019-02-05,4100,2019-01-05,1713,18860,WDS,6,5,2,4118,0,0,0,,0,030,"WHISKEY HILL RD","WOODSIDE RD",1591.00,S,N,C,-,N,,,,,,,,,,N,2,0,1,2,A,-,09,21801,A,N,H,G,A,B,H,-,B,D,0,,Y,,,Y,,A,07,1,0,0,0,0,0,1,0,0,"- ","- ",,,"SAN MATEO",WOODSIDE,-122.24899291992188,37.425453186035156
8780134,2018,2019-02-04,4111,2018-12-15,2222,P5136,P11,6,5,4,4111,0,0,0,,0,0P2,"CABRILLO HWY","WESTPORT DR",18.00,S,N,A,-,Y,SM,4,1,-,R,43.080,I,5,N,Y,2,0,6,2,A,-,09,21804,A,N,D,C,A,A,H,-,C,D,0,,,,,Y,,A,01,3,2,1,0,0,0,0,0,0,"- ","- ",,,"SAN MATEO",PACIFICA,-122.48497772216797,37.620670318603516
8801062,2019,2019-02-22,4106,2019-02-08,2233,2122,,5,5,6,4106,0,0,0,,0,001,"87TH ST","SOUTHGATE AV",10.00,W,N,C,-,N,,,,,,,,,,Y,2,0,2,2,A,-,12,22450,A,F,D,C,A,B,H,-,C,D,0,,,,,Y,Y,A,01,1,1,0,0,0,0,0,0,0,"- ","- ",,,"SAN MATEO","DALY CITY",-122.49117279052734,37.692756652832031
8806176,2019,2019-03-18,4100,2019-01-11,0958,25057,HMB,5,5,3,4107,0,0,0,,0,075,"MAIN ST","MAIN ST 765",0.00,,-,A,-,N,,,,,,,,,,N,2,0,1,2,D,-,00,,,N,G,B,F,A,H,-,A,D,0,Y,,,,Y,,-,"- ",1,0,0,0,1,0,0,0,0,"- ","- ",,,"SAN MATEO","HALF MOON BAY",-122.429849,37.459533999999998
8809162,2019,2019-03-22,4114,2019-01-22,1022,1082,SNB1,2,5,4,4114,0,0,0,,0,001,"SAN BRUNO AV","6TH AV",0.00,,Y,A,-,N,,,,,,,,,,Y,2,0,1,2,A,-,09,21802,A,N,D,C,A,A,H,-,A,A,0,,,,,Y,,A,01,1,0,0,0,0,0,0,0,0,"- ","- ",,,"SAN MATEO","SAN BRUNO",-122.40673828125,37.630889892578125
8822447,2019,2019-03-20,4100,2019-02-09,1610,15320,MLB,6,5,3,4110,0,0,0,,0,061,"EAST MILLBRAE AV","RT 101",161.00,S,N,C,G,N,,,,,,,,,,N,2,0,1,3,A,-,03,22350,,F,C,C,F,B,G,-,A,A,0,Y,,,,Y,,A,01,1,0,0,0,1,0,0,0,0,"- ",SF,,,"SAN MATEO",MILLBRAE,-122.38093566894531,37.60223388671875
8826180,2019,2019-04-05,4100,2019-03-16,1724,25195,PVY,6,5,2,4112,0,0,0,,0,031,"BROOKSIDE DR","PORTOLA RD",0.00,,Y,A,-,N,,,,,,,,,,N,2,0,1,2,A,-,03,22350,,N,H,G,A,A,H,-,A,D,0,,Y,,,Y,,L,04,1,0,0,0,0,0,1,0,0,"- ","- ",,,"SAN MATEO","PORTOLA VALLEY",-122.21694183349609,37.375621795654297
8826719,2019,2019-05-14,4113,2019-03-24,0048,394,5,7,5,5,4113,0,0,0,,0,005,"EL CAMINO REAL","CENTER ST",24.00,S,N,A,-,Y,SM,4,82,-,-,3.150,H,-,S,Y,2,0,2,2,A,-,01,23153,A,F,C,C,A,A,H,-,C,A,0,,,,,Y,Y,A,01,1,1,0,0,0,0,0,0,0,"- ","- ",37.473808288574219,-122.21823883056641,"SAN MATEO","REDWOOD CITY",-122.21799468994141,37.47369384765625
8829246,2019,2019-04-25,4117,2019-03-27,1505,05RR05,10AE,3,5,5,4117,0,0,0,,0,002,"HUNTINGTON AV","NOOR AV",0.00,,Y,B,-,N,,,,,,,,,,N,2,0,1,2,A,-,09,21804,,N,H,G,A,A,H,-,A,A,0,,Y,,Y,Y,,L,04,1,0,0,0,0,0,1,0,0,"- ","- ",37.641780853271484,-122.41998291015625,"SAN MATEO","SOUTH SAN FRANCISCO",-122.41996002197266,37.641780853271484
8837062,2019,2021-05-17,4109,2019-02-22,2025,146238,,5,5,4,4109,0,0,0,,0,004,"UNIVERSITY AV","BAYFRONT EXPWY",255.00,W,N,A,-,Y,,,,,,,,,,N,2,0,1,2,A,-,08,22107,,N,G,B,E,A,H,-,C,A,0,Y,,,,Y,,A,01,1,0,0,0,1,0,0,0,0,"- ","- ",37.481128692626953,-122.13970947265625,"SAN MATEO","MENLO PARK",-122.14198303222656,37.485813140869141
8870145,2019,2019-08-27,4116,2019-05-24,0954,25586,34,5,5,5,4116,0,0,0,,0,00C,"SOUTH EL CAMINO REAL","27TH AV",0.00,,Y,A,-,Y,SM,4,82,-,-,9.854,I,5,S,Y,2,0,3,2,A,-,12,21453,A,N,D,C,A,A,H,-,A,A,0,,,,,Y,,A,01,2,0,1,0,0,0,0,0,0,"- ","- ",37.542640686035156,-122.30364227294922,"SAN MATEO","SAN MATEO",-122.30356597900391,37.542469024658203
8875886,2019,2019-11-15,4109,2019-05-26,0029,14749,,7,5,4,4109,0,0,0,,0,001,"RT 82","NORTHERN OAK GROVE",30.00,N,-,B,-,Y,SM,4,82,-,-,0.870,H,-,S,Y,2,0,5,2,A,-,03,22350,,N,C,C,A,A,H,-,C,A,0,,,,,Y,Y,A,07,1,4,0,0,0,0,0,0,0,"- ","- ",,,"SAN MATEO","MENLO PARK",-122.18453216552734,37.454326629638672
8879636,2019,2019-07-02,4116,2019-03-07,1636,28071,35,4,5,5,4116,0,0,0,,0,00C,"ALAMEDA DE LAS PULGAS","31ST AV",0.00,,Y,B,-,N,,,,,,,,,,N,2,0,1,2,A,-,12,22450,,N,G,B,B,A,H,-,A,A,0,Y,,,,Y,,A,01,1,0,0,0,1,0,0,0,0,"- ","- ",37.534488677978516,-122.30998992919922,"SAN MATEO","SAN MATEO",-122.30998992919922,37.534488677978516
8881869,2019,2019-08-28,4114,2019-05-25,1610,982,SNB10,6,5,4,4114,0,0,0,,0,001,"EL CAMINO REAL","RT 380",90.00,S,N,A,-,Y,SM,4,82,-,-,19.020,H,-,N,Y,2,0,6,6,A,-,03,22350,,N,C,C,E,A,H,-,A,A,0,Y,,,,Y,,D,22,3,1,2,0,2,0,0,0,0,"- ",WF,,,"SAN MATEO","SAN BRUNO",-122.41966247558594,37.6339111328125
8886703,2019,2019-07-17,4100,2019-06-06,1517,25255,1A,4,5,2,4118,0,0,0,,0,003,"CANADA RD","PALM CIRCLE",197.00,N,N,A,-,N,,,,,,,,,,N,2,0,1,2,A,-,03,22350,,F,C,C,A,A,H,-,A,A,0,,,Y,,Y,,A,07,1,0,0,0,0,0,0,0,1,"- ","- ",,,"SAN MATEO",WOODSIDE,-122.27883148193359,37.450916290283203
8889212,2019,2019-07-22,4106,2019-03-11,1731,1222,,1,5,6,4106,0,0,0,,0,003,"WASHINGTON ST","SULLIVAN AV",0.00,,Y,A,-,N,,,,,,,,,,N,2,0,1,2,A,-,11,21950,B,N,G,B,B,A,H,-,A,A,0,Y,,,,Y,,N,60,1,0,0,0,1,0,0,0,0,"- ","- ",,,"SAN MATEO","DALY CITY",-122.47222900390625,37.687908172607422
8889839,2019,2019-07-18,4106,2019-04-21,1152,2147,8,7,5,6,4106,0,0,0,,0,004,"JOHN DALY BL","PARK PLAZA DR",70.00,E,N,A,-,N,,,,,,,,,,N,2,0,3,3,A,-,04,21703,,N,C,C,A,A,H,-,A,A,0,,,,,Y,,A,01,1,2,0,0,0,0,0,0,0,"- ","- ",,,"SAN MATEO","DALY CITY",-122.48200225830078,37.702171325683594
8890800,2019,2019-11-15,4106,2019-05-25,0211,2151,,6,5,6,4106,0,0,0,,0,,"MISSION ST","BEPLER ST",0.00,,Y,A,-,Y,SM,4,82,-,-,24.940,H,-,N,Y,2,0,3,1,A,-,01,23153,,N,E,I,A,A,H,-,C,A,0,,,,,Y,Y,A,01,1,2,0,0,0,0,0,0,0,"- ","- ",37.706069946289062,-122.46170043945312,"SAN MATEO","DALY CITY",-122.46128845214844,37.706035614013672
8893832,2019,2019-07-30,4116,2019-07-13,2018,28252,12,6,5,5,4116,0,0,0,,0,00A,"NORTH AMPHLETT BL","TILTON AV",0.00,,Y,A,-,N,,,,,,,,,,N,2,0,1,2,A,-,09,21803,,N,D,G,A,A,H,-,B,A,0,,Y,,,Y,,L,04,1,0,0,0,0,0,1,0,0,"- ","- ",37.574821472167969,-122.31871032714844,"SAN MATEO","SAN MATEO",-122.31870269775391,37.574810028076172
8909659,2019,2019-10-29,4116,2019-09-19,0919,25586,13A,4,5,5,4116,0,0,0,,0,00A,"EAST 3RD AV","SOUTH GRANT ST",0.00,,Y,A,-,N,,,,,,,,,,Y,2,0,1,2,A,-,08,22107,,N,D,C,A,A,H,-,A,D,0,,,,,Y,,A,01,1,0,0,0,0,0,0,0,0,"- ","- ",37.569011688232422,-122.31733703613281,"SAN MATEO","SAN MATEO",-122.31732940673828,37.569000244140625
8911261,2020,2022-06-18,4116,2020-05-03,0504,27872,17,7,5,5,4116,0,0,0,,0,00A,"SOUTH DELAWARE ST","9TH AV",163.00,N,N,A,-,N,,,,,,,,,,Y,1,1,0,2,A,-,11,21956,,F,G,B,E,A,H,-,D,D,0,Y,,,,Y,Y,N,60,0,0,0,1,0,0,0,0,0,"- ","- ",37.564441680908203,-122.32061004638672,"SAN MATEO","SAN MATEO",-122.31607818603516,37.563488006591797
8920899,2019,2019-08-26,4116,2019-05-28,1733,28071,12,2,5,5,4116,0,0,0,,0,00A,"S AMPHLETT BL","CYPRESS AV",206.00,S,N,B,-,N,,,,,,,,,,Y,2,0,1,2,A,-,03,22350,,N,E,I,A,A,D,-,A,D,0,,,Y,,Y,,C,02,1,0,0,0,0,0,0,0,1,"- ","- ",37.572978973388672,-122.317138671875,"SAN MATEO","SAN MATEO",-122.31699371337891,37.5732421875
8932253,2019,2019-09-17,4114,2019-08-17,2237,1059,SNB13,6,5,4,4114,0,0,0,,0,002,"CYPRESS AV","SAN FELIPE AV",252.00,N,N,A,-,N,,,,,,,,,,N,2,0,1,1,A,-,03,22350,,N,E,I,A,A,H,-,C,D,0,,Y,,,Y,,L,04,1,0,0,0,0,0,1,0,0,"- ","- ",,,"SAN MATEO","SAN BRUNO",-122.41266632080078,37.616458892822266
8939206,2019,2019-12-10,4100,2019-07-19,1650,18170,1J,5,5,2,4118,0,0,0,,0,030,"RT 84","PORTOLA RD",3197.00,W,N,A,-,Y,SM,4,84,-,-,17.630,H,-,S,Y,1,1,0,2,A,-,03,22350,A,N,A,C,A,A,H,-,A,D,0,,,Y,Y,Y,,C,02,0,0,0,0,0,0,0,1,0,"- ","- ",,,"SAN MATEO",WOODSIDE,-122.26145172119141,37.398288726806641
8939613,2020,2020-02-21,4117,2020-01-16,1947,16AP10,25AA,4,5,5,4117,0,0,0,,0,003,"RT 82","WESTBOROUGH BL",500.00,S,N,C,-,Y,SM,4,82,-,-,20.540,H,-,S,Y,1,1,0,2,A,-,11,21950,B,F,G,B,D,B,H,-,C,D,0,Y,,,,Y,,N,60,0,0,0,1,0,0,0,0,0,"- ","- ",37.654449462890625,-122.43422698974609,"SAN MATEO","SOUTH SAN FRANCISCO",-122.4329833984375,37.653861999511719
8939657,2019,2020-03-09,4111,2019-10-04,1704,P5160,P07,5,5,4,4111,0,0,0,,0,0P2,"PALMETTO AV","MONTECITO AV",186.00,S,N,A,-,N,,,,,,,,,,Y,1,1,0,3,D,-,00,,,N,G,B,F,A,H,-,A,D,0,Y,,,,Y,,-,"- ",0,0,0,1,0,0,0,0,0,"- ","- ",,,"SAN MATEO",PACIFICA,-122.4925537109375,37.632266998291016
8945125,2019,2019-09-26,4114,2019-08-08,1605,0983,SNB14,4,5,4,4114,0,0,0,,0,002,"CRYSTAL SPRINGS RD","ACACIA AV",149.00,W,N,A,-,N,,,,,,,,,,N,2,0,1,2,A,-,03,22350,,N,G,B,F,A,H,-,A,D,0,Y,Y,,,Y,,L,04,1,0,0,0,1,0,0,0,0,"- ","- ",,,"SAN MATEO","SAN BRUNO",-122.41356658935547,37.617908477783203
8945154,2019,2019-10-03,4114,2019-09-06,1821,0036,SNB37,5,5,4,4114,0,0,0,,0,003,"COLLEGE DR","SUSAN DR / LONGVIEW DR",0.00,,Y,A,-,N,,,,,,,,,,N,2,0,1,2,A,-,09,21802,A,N,D,C,A,A,H,-,A,A,0,,,,,Y,,A,01,1,0,0,0,0,0,0,0,0,"- ","- ",,,"SAN MATEO","SAN BRUNO",,
8945409,2019,2019-10-01,4117,2019-09-10,1953,04JL03,24AA,2,5,5,4117,0,0,0,,0,004,"BADEN AV","ORANGE AV",0.00,,Y,A,-,N,,,,,,,,,,Y,2,0,2,4,A,-,01,23152,A,F,D,C,A,A,H,-,C,A,0,,,,,Y,Y,A,01,1,1,0,0,0,0,0,0,0,"- ","- ",37.657058715820312,-122.42342376708984,"SAN MATEO","SOUTH SAN FRANCISCO",-122.42341613769531,37.657070159912109
8947199,2019,2019-10-03,4100,2019-09-17,2252,19-09236,4100,2,5,2,4112,0,0,0,,0,031,"WESTRIDGE DR","PALOMA RD",0.00,,-,A,-,N,,,,,,,,,,Y,2,0,2,1,A,-,01,23153,A,N,E,I,A,A,H,-,D,D,0,,,,,Y,Y,A,01,1,0,1,0,0,0,0,0,0,"- ","- ",,,"SAN MATEO","PORTOLA VALLEY",-122.22064208984375,37.391029357910156
8947969,2019,2020-01-29,4113,2019-09-03,2126,351,5,2,5,5,4113,0,0,0,,0,005,"EL CAMINO REAL","WOODSIDE RD",0.00,,Y,A,-,Y,SM,4,82,-,-,3.430,H,-,S,Y,2,0,2,3,A,-,01,23153,A,N,A,C,A,A,H,-,C,D,0,,,,,Y,Y,A,01,2,0,0,0,0,0,0,0,0,"- ","- ",37.45294189453125,-122.22978210449219,"SAN MATEO","REDWOOD CITY",-122.22174835205078,37.476428985595703
8962006,2019,2019-10-23,4100,2019-09-28,0348,25269,MLB,6,5,3,4110,0,0,0,,0,061,"VALLEJO DR","VALLEJO CT",11.00,N,N,A,-,N,,,,,,,,,,Y,2,0,1,2,A,-,01,23152,A,N,E,I,A,A,H,-,C,D,0,,,,,Y,Y,A,01,1,0,0,0,0,0,0,0,0,"- ","- ",,,"SAN MATEO",MILLBRAE,-122.40579223632812,37.584831237792969
8962498,2019,2019-10-24,4100,2019-09-24,0823,25274,1C,2,5,2,4118,0,0,0,,0,003,"CANADA RD","CORTO LN",64.00,S,N,A,-,N,,,,,,,,,,N,2,0,2,2,A,-,03,22350,,N,H,B,E,A,H,-,A,D,0,Y,Y,,,Y,,L,04,1,1,0,0,1,0,1,0,0,"- ","- ",,,"SAN MATEO",WOODSIDE,-122.25910949707031,37.434967041015625
8972664,2019,2019-11-14,4114,2019-10-07,1155,0048,SNB31,1,5,4,4114,0,0,0,,0,003,"RT 280","CUNNINGHAM WY",64.00,W,N,A,-,N,,,,,,,,,,Y,2,0,1,1,A,-,03,22350,A,N,E,I,A,A,H,-,A,D,0,,,,,Y,,A,01,1,0,0,0,0,0,0,0,0,SF,"- ",,,"SAN MATEO","SAN BRUNO",-122.42420196533203,37.614803314208984