CASE_ID,ACCIDENT_YEAR,PROC_DATE,JURIS,COLLISION_DATE,COLLISION_TIME,OFFICER_ID,REPORTING_DISTRICT,DAY_OF_WEEK,CHP_SHIFT,POPULATION,CNTY_CITY_LOC,SPECIAL_COND,BEAT_TYPE,CHP_BEAT_TYPE,CITY_DIVISION_LAPD,CHP_BEAT_CLASS,BEAT_NUMBER,PRIMARY_RD,SECONDARY_RD,DISTANCE,DIRECTION,INTERSECTION,WEATHER_1,WEATHER_2,STATE_HWY_IND,CALTRANS_COUNTY,CALTRANS_DISTRICT,STATE_ROUTE,ROUTE_SUFFIX,POSTMILE_PREFIX,POSTMILE,LOCATION_TYPE,RAMP_INTERSECTION,SIDE_OF_HWY,TOW_AWAY,COLLISION_SEVERITY,NUMBER_KILLED,NUMBER_INJURED,PARTY_COUNT,PRIMARY_COLL_FACTOR,PCF_CODE_OF_VIOL,PCF_VIOL_CATEGORY,PCF_VIOLATION,PCF_VIOL_SUBSECTION,HIT_AND_RUN,TYPE_OF_COLLISION,MVIW,PED_ACTION,ROAD_SURFACE,ROAD_COND_1,ROAD_COND_2,LIGHTING,CONTROL_DEVICE,CHP_ROAD_TYPE,PEDESTRIAN_ACCIDENT,BICYCLE_ACCIDENT,MOTORCYCLE_ACCIDENT,TRUCK_ACCIDENT,NOT_PRIVATE_PROPERTY,ALCOHOL_INVOLVED,STWD_VEHTYPE_AT_FAULT,CHP_VEHTYPE_AT_FAULT,COUNT_SEVERE_INJ,COUNT_VISIBLE_INJ,COUNT_COMPLAINT_PAIN,COUNT_PED_KILLED,COUNT_PED_INJURED,COUNT_BICYCLIST_KILLED,COUNT_BICYCLIST_INJURED,COUNT_MC_KILLED,COUNT_MC_INJURED,PRIMARY_RAMP,SECONDARY_RAMP,LATITUDE,LONGITUDE,COUNTY,CITY,POINT_X,POINT_Y
8974784,2019,2019-12-12,4104,2019-10-25,2327,25063,4100,5,5,4,4104,0,0,0,,0,NORTH,"CALIFORNIA DR","HOWARD AV",0.00,,Y,A,-,N,,,,,,,,,,N,2,0,1,2,A,-,12,21453,A,N,D,G,A,A,H,-,C,A,0,,Y,,,Y,,L,04,1,0,0,0,0,0,1,0,0,"- ","- ",,,"SAN MATEO",BURLINGAME,-122.34346008300781,37.578800201416016
8983395,2019,2020-02-19,4116,2019-10-31,0940,26199,34,4,5,5,4116,0,0,0,,0,00C,"EL CAMINO REAL","RT 92",0.00,,N,-,-,N,,,82,,,,,,,N,2,0,1,3,A,-,08,22107,,N,-,-,A,-,-,-,-,-,0,,,,,Y,,A,07,1,0,0,0,0,0,0,0,0,"- ","- ",37.548309326171875,-122.30995941162109,"SAN MATEO","SAN MATEO",-122.30992126464844,37.548355102539062
8995012,2019,2020-06-24,4111,2019-10-28,1050,P5158,P12,1,5,4,4111,0,0,0,,0,0P2,"RT 1","CABRILLO HWY 4275",0.00,,-,A,-,Y,SM,4,1,-,R,42.450,H,-,N,N,2,0,1,2,A,-,09,21804,A,N,H,G,A,A,H,-,A,D,0,,Y,,,Y,,I,11,1,0,0,0,0,0,1,0,0,"- ","- ",37.612400054931641,-122.48892211914062,"SAN MATEO",PACIFICA,-122.48892974853516,37.612571716308594
8995788,2019,2020-02-06,4117,2019-12-03,0659,04JL03,08AG,2,5,5,4117,0,0,0,,0,001,"SPRUCE AV","COMMERCIAL AV",0.00,,Y,A,-,N,,,,,,,,,,N,2,0,1,2,A,-,10,21950,A,N,G,B,B,A,H,-,A,A,0,Y,,,,Y,,A,08,1,0,0,0,1,0,0,0,0,"- ","- ",37.654541015625,-122.41668701171875,"SAN MATEO","SOUTH SAN FRANCISCO",-122.41670227050781,37.654529571533203
9000669,2019,2020-02-06,4113,2019-12-03,0636,472,7,2,5,5,4113,0,0,0,,0,007,"JAMES AV","JAMES AV 1904",0.00,,Y,C,-,N,,,,,,,,,,N,2,0,1,2,A,-,11,21956,B,N,G,B,D,B,H,-,B,A,0,Y,,,,Y,,N,60,1,0,0,0,1,0,0,0,0,"- ","- ",37.472591400146484,-122.24671173095703,"SAN MATEO","REDWOOD CITY",-122.246534,37.472442999999998
90009737,2015,2015-12-01,9330,2015-07-31,1120,019478,,5,1,9,4100,0,1,1,,2,034,SR-92,"SR-35 (UPPER)",2112.00,E,N,A,-,Y,,,,,,,,,,Y,2,0,1,2,A,-,08,22107,,N,A,C,A,A,H,-,A,A,0,,,Y,Y,Y,,C,02,1,0,0,0,0,0,0,0,1,"- ","- ",,,"SAN MATEO",UNINCORPORATED,,
90015484,2015,2015-10-19,9330,2015-08-18,1440,019738,,2,2,9,4100,0,3,5,,2,203,"PESCADERO CREEK RD.","WURR. RD.",0.00,,Y,A,-,Y,,,,,,,,,,Y,2,0,1,1,A,-,03,22350,,N,E,I,A,A,H,-,A,D,0,,,Y,,Y,,C,02,1,0,0,0,0,0,0,0,1,"- ","- ",,,"SAN MATEO",UNINCORPORATED,-122.30793991,37.270589999999999
90019768,2015,2015-10-19,9330,2015-08-29,0145,020894,,6,3,5,4116,0,1,2,,2,038,US-101,"PENINSULA AVE",990.00,S,N,A,-,Y,,,101,,,,,,,Y,2,0,4,5,A,-,03,22350,,N,B,C,E,A,H,-,D,D,0,Y,,,,Y,Y,A,01,1,2,1,0,1,0,0,0,0,"- ","- ",37.581940000000003,-122.32592,"SAN MATEO","SAN MATEO",-122.32590334,37.581957920000001
90020313,2015,2015-10-19,9330,2015-09-20,0350,020272,,7,3,9,4100,0,1,3,,2,031,"SR-92 W/B TO I-280 S/B","RALSTON AVENUE",3168.00,W,N,A,-,Y,,,,,,,,,,Y,2,0,1,1,A,-,01,23152,A,N,E,I,A,A,H,-,C,D,0,,,,,Y,Y,A,07,1,0,0,0,0,0,0,0,0,"- ","- ",,,"SAN MATEO",UNINCORPORATED,-122.33836143000001,37.50721068
90051438,2015,2015-11-16,9330,2015-11-05,1027,020489,,4,1,5,4116,0,1,2,,2,038,"US-101 NORTHBOUND","3RD AVE",1584.00,N,N,A,-,Y,,,101,,,,,,N,Y,2,0,2,2,A,-,03,22350,,N,C,C,A,A,H,-,A,D,0,,,,,Y,,A,01,1,0,1,0,0,0,0,0,0,"- ","- ",37.575290000000003,-122.31870000000001,"SAN MATEO","SAN MATEO",-122.31869339000001,37.575297190000001
90058121,2015,2015-11-24,9330,2015-10-25,1923,020606,,7,2,9,4100,0,2,4,,1,051,"5TH AVENUE","MIDDLEFIELD ROAD",272.00,W,N,A,-,Y,,,,,,,,,,Y,2,0,1,2,A,-,11,21954,A,N,G,B,D,A,H,-,C,D,0,Y,,,,Y,Y,N,60,1,0,0,0,1,0,0,0,0,"- ","- ",37.471699999999998,-122.20478,"SAN MATEO",UNINCORPORATED,-122.20493359,37.47143337
90068876,2015,2015-12-09,9335,2015-11-12,1640,017935,,4,2,9,4100,0,1,2,,2,011,"US-101 S/B","MILLBRAE AVE",2640.00,N,N,A,-,Y,,,,,,,,,,Y,2,0,2,2,A,-,03,22350,,N,C,C,A,A,H,-,A,D,0,,,Y,,Y,,C,02,1,0,1,0,0,0,0,0,1,"- ","- ",,,"SAN MATEO",UNINCORPORATED,-122.38753581,37.607082120000001
90075121,2015,2015-12-16,9330,2015-09-11,1235,020464,,5,1,9,4100,0,1,3,,1,021,SR-84,SR-35,6864.00,W,N,A,-,Y,,,84,,,,,,,Y,2,0,2,3,A,-,05,21460,A,N,A,C,A,A,H,-,A,D,0,,,Y,Y,Y,,C,02,1,1,0,0,0,0,0,0,2,"- ","- ",37.372100000000003,-122.2629,"SAN MATEO",UNINCORPORATED,-122.26295419,37.372016459999998
90098554,2015,2016-01-20,9330,2015-12-02,1015,016534,,3,1,4,4104,0,1,2,,2,038,"US-101 S/B","PENINSULA AVE O/C",1584.00,N,N,B,-,Y,,,,,,,,,,Y,1,1,0,2,A,-,03,22350,,N,C,C,A,A,H,-,A,D,0,,,Y,,Y,,C,02,0,0,0,0,0,0,0,1,0,"- ","- ",,,"SAN MATEO",BURLINGAME,-122.33319638,37.586542340000001
90100558,2016,2016-01-22,9330,2016-01-17,0025,019047,,7,3,4,4120,0,1,3,,1,035,"SR-92 E/B","FOSTER CITY BLVD",3168.00,E,N,B,-,Y,,,,,,,,,,Y,2,0,8,3,A,-,03,22350,,N,C,C,A,B,H,-,C,D,0,,,,,Y,,A,01,2,0,6,0,0,0,0,0,0,"- ","- ",37.3416,-122.1553,"SAN MATEO","FOSTER CITY",-122.27312000000001,37.563879999999997
90132342,2016,2016-03-09,9330,2016-02-01,1630,019198,,1,2,9,4100,0,1,A,,2,747,"DALE M KRINGS MEMORIAL REST AREA","BLACK MOUNTAIN ROAD",3696.00,S,N,A,-,Y,,,,,,,,,,Y,2,0,2,2,C,-,18,,,N,C,E,A,A,H,-,A,D,0,,,,,Y,,-,"- ",1,1,0,0,0,0,0,0,0,"- ","- ",37.539149999999999,-122.36454999999999,"SAN MATEO",UNINCORPORATED,,
90136632,2016,2016-03-16,9335,2016-01-19,1338,015042,,2,1,9,4100,0,1,1,,2,038,"I-380 E/B TO U.S.101 S/B","SAN BRUNO O/C",168.00,N,N,B,-,Y,,,,,,,,,,Y,1,1,0,2,A,-,08,22107,,N,B,C,A,A,H,-,A,D,0,,,Y,,Y,,C,02,0,0,0,0,0,0,0,1,0,"- ","- ",37.631770000000003,-122.40319,"SAN MATEO",UNINCORPORATED,,
90136648,2016,2016-03-15,9330,2016-01-10,2130,020013,,7,2,9,4100,0,1,3,,2,042,"STATE ROUTE - 35 (SKYLINE BLVD)","HARKINS ROAD",1500.00,N,N,B,-,Y,,,35,,,,,,,Y,1,2,0,1,A,-,08,22107,,N,E,I,A,B,H,-,D,D,0,,,,,Y,,A,01,0,0,0,0,0,0,0,0,0,"- ","- ",37.448129999999999,-122.33534,"SAN MATEO",UNINCORPORATED,-122.33536298999999,37.448075660000001
90139797,2016,2016-03-21,9330,2016-03-14,0400,020662,,1,3,4,4115,0,1,2,,2,048,"US-101 S/B","HOLLY ST",500.00,S,N,A,C,Y,,,101,,,,,,S,Y,2,0,3,2,A,-,01,23152,A,N,C,C,A,B,H,-,C,D,0,,,,,Y,Y,A,01,1,1,1,0,0,0,0,0,0,"- ","- ",37.511400000000002,-122.25333999999999,"SAN MATEO","SAN CARLOS",-122.25335748000001,37.511380160000002
9014082,2019,2020-07-13,4116,2019-12-22,1312,28093,61,7,5,5,4116,0,0,0,,0,00D,"EAST HILLSDALE BL","RT 101",85.00,E,Y,B,-,Y,SM,4,101,-,-,11.282,R,4,S,Y,2,0,2,2,A,-,03,22350,,N,D,C,A,B,H,-,A,A,0,,,,,Y,,A,01,1,1,0,0,0,0,0,0,0,"- ",SF,37.552478790283203,-122.28008270263672,"SAN MATEO","SAN MATEO",-122.28950500488281,37.546047210693359
90154181,2016,2016-07-15,9330,2016-04-07,2300,020397,,4,3,9,4100,0,1,3,,1,011,SR-92,"LIFEMARK RD.",240.00,E,N,A,-,Y,,,92,,,,,,,Y,2,0,5,2,A,-,01,23152,A,N,A,C,A,A,H,-,D,D,0,,,,,Y,Y,A,01,2,1,2,0,0,0,0,0,0,"- ","- ",37.511780000000002,-122.34972,"SAN MATEO",UNINCORPORATED,-122.34974361,37.511824310000002
90175787,2016,2016-05-10,9335,2016-04-25,1415,016118,,1,2,6,4106,0,1,1,,2,021,"I-280 N/B","SERRAMONTE BLVD U/C",400.00,S,N,A,-,Y,,,,,,,,,,Y,2,0,1,2,A,-,07,21658,A,N,D,C,A,A,H,-,A,D,0,,,,,Y,,D,22,1,0,0,0,0,0,0,0,0,"- ","- ",,,"SAN MATEO","DALY CITY",-122.46566842999999,37.668833239999998
90178124,2016,2016-05-12,9330,2016-05-07,2018,020735,,6,2,9,4100,0,1,3,,1,011,"SR-92 E/B",SR-35,3700.00,W,N,B,-,Y,,,92,,,,,,E,Y,2,0,2,1,A,-,03,22350,,N,F,A,A,A,H,-,A,D,0,,,Y,,Y,,C,02,1,1,0,0,0,0,0,0,2,"- ","- ",37.488720000000001,-122.37094,"SAN MATEO",UNINCORPORATED,-122.37102055,37.488708209999999
90190807,2016,2016-05-31,9330,2016-05-14,1715,020651,,6,2,9,4100,0,1,3,,1,021,"SR 84 W.B (WOODSIDE ROAD)","HILDEBRAND RD.",10560.00,W,N,A,-,Y,,,84,,,,,,,Y,2,0,1,2,A,-,05,21460,A,F,A,C,A,A,H,-,A,D,0,,,Y,,Y,Y,-,99,1,0,0,0,0,0,0,0,1,"- ","- ",37.327570000000001,-122.27074,"SAN MATEO",UNINCORPORATED,-122.27099037000001,37.32747371
90204807,2016,2016-06-20,9330,2016-06-01,1250,021265,,3,1,9,4100,0,1,3,,1,021,"SR-84 WESTBOUND (LA HONDA)","SR-35 (SKYLINE BLVD)",5280.00,W,N,A,-,Y,,,,,,,,,,Y,2,0,1,2,A,-,03,22350,,N,F,A,A,A,H,-,A,D,0,,,Y,,Y,,C,02,1,0,0,0,0,0,0,0,1,"- ","- ",37.371899999999997,-122.26278000000001,"SAN MATEO",UNINCORPORATED,,
90209801,2016,2016-06-27,9330,2016-06-19,0130,020577,,7,3,9,4100,0,2,4,,1,051,"MIDDLEFIELD RD S/B","5TH AVE",20.00,N,N,A,-,N,,,,,,,,,,N,2,0,1,2,D,-,00,,,N,G,B,E,A,H,-,C,D,0,Y,,,,Y,Y,-,"- ",1,0,0,0,1,0,0,0,0,"- ","- ",37.472110000000001,-122.20451,"SAN MATEO",UNINCORPORATED,-122.20456254,37.472135569999999
90221466,2016,2016-07-13,9330,2016-06-26,0215,021276,,7,3,4,4127,0,1,2,,2,058,"US-101 S/B","EMBARCADERO RD",2640.00,N,N,A,-,Y,,,101,,,,,,S,Y,2,0,3,2,A,-,01,23152,A,N,C,C,A,A,H,-,C,D,0,,,,,Y,Y,A,01,1,2,0,0,0,0,0,0,0,"- ","- ",37.454250000000002,-122.13064,"SAN MATEO","EAST PALO ALTO",-122.13060889,37.454302839999997
90225173,2016,2017-01-11,9330,2016-05-22,1303,020324,,7,1,9,4100,0,1,3,,1,021,"SR-84 W/B",SR-35,26928.00,W,N,A,-,Y,,,,,,,,,,Y,2,0,1,1,A,-,08,22107,,N,F,A,A,A,H,-,D,D,0,,,Y,,Y,,C,02,1,0,0,0,0,0,0,0,1,"- ","- ",37.332920000000001,-122.27117,"SAN MATEO",UNINCORPORATED,,
90229321,2016,2016-11-17,9330,2016-07-20,1442,019356,,3,2,4,4127,0,1,2,,2,058,"US-101 S/B","WILLOW ROAD O/C",900.00,S,N,A,-,Y,,,101,,,,,,S,Y,2,0,1,2,A,-,07,21658,A,N,B,C,A,A,H,-,A,D,0,,,Y,,Y,,A,01,1,0,0,0,0,0,0,0,1,"- ","- ",37.467300000000002,-122.15258,"SAN MATEO","EAST PALO ALTO",-122.15260497,37.46725876
90231505,2016,2016-07-27,9335,2016-07-16,0224,021125,,6,3,4,4114,0,1,1,,2,020,"I-280 S/B","SNEATH LANE OVER-CROSSING",675.00,S,N,A,-,Y,,,280,,,,,,S,Y,2,0,2,1,A,-,01,23152,A,N,E,I,A,A,H,-,C,D,0,,,,,Y,Y,A,01,2,0,0,0,0,0,0,0,0,"- ","- ",37.628909999999998,-122.43338,"SAN MATEO","SAN BRUNO",-122.43331120000001,37.629002059999998
90241705,2016,2016-08-10,9330,2016-08-08,0840,017991,,1,1,9,4100,0,1,1,,2,034,"SR-92 W/B","UPPER SR-35",1584.00,E,N,A,-,Y,,,,,,,,,,Y,2,0,1,2,A,-,03,22350,,N,C,C,A,A,H,-,A,D,0,,,Y,,Y,,C,02,1,0,0,0,0,0,0,0,1,"- ","- ",,,"SAN MATEO",UNINCORPORATED,,
90252363,2016,2016-08-25,9330,2016-04-16,1322,020554,,6,1,9,4100,0,1,3,,1,021,"STATE ROUTE 84","WILLIAMS RANCH DRIVE",0.00,,Y,A,-,Y,,,84,,,,,,,Y,1,1,1,2,A,-,03,22350,,N,F,A,A,A,H,-,A,D,0,,,Y,,Y,,C,02,0,1,0,0,0,0,0,1,0,"- ","- ",37.362070000000003,-122.26111,"SAN MATEO",UNINCORPORATED,-122.26113909,37.362065029999997
9029039,2019,2020-01-27,4109,2019-11-12,0815,14782,,2,5,4,4109,0,0,0,,0,003,"NEWBRIDGE ST","ALMANOR AV",83.00,N,N,A,-,N,,,,,,,,,,N,2,0,1,2,A,-,21,22106,,N,H,G,A,A,H,-,A,D,0,,Y,,,Y,,A,01,1,0,0,0,0,0,1,0,0,"- ","- ",37.47528076171875,-122.16249847412109,"SAN MATEO","MENLO PARK",-122.16217041015625,37.475051879882812
90298839,2016,2016-10-24,9335,2016-09-29,1741,021312,,4,2,5,4117,0,1,2,,2,012,"US-101 N/B","OYSTER POINT BLVD. O/C",1584.00,N,N,B,-,Y,,,101,,,,,,N,Y,2,0,1,2,A,-,07,21658,A,F,B,C,A,A,H,-,A,D,0,,,Y,,Y,,A,01,1,0,0,0,0,0,0,0,1,"- ","- ",37.667099999999998,-122.3952,"SAN MATEO","SOUTH SAN FRANCISCO",-122.39521118,37.667110610000002
90307889,2016,2016-11-01,9335,2016-10-13,2049,016108,,4,2,9,4100,0,3,5,,2,001,"GUADALUPE CANYON E/B","PRICE STREET",2640.00,E,N,A,B,N,,,,,,,,,,Y,2,0,3,2,A,-,05,21651,A,N,D,C,A,A,H,-,D,D,0,,,,,Y,,A,01,1,2,0,0,0,0,0,0,0,"- ","- ",37.700580000000002,-122.44987999999999,"SAN MATEO",UNINCORPORATED,-122.45005872999999,37.699727969999998
90320414,2016,2016-11-16,9335,2016-10-24,2200,016118,,1,3,9,4100,0,3,5,,2,001,"GUADALUPE CANYON PARKWAY","CARTER STREET",2640.00,W,N,B,-,N,,,,,,,,,,Y,2,0,1,1,A,-,08,22107,,N,E,I,A,B,H,-,D,D,0,,,,,Y,,A,01,1,0,0,0,0,0,0,0,0,"- ","- ",37.698619999999998,-122.42965,"SAN MATEO",UNINCORPORATED,-122.42772926000001,37.697339489999997
9032132,2019,2020-02-05,4106,2019-12-11,1941,2035,,3,5,6,4106,0,0,0,,0,002,"BRUNSWICK ST","HILLSIDE BL",0.00,,Y,C,-,N,,,,,,,,,,N,2,0,1,2,A,-,10,21950,A,N,G,B,B,B,H,-,D,D,0,Y,,,,Y,,A,07,1,0,0,0,1,0,0,0,0,"- ","- ",,,"SAN MATEO","DALY CITY",-122.46205902099609,37.704120635986328
90327349,2016,2016-11-22,9330,2016-11-13,1220,021253,,7,1,9,4100,0,3,5,,2,203,"ALPINE ROAD","BUFFALO VALLEY DRIVE",15.00,S,N,A,-,Y,,,,,,,,,,Y,2,0,1,1,A,-,08,22107,,N,F,A,A,A,H,-,A,D,0,,,Y,,Y,,C,02,1,0,0,0,0,0,0,0,1,"- ","- ",37.287149999999997,-122.21817,"SAN MATEO",UNINCORPORATED,,
90330099,2016,2016-11-28,9335,2016-11-13,2005,020658,,7,2,9,4100,0,1,2,,2,011,"US-101 N/B","MILLBRAE AVENUE OVER CROSSING",3485.00,N,N,A,-,Y,,,101,,,,,,N,Y,2,0,1,2,A,-,07,21658,A,N,C,C,A,A,H,-,C,D,0,,,,,Y,,A,07,1,0,0,0,0,0,0,0,0,"- ","- ",37.608719999999998,-122.38963,"SAN MATEO",UNINCORPORATED,-122.38961442999999,37.608743869999998
90357982,2016,2016-12-29,9335,2016-12-14,0840,016118,,3,1,4,4114,0,1,1,,2,020,"SR-35 S/B TO I-280 S/B","I-280 SOUTHBOUND",2950.00,N,N,B,-,Y,,,35,,,,R,,S,Y,2,0,1,5,A,-,03,22350,,N,C,C,A,A,H,-,A,D,0,,,,,Y,,D,22,1,0,0,0,0,0,0,0,0,"- ","- ",37.608179999999997,-122.43255000000001,"SAN MATEO","SAN BRUNO",-122.43255000000001,37.608179999999997
90381233,2017,2017-01-30,9330,2017-01-14,1139,021276,,6,1,4,4104,0,1,2,,2,038,"US-101 S/B",BROADWAY,1584.00,S,N,A,-,Y,,,,,,,,,,Y,2,0,1,1,A,-,08,22107,,N,C,I,A,A,G,-,A,D,0,,,,,Y,,A,01,1,0,0,0,0,0,0,0,0,"- ","- ",,,"SAN MATEO",BURLINGAME,-122.36062,37.589530000000003
90409729,2016,2017-03-10,9330,2016-12-10,0315,020646,,6,3,5,4116,0,1,2,,2,038,"US 101 S/B","3RD AVE",2972.00,S,N,B,C,Y,,,,,,,,,,Y,1,1,3,3,A,-,01,23152,F,N,D,C,E,B,H,-,D,D,0,Y,,,,Y,Y,A,01,1,1,1,1,0,0,0,0,0,"- ","- ",37.570599999999999,-122.3139,"SAN MATEO","SAN MATEO",,
90422762,2017,2017-03-28,9330,2017-03-11,0903,021319,,6,1,9,4100,0,3,5,,2,002,"PESCADERO CREEK ROAD",SR-84,500.00,S,N,A,-,Y,,,,,,,,,,N,2,0,1,1,A,-,03,22350,,N,E,I,A,A,H,-,A,D,0,,Y,,,Y,,L,04,1,0,0,0,0,0,1,0,0,"- ","- ",37.310569999999998,-122.27594999999999,"SAN MATEO",UNINCORPORATED,,
90435088,2017,2017-04-17,9335,2017-04-06,1919,021341,,4,2,4,4111,0,1,3,,2,041,"SR-1 S/B","PALOMA AVENUE OVERCROSSING",1742.00,N,N,C,-,Y,,,1,,,,,,S,Y,2,0,1,1,A,-,01,23152,A,N,E,J,A,B,H,-,B,D,0,,,,,Y,Y,A,08,1,0,0,0,0,0,0,0,0,"- ","- ",37.641269999999999,-122.49127,"SAN MATEO",PACIFICA,-122.49114528,37.641328059999999
90467768,2017,2017-09-12,9330,2017-05-15,0507,020324,,1,3,4,4109,0,1,2,,2,058,"US-101 N/B FROM MARSH RD. W/B","MARSH RD",63.00,N,N,A,-,N,,,101,,,,R,,N,Y,2,0,1,2,A,-,11,21953,,N,G,B,C,A,H,-,D,D,0,Y,,,,Y,,N,60,1,0,0,0,1,0,0,0,0,"- ","- ",37.485109999999999,-122.17981,"SAN MATEO","MENLO PARK",-122.17981,37.485109999999999
90469557,2017,2017-06-02,9330,2017-05-19,0030,021253,,5,3,4,4109,0,1,2,,2,058,"US-101 SOUTHBOUND TO WILLOW ROAD","WILLOW ROAD",310.00,N,N,A,-,Y,,,101,,,,R,,S,Y,2,0,1,1,A,-,01,23152,A,N,E,I,A,A,H,-,D,D,0,,,,,Y,Y,A,07,1,0,0,0,0,0,0,0,0,"- ","- ",37.483199999999997,-122.18129999999999,"SAN MATEO","MENLO PARK",-122.18129999999999,37.483199999999997
90476408,2017,2017-06-13,9330,2017-06-05,0640,021590,,1,1,9,4100,0,1,3,,2,072,"SR-35 (SKYLINE BLVD)","PAGE MILL ROAD",3168.00,S,N,A,-,Y,,,35,,,,,,,Y,2,0,1,1,A,-,08,22107,,N,D,I,A,A,H,-,A,D,0,,,,,Y,,D,22,1,0,0,0,0,0,0,0,0,"- ","- ",37.313000000000002,-122.1763,"SAN MATEO",UNINCORPORATED,-122.1763265,37.312883390000003
90481419,2017,2017-06-20,9330,2017-06-13,1310,015709,,2,1,9,4100,0,3,5,,2,511,"ALPINE ROAD","LA CUESTA DRIVE",382.00,W,N,A,-,N,,,,,,,,,,N,2,0,1,1,A,-,03,22350,,N,E,I,A,A,H,-,A,D,0,,Y,,,Y,,L,04,1,0,0,0,0,0,1,0,0,"- ","- ",,,"SAN MATEO",UNINCORPORATED,-122.19271000000001,37.403170000000003
90488813,2017,2018-03-05,9330,2017-04-12,2206,021508,,3,3,5,4116,0,1,3,,2,031,"SR-92 W/B (J. ARTHUR YOUNGER FWY)","SR-82 (EL CAMINO REAL)",0.00,,Y,C,-,Y,,,92,,,,,,W,N,1,1,0,2,A,-,11,21954,A,N,G,C,E,B,H,-,C,D,0,Y,,,,Y,Y,N,60,0,0,0,1,0,0,0,0,0,"- ","- ",37.5501,-122.3125,"SAN MATEO","SAN MATEO",-122.31248942000001,37.550083739999998
90491906,2017,2017-07-03,9330,2017-06-17,1830,021609,,6,2,9,4100,0,1,3,,1,020,"HIGGINS CANYON ROAD","MAIN STREET",1320.00,E,N,A,-,N,,,,,,,,,,N,2,0,1,1,A,-,08,22107,,N,F,A,A,A,B,-,A,D,0,,Y,,,Y,,L,04,1,0,0,0,0,0,1,0,0,"- ","- ",37.45158,-122.42189,"SAN MATEO",UNINCORPORATED,-122.42188096,37.451508760000003
90492573,2017,2017-07-03,9330,2017-06-25,1939,021356,,7,2,9,4100,0,1,3,,1,010,"SR-1 (CABRILLO HIGHWAY)","1 SM 37.120",237.00,N,N,A,-,Y,,,1,,,,,,,Y,2,0,1,2,A,-,08,22107,,N,D,C,A,A,H,-,A,D,0,,,Y,,Y,,A,07,1,0,0,0,0,0,0,0,1,"- ","- ",37.551850000000002,-122.51218,"SAN MATEO",UNINCORPORATED,-122.51213403,37.551857990000002
90497540,2017,2017-07-10,9330,2017-05-22,1840,016993,,1,2,9,4100,0,3,5,,2,004,"CANADA RD",SR-92,5280.00,S,N,A,-,N,,,,,,,,,,Y,1,1,0,1,A,-,03,22350,,N,F,A,A,A,H,-,A,D,0,,,Y,,Y,,C,02,0,0,0,0,0,0,0,1,0,"- ","- ",37.498399999999997,-122.3278,"SAN MATEO",UNINCORPORATED,-122.32825685,37.498772549999998
90499893,2017,2017-07-13,9330,2017-07-09,1140,020580,,7,1,9,4100,0,3,5,,2,203,"ALPINE ROAD","PORTOLA ST. PRK. RD.",6864.00,W,N,A,-,N,,,,,,,,,,Y,2,0,1,1,A,-,03,22350,,N,F,A,A,A,B,-,A,D,0,,,Y,,Y,,C,02,1,0,0,0,0,0,0,0,1,"- ","- ",37.289389999999997,-122.23233999999999,"SAN MATEO",UNINCORPORATED,-122.23217099999999,37.2892899
90512545,2017,2017-09-27,9330,2017-07-28,0245,021636,,5,3,4,4127,0,1,2,,2,058,"US-101 S/B","EMBARCADERO RD",1584.00,N,N,A,-,Y,,,101,,,,,,S,Y,2,0,2,1,A,-,01,23152,A,N,E,I,A,A,H,-,C,D,0,,,,,Y,,A,01,1,1,0,0,0,0,0,0,0,"- ","- ",37.453000000000003,-122.1281,"SAN MATEO","EAST PALO ALTO",-122.12818473,37.452859459999999
90529768,2017,2017-08-24,9330,2017-08-16,2125,015311,,3,2,9,4100,0,1,1,,2,044,"I-280 NORTHBOUND","EDGEWOOD ROAD",2640.00,N,N,A,-,Y,,,280,,,,,,N,Y,2,0,1,1,A,-,01,23152,A,N,E,I,A,A,H,-,C,D,0,,,Y,,Y,Y,C,02,1,0,0,0,0,0,0,0,1,"- ","- ",37.474850000000004,-122.29781,"SAN MATEO",UNINCORPORATED,-122.29802136000001,37.474709519999998
90534099,2017,2017-08-25,9330,2017-08-20,1155,021145,,7,1,9,4100,0,3,5,,2,511,"SAND HILL RD.","PORTOLA RD.",0.00,,Y,A,-,N,,,,,,,,,,N,2,0,1,2,A,-,09,21802,A,N,D,G,A,A,H,-,A,A,0,,Y,,,Y,,A,01,1,0,0,0,0,0,1,0,0,"- ","- ",37.402419999999999,-122.24511,"SAN MATEO",UNINCORPORATED,-122.24505999,37.402379930000002
90561564,2017,2017-10-03,9330,2017-09-27,1700,019478,,3,2,9,4100,0,1,3,,2,052,SR-35,"OLD LA HONDA RD",2640.00,S,N,A,-,Y,,,,,,,,,,Y,2,0,1,1,A,-,08,22107,,N,F,I,A,A,H,-,A,A,0,,,Y,,Y,,C,02,1,0,0,0,0,0,0,0,1,"- ","- ",,,"SAN MATEO",UNINCORPORATED,,
90574731,2017,2017-12-21,9330,2017-10-08,1710,021636,,7,2,9,4100,0,1,3,,2,052,"SR-35 (SKYLINE BLVD)","CRAZY PETES RD.",1050.00,S,N,A,-,Y,,,35,,,,,,,Y,2,0,1,2,A,-,09,21801,A,N,D,C,A,A,H,-,A,D,0,,,Y,,Y,,A,01,1,0,0,0,0,0,0,0,1,"- ","- ",37.329099999999997,-122.2099,"SAN MATEO",UNINCORPORATED,-122.20992259000001,37.329084590000001
90586683,2017,2018-01-12,9330,2017-10-26,0035,021414,,4,3,5,4113,0,1,2,,2,048,"US-101 SOUTHBOUND","MAPLE ST O/C",335.00,N,N,A,-,Y,,,101,,,,,,S,Y,2,0,3,5,A,-,01,23152,A,N,C,C,E,A,H,-,C,D,0,Y,,,Y,Y,Y,A,01,1,2,0,0,1,0,0,0,0,"- ","- ",37.493679999999998,-122.22497,"SAN MATEO","REDWOOD CITY",-122.22491372,37.493830520000003