CASE_ID,ACCIDENT_YEAR,PROC_DATE,JURIS,COLLISION_DATE,COLLISION_TIME,OFFICER_ID,REPORTING_DISTRICT,DAY_OF_WEEK,CHP_SHIFT,POPULATION,CNTY_CITY_LOC,SPECIAL_COND,BEAT_TYPE,CHP_BEAT_TYPE,CITY_DIVISION_LAPD,CHP_BEAT_CLASS,BEAT_NUMBER,PRIMARY_RD,SECONDARY_RD,DISTANCE,DIRECTION,INTERSECTION,WEATHER_1,WEATHER_2,STATE_HWY_IND,CALTRANS_COUNTY,CALTRANS_DISTRICT,STATE_ROUTE,ROUTE_SUFFIX,POSTMILE_PREFIX,POSTMILE,LOCATION_TYPE,RAMP_INTERSECTION,SIDE_OF_HWY,TOW_AWAY,COLLISION_SEVERITY,NUMBER_KILLED,NUMBER_INJURED,PARTY_COUNT,PRIMARY_COLL_FACTOR,PCF_CODE_OF_VIOL,PCF_VIOL_CATEGORY,PCF_VIOLATION,PCF_VIOL_SUBSECTION,HIT_AND_RUN,TYPE_OF_COLLISION,MVIW,PED_ACTION,ROAD_SURFACE,ROAD_COND_1,ROAD_COND_2,LIGHTING,CONTROL_DEVICE,CHP_ROAD_TYPE,PEDESTRIAN_ACCIDENT,BICYCLE_ACCIDENT,MOTORCYCLE_ACCIDENT,TRUCK_ACCIDENT,NOT_PRIVATE_PROPERTY,ALCOHOL_INVOLVED,STWD_VEHTYPE_AT_FAULT,CHP_VEHTYPE_AT_FAULT,COUNT_SEVERE_INJ,COUNT_VISIBLE_INJ,COUNT_COMPLAINT_PAIN,COUNT_PED_KILLED,COUNT_PED_INJURED,COUNT_BICYCLIST_KILLED,COUNT_BICYCLIST_INJURED,COUNT_MC_KILLED,COUNT_MC_INJURED,PRIMARY_RAMP,SECONDARY_RAMP,LATITUDE,LONGITUDE,COUNTY,CITY,POINT_X,POINT_Y
90590506,2017,2017-11-08,9330,2017-10-07,1115,021628,,6,1,9,4100,0,1,3,,1,020,"SR-1 (CABRILLO HIGHWAY)","TUNITAS CREEK ROAD",1000.00,S,N,A,-,Y,,,1,,,,,,,N,2,0,1,2,A,-,08,22107,,N,B,G,A,A,H,-,A,D,0,,Y,,,Y,,E,22,1,0,0,0,0,0,1,0,0,"- ","- ",37.356619999999999,-122.39695,"SAN MATEO",UNINCORPORATED,-122.39701298999999,37.356632920000003
9061933,2020,2020-05-18,4100,2020-01-23,1815,25194,SNC,4,5,4,4115,0,0,0,,0,051,"INDUSTRIAL RD","BRITTAN AV",50.00,S,N,A,-,N,,,,,,,,,,N,2,0,1,2,A,-,03,22350,,N,C,D,A,A,H,-,C,A,0,,,,,Y,,A,01,1,0,0,0,0,0,0,0,0,"- ","- ",,,"SAN MATEO","SAN CARLOS",-122.24829864501953,37.503620147705078
90629272,2017,2017-12-29,9330,2017-12-23,1423,020379,,6,2,5,4113,0,1,2,,2,048,"US-101 S/B","SR-84 (WOODSIDE ROAD)",1070.00,N,N,A,-,Y,,,101,,,,,,S,Y,2,0,4,2,A,-,01,23153,A,N,C,C,A,A,H,-,A,D,0,,,,,Y,Y,A,01,2,1,1,0,0,0,0,0,0,"- ","- ",37.489780000000003,-122.21603,"SAN MATEO","REDWOOD CITY",-122.21596827,37.489929979999999
90633426,2017,2018-01-04,9335,2017-12-21,0625,021736,,4,1,4,4111,0,1,3,,2,041,"SR-1 S/B","DEVIL'S SLIDE TRAIL PARKING LOT",272.00,S,N,A,-,Y,,,,,,,,,,Y,2,0,1,1,A,-,03,22350,,N,E,I,A,A,H,-,C,D,0,,,,,Y,,A,01,1,0,0,0,0,0,0,0,0,"- ","- ",37.569809999999997,-122.5157,"SAN MATEO",PACIFICA,,
9063824,2019,2020-04-22,4127,2019-11-18,0007,2249,,1,5,4,4127,0,0,0,,0,003,"RUNNYMEDE ST","UNIVERSITY AV",0.00,,Y,A,-,N,,,,,,,,,,Y,2,0,1,2,A,-,12,21453,A,F,D,C,A,A,H,-,C,A,0,,,,,Y,Y,A,01,1,0,0,0,0,0,0,0,0,"- ","- ",,,"SAN MATEO","EAST PALO ALTO",-122.1414794921875,37.468521118164062
90639581,2017,2018-01-15,9330,2017-12-21,1953,021356,,4,2,9,4100,0,3,5,,2,203,"PESCADERO CREEK ROAD","ALPINE ROAD",400.00,W,N,B,-,N,,,,,,,,,,Y,2,0,1,1,A,-,01,23152,A,N,E,I,A,A,H,-,D,D,0,,,,,Y,Y,D,22,1,0,0,0,0,0,0,0,0,"- ","- ",37.299669999999999,-122.26510999999999,"SAN MATEO",UNINCORPORATED,-122.26602316,37.29977744
90643690,2018,2018-01-19,9330,2018-01-16,1800,021197,,2,2,9,4100,0,1,3,,1,010,"SR-1 NORTHBOUND","VIRGINIA AVE.",10.00,N,N,B,-,Y,,,1,,,,,,N,Y,2,0,1,2,A,-,09,21802,A,N,D,C,A,A,H,-,C,A,0,,,Y,,Y,Y,A,07,1,0,0,0,0,0,0,0,1,"- ","- ",37.526958465576172,-122.51283264160156,"SAN MATEO",UNINCORPORATED,-122.51285552978516,37.526935577392578
90658444,2017,2018-02-23,9330,2017-10-21,2040,021616,,6,2,9,4100,0,1,3,,1,011,"STATE ROUTE 92 (HALF MOON BAY ROAD)",SR-35,1584.00,E,N,A,-,Y,,,92,,,,,,,Y,1,1,3,4,A,-,01,23152,A,N,A,C,A,A,H,-,B,D,0,,,,,Y,Y,A,01,2,0,1,0,0,0,0,0,0,"- ","- ",37.509590000000003,-122.34453999999999,"SAN MATEO",UNINCORPORATED,-122.34448325,37.509597380000002
90660048,2018,2018-02-13,9330,2018-02-03,1343,021510,,6,1,4,4104,0,1,2,,2,038,"US-101 NB","PENINSULA AVE",1000.00,N,N,A,-,Y,,,101,,,,,,N,Y,2,0,2,1,A,-,08,22107,,N,E,I,A,A,H,-,A,D,0,,,,,Y,,A,01,1,0,1,0,0,0,0,0,0,"- ","- ",37.586750030517578,-122.33113098144531,"SAN MATEO",BURLINGAME,-122.33133697509766,37.586261749267578
90668765,2018,2018-02-26,9335,2018-02-14,1330,021916,,3,1,6,4106,0,3,5,,2,001,"GUADALUPE CANYON PKY","CARTER ST",1742.00,W,N,A,-,Y,,,,,,,,,,Y,2,0,1,1,A,-,08,22107,,N,E,A,A,A,H,-,A,D,0,,,,,Y,,D,22,1,0,0,0,0,0,0,0,0,"- ","- ",37.696060180664062,-122.42592620849609,"SAN MATEO","DALY CITY",-122.42520141601562,37.695987701416016
9067976,2020,2020-05-21,4100,2020-02-21,0758,25288,4100,5,5,3,4110,0,0,0,,0,061,"S ASHTON AV","SEQUOIA AV",0.00,,Y,A,-,N,,,,,,,,,,N,2,0,1,2,A,-,10,21950,A,N,G,B,B,A,H,-,A,A,0,Y,,,,Y,,A,07,1,0,0,0,1,0,0,0,0,"- ","- ",,,"SAN MATEO",MILLBRAE,-122.39585876464844,37.592788696289062
90700874,2018,2018-04-09,9335,2018-03-29,1000,021339,,4,1,9,4100,0,3,5,,2,001,"GUADALUPE CANYON PKY","PRICE STREET",3000.00,E,N,A,-,N,,,,,,,,,,Y,2,0,4,1,A,-,01,23152,F,N,E,J,A,A,H,-,A,D,0,,,,,Y,Y,A,01,1,3,0,0,0,0,0,0,0,"- ","- ",37.701000213623047,-122.44960021972656,"SAN MATEO",UNINCORPORATED,-122.4498291015625,37.700698852539062
90707677,2018,2018-04-18,9330,2018-04-06,1450,020954,,5,2,9,4100,0,1,3,,2,052,"STATE ROUTE 35 (SKYLINE BLVD.)","PAGEMILL ROAD",3696.00,S,N,C,-,Y,,,,,,,,,,Y,2,0,2,1,A,-,08,22107,,N,E,I,A,B,H,-,B,D,0,,,,,Y,,A,01,2,0,0,0,0,0,0,0,0,"- ","- ",,,"SAN MATEO",UNINCORPORATED,,
90725890,2018,2018-05-14,9330,2018-05-06,1055,020900,,7,1,9,4100,0,1,3,,2,052,"SR 35 (SKYLINE BLVD)","RAPLEY RANCH ROAD",266.00,N,N,A,-,Y,,,35,,,,,,,Y,2,0,1,2,A,-,03,22350,,N,C,C,A,A,H,-,A,D,0,,,Y,,Y,,C,02,1,0,0,0,0,0,0,0,1,"- ","- ",37.341499328613281,-122.22097778320312,"SAN MATEO",UNINCORPORATED,-122.22098541259766,37.34149169921875
90728801,2018,2018-05-17,9335,2018-05-07,0935,020658,,1,1,6,4106,0,1,3,,2,041,"SR-1 N/B TO I-280 S/B","SOUTHGATE AVENUE UNDER-CROSSING",216.00,N,N,A,-,Y,,,1,,,,R,,N,Y,2,0,1,1,A,-,08,22107,,N,E,I,A,A,H,-,A,D,0,,,Y,,Y,,C,02,1,0,0,0,0,0,0,0,1,"- ","- ",37.676200866699219,-122.47157287597656,"SAN MATEO","DALY CITY",-122.47157287597656,37.676200866699219
90738888,2018,2018-06-21,9330,2018-05-21,2315,022035,,1,3,3,4107,0,3,5,,2,109,"PRESIDIO AVE","SONORA AVE",390.00,W,N,B,C,N,,,,,,,,,,N,2,0,1,2,A,-,08,22107,,N,G,B,E,B,H,-,D,D,0,Y,,,,Y,,A,01,1,0,0,0,1,0,0,0,0,"- ","- ",37.506828308105469,-122.48307800292969,"SAN MATEO","HALF MOON BAY",-122.48309326171875,37.5076904296875
90739986,2018,2018-06-04,9330,2018-06-03,0140,020770,,7,3,4,4104,0,1,2,,2,038,"US-101 S/B","POPLAR AVE",5850.00,N,N,A,-,Y,,,101,,,,,,S,Y,2,0,2,2,A,-,01,23152,A,N,E,I,A,A,H,-,C,D,0,,,,,Y,Y,A,01,1,1,0,0,0,0,0,0,0,"- ","- ",37.586841583251953,-122.34121704101562,"SAN MATEO",BURLINGAME,-122.34121704101562,37.586818695068359
90740600,2018,2018-06-04,9330,2018-05-27,1700,022053,,7,2,9,4100,0,1,3,,1,011,SR-92,"OLD CANADA ROAD",631.00,W,N,A,-,Y,,,,,,,,,,Y,2,0,1,1,A,-,03,22350,,N,F,A,A,A,H,-,A,D,0,,,Y,,Y,,C,02,1,0,0,0,0,0,0,0,1,"- ","- ",37.301651000976562,-122.21298980712891,"SAN MATEO",UNINCORPORATED,-122.34297943115234,37.507465362548828
90753490,2018,2018-06-22,9330,2018-06-13,1630,022101,,3,2,4,4109,0,3,5,,2,509,"ALAMEDA DE LAS PULGAS S/B","VALPARAISO AVE",120.00,N,N,A,-,N,,,,,,,,,,Y,2,0,1,3,A,-,03,22350,,N,C,C,A,A,H,-,A,D,0,,,,,Y,,A,07,1,0,0,0,0,0,0,0,0,"- ","- ",37.434219360351562,-122.206298828125,"SAN MATEO","MENLO PARK",-122.20619964599609,37.434223175048828
90760589,2018,2018-07-02,9330,2018-06-22,1705,022053,,5,2,4,4115,0,1,2,,2,048,"US-101 N/B","HOLLY STREET OVERCROSSING",1056.00,S,N,A,-,Y,,,,,,,,,,Y,2,0,1,2,A,-,03,22350,,N,B,C,A,A,H,-,A,D,0,,,Y,,Y,,C,02,1,0,0,0,0,0,0,0,1,"- ","- ",37.304489135742188,-122.15144348144531,"SAN MATEO","SAN CARLOS",-122.25364685058594,37.511848449707031
90762405,2018,2018-07-04,9330,2018-06-23,2130,021598,,6,2,9,4100,0,1,3,,1,020,SR-1,"PIGEON POINT ROAD",134.00,N,N,A,-,Y,,,1,,,,,,,Y,2,0,1,1,A,-,08,22107,,N,F,A,A,A,H,-,D,D,0,,,Y,,Y,,C,02,1,0,0,0,0,0,0,0,1,"- ","- ",37.182498931884766,-122.37909698486328,"SAN MATEO",UNINCORPORATED,-122.37911987304688,37.182456970214844
90781276,2018,2018-07-31,9330,2018-03-23,2113,021319,,5,2,9,4100,0,3,5,,2,002,"TUNITAS CREEK ROAD","SR-35 (SKYLINE BOULEVARD)",14784.00,W,N,B,-,N,,,,,,,,,,Y,1,1,1,1,A,-,08,22107,,N,E,I,A,A,H,-,D,D,0,,,,,Y,,A,01,0,1,0,0,0,0,0,0,0,"- ","- ",37.416599273681641,-122.35019683837891,"SAN MATEO",UNINCORPORATED,-122.3504638671875,37.416744232177734
90782953,2018,2018-08-02,9330,2018-05-05,2040,021319,,6,2,9,4100,0,1,3,,1,020,"SR-1 (CABRILLO HWY)","BEAN HOLLOW RD",6864.00,S,N,A,-,Y,,,,,,,,,,Y,1,1,2,2,A,-,01,23152,A,N,A,C,A,A,H,-,D,D,0,,,,,Y,Y,A,01,2,0,0,0,0,0,0,0,0,"- ","- ",37.121509552001953,-122.24049377441406,"SAN MATEO",UNINCORPORATED,,
9078410,2020,2020-10-02,4114,2020-03-14,1100,0035,SNB36,6,5,4,4114,0,0,0,,0,003,"RT 35","SHARP PARK RD",0.00,,Y,B,C,Y,SM,4,35,-,-,36.230,I,5,S,Y,2,0,1,2,D,-,00,,,N,A,C,A,B,H,-,A,A,0,,,,,Y,,-,"- ",1,0,0,0,0,0,0,0,0,"- ","- ",,,"SAN MATEO","SAN BRUNO",,
9078610,2020,2020-09-25,4114,2020-03-25,2153,0038,SNB32,3,5,4,4114,0,0,0,,0,003,"SNEATH LN","SKYLINE BL",0.00,,Y,A,-,Y,SM,4,35,-,-,24.852,I,5,S,Y,2,0,1,2,D,-,00,,,N,D,C,A,A,H,-,C,A,0,,,,,Y,,-,"- ",1,0,0,0,0,0,0,0,0,"- ","- ",,,"SAN MATEO","SAN BRUNO",-122.44730377197266,37.624385833740234
90789240,2018,2018-08-13,9335,2018-08-04,0320,021754,,6,3,2,4103,0,1,2,,2,012,"US-101 N/B","LAGOON RD. PROLONGATION",4000.00,S,N,A,-,Y,,,101,,,,,,N,Y,2,0,1,1,A,-,01,23152,A,M,E,I,A,A,H,-,C,D,0,,,,,Y,Y,A,01,1,0,0,0,0,0,0,0,0,"- ","- ",37.679000854492188,-122.38816070556641,"SAN MATEO",BRISBANE,-122.38832092285156,37.678977966308594
90798349,2018,2018-08-27,9330,2018-08-18,1720,021521,,6,2,9,4100,0,1,3,,2,042,"I-280 SB","EDGEWOOD ROAD",2640.00,S,N,A,-,Y,,,280,,,,,,S,Y,2,0,3,2,A,-,01,23152,A,F,C,C,A,A,H,-,A,D,0,,,,,Y,Y,A,07,1,2,0,0,0,0,0,0,0,"- ","- ",37.4610595703125,-122.29035186767578,"SAN MATEO",UNINCORPORATED,-122.29079437255859,37.460968017578125
9080678,2020,2020-05-26,4116,2020-02-16,1530,28822,26,7,5,5,4116,0,0,0,,0,00A,"BARNESON AV","ASHWOOD DR",0.00,,Y,A,-,N,,,,,,,,,,N,2,0,1,2,A,-,03,22350,,N,C,G,A,A,H,-,A,D,0,,Y,,,Y,,L,04,1,0,0,0,0,0,1,0,0,"- ","- ",37.546730041503906,-122.32753753662109,"SAN MATEO","SAN MATEO",-122.32830047607422,37.545749664306641
90808346,2018,2018-09-10,9330,2018-08-30,1620,021893,,4,2,9,4100,0,3,5,,2,005,"BAY ROAD","TWELFTH AVENUE",30.00,S,N,A,-,N,,,,,,,,,,Y,2,0,1,3,A,-,05,21460,,N,D,C,A,A,H,-,A,D,0,,,Y,,Y,,C,02,1,0,0,0,0,0,0,0,1,"- ","- ",37.479328155517578,-122.19258880615234,"SAN MATEO",UNINCORPORATED,-122.192626953125,37.479347229003906
90830233,2018,2018-10-08,9335,2018-05-22,2058,019999,,2,2,4,4111,0,1,3,,2,040,"SR-1 S/B","DEVILS SLIDE TUNNEL",1584.00,S,N,A,-,Y,,,,,,,,,,Y,1,1,0,1,C,-,18,,,N,E,I,A,A,H,-,D,D,0,,,,,Y,,-,"- ",0,0,0,0,0,0,0,0,0,"- ","- ",37.558391571044922,-122.51458740234375,"SAN MATEO",PACIFICA,,
90854661,2018,2018-11-07,9330,2018-10-30,1936,021350,,2,2,5,4116,0,1,2,,2,038,"US-101 S/B",SR-92,2640.00,N,N,A,-,Y,,,101,,,,,,S,Y,2,0,1,3,A,-,03,22350,,N,C,C,A,A,H,-,C,D,0,,,,,Y,,A,01,1,0,0,0,0,0,0,0,0,"- ","- ",37.561279296875,-122.30384063720703,"SAN MATEO","SAN MATEO",-122.30378723144531,37.561336517333984
90858434,2018,2018-11-13,9330,2018-11-05,0910,021865,,1,1,4,4120,0,3,5,,2,303,"SR-92 E/B","PIER 1",2640.00,E,N,A,-,Y,,,92,,,,,,E,Y,2,0,1,2,A,-,03,22350,,N,C,C,A,A,H,-,A,D,0,,,,Y,Y,,F,27,1,0,0,0,0,0,0,0,0,"- ","- ",37.578651428222656,-122.25691223144531,"SAN MATEO","FOSTER CITY",-122.25688934326172,37.578628540039062
90858928,2018,2018-11-13,9330,2018-11-08,1910,020207,,4,2,4,4104,0,1,2,,2,038,"US-101 S/B",BROADWAY,2640.00,N,N,A,-,Y,,,101,,,,,,S,Y,2,0,1,3,A,-,03,22350,,N,C,C,A,A,H,-,D,D,0,,,,,Y,,A,01,1,0,0,0,0,0,0,0,0,"- ","- ",37.592601776123047,-122.36489868164062,"SAN MATEO",BURLINGAME,-122.36502838134766,37.592399597167969
90859410,2018,2019-04-25,9330,2018-10-27,1638,022072,,6,2,9,4100,0,1,3,,1,021,"SR-84 W/B","HILDEBRAND RD",2640.00,E,N,A,-,Y,,,,,,,,,,N,2,0,1,1,A,-,03,22350,,N,F,A,A,A,H,-,A,D,0,,,Y,,Y,,C,02,1,0,0,0,0,0,0,0,1,"- ","- ",37.332901000976562,-122.27130126953125,"SAN MATEO",UNINCORPORATED,,
90862403,2018,2018-11-19,9330,2018-10-31,2038,021350,,3,2,9,4100,0,1,2,,2,048,"US-101 S/B","HOLLY ST",180.00,N,N,A,-,Y,,,,,,,,,,Y,2,0,1,2,A,-,01,23152,A,N,C,C,A,A,H,-,C,D,0,,,,,Y,Y,A,01,1,0,0,0,0,0,0,0,0,"- ","- ",37.514308929443359,-122.25688171386719,"SAN MATEO",UNINCORPORATED,-122.25662994384766,37.514228820800781
90869830,2018,2018-11-29,9330,2018-10-17,1630,021521,,3,2,4,4115,0,1,2,,2,048,"US-101 NB","RALSTON AVE",2640.00,S,N,A,-,Y,,,101,,,,,,N,Y,2,0,1,2,A,-,03,22350,,N,C,C,A,A,H,-,A,D,0,,,Y,,Y,,C,02,1,0,0,0,0,0,0,0,1,"- ","- ",37.520500183105469,-122.26349639892578,"SAN MATEO","SAN CARLOS",-122.26345825195312,37.520545959472656
90875544,2018,2018-12-05,9330,2018-11-23,1440,021953,,5,2,4,4104,0,1,2,,2,038,"US-101 N/B FROM PENINSULA AVENUE","PENINSULA AVE",55.00,W,N,C,-,Y,,,,,,,,,,Y,2,0,1,1,A,-,03,22350,,N,E,I,A,B,H,-,A,A,0,,,,,Y,,A,01,1,0,0,0,0,0,0,0,0,"- ","- ",37.586151123046875,-122.32998657226562,"SAN MATEO",BURLINGAME,-122.32866668701172,37.584495544433594
90880739,2018,2018-12-11,9335,2018-11-29,0826,021649,,4,1,6,4106,0,1,3,,2,041,"SR-1 N/B","SOUTHGATE AVE",35.00,N,N,B,-,Y,,,1,,,,,,N,Y,2,0,2,1,A,-,08,22107,,N,E,I,A,B,H,-,A,D,0,,,,,Y,,A,07,1,1,0,0,0,0,0,0,0,"- ","- ",37.675899505615234,-122.47267913818359,"SAN MATEO","DALY CITY",-122.47261810302734,37.675861358642578
90897506,2018,2019-01-04,9330,2018-12-24,1610,022101,,1,2,9,4100,0,1,1,,2,034,"I-280 N/B","TROUSDALE DRIVE",1056.00,S,N,B,C,Y,,,280,,,,,,N,Y,2,0,3,1,A,-,08,22107,,N,E,I,A,B,H,-,A,D,0,,,,,Y,,A,01,1,2,0,0,0,0,0,0,0,"- ","- ",37.567329406738281,-122.39180755615234,"SAN MATEO",UNINCORPORATED,-122.39199829101562,37.566890716552734
9090536,2020,2020-06-17,4106,2020-03-17,1106,1158,,2,5,6,4106,0,0,0,,0,002,"CHESTER ST","LISBON ST",0.00,,Y,A,-,N,,,,,,,,,,Y,2,0,2,3,A,-,03,22350,,N,D,C,A,A,H,-,A,A,0,,,Y,,Y,,C,02,1,0,1,0,0,0,0,0,1,"- ","- ",,,"SAN MATEO","DALY CITY",-122.45820617675781,37.687950134277344
90910041,2019,2019-01-23,9330,2019-01-12,0540,021987,,6,3,5,4113,0,1,2,,2,058,"US-101 S/B","MARSH RD.",4752.00,N,N,B,-,Y,,,101,,,,,,S,Y,2,0,1,2,A,-,01,23152,A,N,F,C,A,A,H,-,D,D,0,,,,,Y,Y,A,01,1,0,0,0,0,0,0,0,0,"- ","- ",37.486320495605469,-122.19751739501953,"SAN MATEO","REDWOOD CITY",-122.19750213623047,37.486431121826172
9092413,2020,2020-07-29,4117,2020-04-14,1853,16AP10,20AH,2,5,5,4117,0,0,0,,0,003,"HICKEY BL","JUNIPERO SERRA BL",0.00,,Y,A,-,N,,,,,,,,,,N,2,0,2,3,A,-,17,21200,,N,H,G,A,A,H,-,A,A,0,,Y,,,Y,Y,L,04,1,1,0,0,0,0,1,0,0,"- ","- ",37.665729522705078,-122.45925903320312,"SAN MATEO","SOUTH SAN FRANCISCO",-122.45942687988281,37.665691375732422
90929531,2019,2019-02-20,9330,2019-02-08,1321,021414,,5,1,5,4113,0,2,4,,1,051,"MIDDLEFIELD ROAD","MAC ARTHER AVENUE",0.00,,Y,C,-,N,,,,,,,,,,Y,2,0,2,3,A,-,09,21802,A,N,D,C,A,B,H,-,A,D,0,,,,,Y,,A,01,1,0,1,0,0,0,0,0,0,"- ","- ",37.477241516113281,-122.21218109130859,"SAN MATEO","REDWOOD CITY",-122.21218872070312,37.477199554443359
90933444,2019,2019-02-25,9330,2019-02-20,1420,020900,,3,2,9,4100,0,3,5,,2,105,"CARLOS ST","ETHELDORE ST",400.00,S,N,A,-,N,,,,,,,,,,Y,2,0,1,3,C,-,18,,,N,D,C,A,A,H,-,A,D,0,,,,,Y,,-,"- ",1,0,0,0,0,0,0,0,0,"- ","- ",37.527961730957031,-122.51364135742188,"SAN MATEO",UNINCORPORATED,-122.51402282714844,37.528423309326172
90955107,2019,2019-03-28,9330,2019-03-17,1949,022072,,7,2,9,4100,0,1,3,,1,010,"SR-1 (CABRILLO HIGHWAY)","MEDIO AVE",67.00,N,N,B,-,Y,,,,,,,,,,Y,2,0,4,2,A,-,01,23152,A,N,A,C,A,A,H,-,C,D,0,,,,,Y,Y,A,01,1,2,1,0,0,0,0,0,0,"- ","- ",37.294570922851562,-122.27278900146484,"SAN MATEO",UNINCORPORATED,-122.4578857421875,37.496078491210938
90955844,2019,2019-03-28,9330,2019-02-03,2500,021510,,7,4,9,4100,0,3,5,,2,203,"ALPINE ROAD","HERITAGE ROAD",148.00,E,N,C,-,N,,,,,,,,,,Y,1,1,0,1,A,-,01,23152,A,N,F,A,A,B,H,-,A,D,0,,,,,Y,Y,D,22,0,0,0,0,0,0,0,0,0,"- ","- ",37.297100067138672,-122.2490234375,"SAN MATEO",UNINCORPORATED,-122.24971008300781,37.297340393066406
90960386,2019,2019-04-03,9330,2019-03-29,1604,022072,,5,2,5,4113,0,1,2,,2,048,"US-101 N/B FROM SR-84 E/B",SR-84,200.00,S,N,A,-,Y,,,101,,,,R,,N,N,2,0,1,1,A,-,03,22350,,N,F,A,A,A,H,-,A,D,0,,,Y,,Y,,C,02,1,0,0,0,0,0,0,0,1,"- ","- ",37.489601135253906,-122.21150207519531,"SAN MATEO","REDWOOD CITY",-122.21150207519531,37.489601135253906
90975124,2019,2019-04-25,9330,2019-03-13,1537,015268,,3,2,9,4100,0,3,5,,2,003,"GOLF COURSE DRIVE","I-280 NORTHBOUND TO GOLF COURSE DRIVE",0.00,,Y,A,-,Y,,,,,,,,,,Y,1,1,2,2,A,-,09,21802,A,N,D,C,A,A,H,-,A,A,0,,,,,Y,,A,01,0,2,0,0,0,0,0,0,0,"- ","- ",37.547641754150391,-122.37183380126953,"SAN MATEO",UNINCORPORATED,,
90978474,2019,2019-04-30,9330,2019-04-20,1745,022185,,6,2,4,4109,0,1,2,,2,058,"US-101 SOUTHBOUND","MARSH RD",2640.00,N,N,A,-,Y,,,101,,,,,,S,Y,2,0,2,1,A,-,08,22107,,N,E,I,A,A,H,-,A,D,0,,,,,Y,,A,01,1,1,0,0,0,0,0,0,0,"- ","- ",37.485450744628906,-122.19004821777344,"SAN MATEO","MENLO PARK",-122.19004058837891,37.485507965087891
90994686,2019,2019-05-23,9330,2019-05-16,0635,021510,,4,1,9,4100,0,1,1,,2,054,"I-280 NB","SAND HILL RD",1400.00,N,N,C,-,Y,,,280,,,,,,N,Y,2,0,1,1,A,-,03,22350,,N,E,I,A,B,H,-,A,D,0,,,,,Y,,A,01,1,0,0,0,0,0,0,0,0,"- ","- ",37.420951843261719,-122.22406768798828,"SAN MATEO",UNINCORPORATED,-122.22402191162109,37.421012878417969
90997305,2019,2019-05-28,9330,2019-05-05,1150,021350,,7,1,9,4100,0,1,3,,2,042,"SR-35 (SKYLINE BOULEVARD)","MUDDY ROAD",2376.00,N,N,A,-,Y,,,35,,,,,,,N,1,1,0,1,A,-,03,22350,,N,E,I,A,A,H,-,A,D,0,,,Y,,Y,,C,02,0,0,0,0,0,0,0,1,0,"- ","- ",37.485210418701172,-122.35999298095703,"SAN MATEO",UNINCORPORATED,-122.36002349853516,37.485141754150391
90999107,2019,2019-05-30,9330,2019-04-28,1140,021942,,7,1,9,4100,0,1,3,,1,021,SR-84,SR-35,3696.00,W,N,A,-,Y,,,84,,,,,,,Y,1,1,0,1,A,-,03,22350,,N,E,I,A,A,H,-,A,D,0,,,Y,,Y,,C,02,0,0,0,0,0,0,0,1,0,"- ","- ",37.374771118164062,-122.26524353027344,"SAN MATEO",UNINCORPORATED,-122.26521301269531,37.374809265136719
9099926,2020,2020-08-04,4111,2020-04-13,1808,P5151,P09,1,5,4,4111,0,0,0,,0,0P2,"SHARP PARK RD","LUNDY WY",527.00,E,N,A,-,N,,,,,,,,,,Y,2,0,1,1,A,-,03,22350,A,N,E,I,A,A,H,-,A,D,0,,,Y,,Y,,C,02,1,0,0,0,0,0,0,0,1,"- ","- ",,,"SAN MATEO",PACIFICA,-122.48562622070312,37.62640380859375
91002838,2019,2019-10-14,9330,2019-03-29,0700,021145,,5,1,9,4100,0,1,3,,1,010,SR-1,"CORAL REEF AVE.",420.00,S,N,A,-,Y,,,1,,,,,,,Y,2,0,4,3,A,-,01,23152,A,N,A,C,A,A,H,-,A,D,0,,,,,Y,Y,A,01,4,0,0,0,0,0,0,0,0,"- ","- ",37.507259368896484,-122.48458099365234,"SAN MATEO",UNINCORPORATED,-122.48458099365234,37.507259368896484
91006687,2019,2019-06-10,9330,2019-06-06,0810,021510,,4,1,9,4100,0,3,5,,2,004,"CANADA ROAD",SR-92,4700.00,S,N,A,-,N,,,,,,,,,,Y,2,0,1,1,A,-,01,23152,A,N,E,I,A,A,H,-,A,D,0,,,,,Y,Y,A,01,1,0,0,0,0,0,0,0,0,"- ","- ",37.499980926513672,-122.33133697509766,"SAN MATEO",UNINCORPORATED,-122.32981872558594,37.499736785888672
91014315,2019,2019-06-25,9330,2019-06-12,1720,022178,,3,2,9,4100,0,1,3,,1,020,"SR-1 (CABRILLO HIGHWAY)","PIGEON POINT ROAD",0.00,,Y,B,-,Y,,,1,,,,,,,Y,2,0,3,2,A,-,12,22450,A,N,D,C,A,A,H,-,A,A,0,,,,,Y,,A,01,1,2,0,0,0,0,0,0,0,"- ","- ",37.184619903564453,-122.39042663574219,"SAN MATEO",UNINCORPORATED,-122.39044189453125,37.184589385986328