CASE_ID,ACCIDENT_YEAR,PROC_DATE,JURIS,COLLISION_DATE,COLLISION_TIME,OFFICER_ID,REPORTING_DISTRICT,DAY_OF_WEEK,CHP_SHIFT,POPULATION,CNTY_CITY_LOC,SPECIAL_COND,BEAT_TYPE,CHP_BEAT_TYPE,CITY_DIVISION_LAPD,CHP_BEAT_CLASS,BEAT_NUMBER,PRIMARY_RD,SECONDARY_RD,DISTANCE,DIRECTION,INTERSECTION,WEATHER_1,WEATHER_2,STATE_HWY_IND,CALTRANS_COUNTY,CALTRANS_DISTRICT,STATE_ROUTE,ROUTE_SUFFIX,POSTMILE_PREFIX,POSTMILE,LOCATION_TYPE,RAMP_INTERSECTION,SIDE_OF_HWY,TOW_AWAY,COLLISION_SEVERITY,NUMBER_KILLED,NUMBER_INJURED,PARTY_COUNT,PRIMARY_COLL_FACTOR,PCF_CODE_OF_VIOL,PCF_VIOL_CATEGORY,PCF_VIOLATION,PCF_VIOL_SUBSECTION,HIT_AND_RUN,TYPE_OF_COLLISION,MVIW,PED_ACTION,ROAD_SURFACE,ROAD_COND_1,ROAD_COND_2,LIGHTING,CONTROL_DEVICE,CHP_ROAD_TYPE,PEDESTRIAN_ACCIDENT,BICYCLE_ACCIDENT,MOTORCYCLE_ACCIDENT,TRUCK_ACCIDENT,NOT_PRIVATE_PROPERTY,ALCOHOL_INVOLVED,STWD_VEHTYPE_AT_FAULT,CHP_VEHTYPE_AT_FAULT,COUNT_SEVERE_INJ,COUNT_VISIBLE_INJ,COUNT_COMPLAINT_PAIN,COUNT_PED_KILLED,COUNT_PED_INJURED,COUNT_BICYCLIST_KILLED,COUNT_BICYCLIST_INJURED,COUNT_MC_KILLED,COUNT_MC_INJURED,PRIMARY_RAMP,SECONDARY_RAMP,LATITUDE,LONGITUDE,COUNTY,CITY,POINT_X,POINT_Y
91017306,2019,2019-06-25,9330,2019-06-13,1555,019764,,4,2,9,4100,0,1,1,,2,034,"I-280 S/B","LARKSPUR DR.",500.00,S,N,A,-,Y,,,280,,,,,,S,Y,2,0,2,4,A,-,03,22350,,F,C,C,A,A,H,-,A,D,0,,,,,Y,,-,99,1,0,1,0,0,0,0,0,0,"- ","- ",37.594921112060547,-122.41828918457031,"SAN MATEO",UNINCORPORATED,-122.41830444335938,37.594905853271484
91027408,2019,2019-10-18,9330,2019-04-20,0325,021661,,6,3,4,4109,0,1,2,,2,058,"US-101 N/B","UNIVERSITY AVE",2376.00,N,N,B,-,Y,,,,,,,,,,Y,1,1,0,2,A,-,01,23152,A,N,C,C,A,A,H,-,D,D,0,,,Y,,Y,Y,C,02,0,0,0,0,0,0,0,1,0,"- ","- ",37.464168548583984,-122.14700317382812,"SAN MATEO","MENLO PARK",-122.14759826660156,37.464500427246094
91034461,2019,2019-07-22,9330,2019-07-15,2159,019691,,1,2,9,4100,0,3,5,,2,005,"SR-82 N/B","E. SELBY LN.",50.00,N,N,A,-,Y,,,82,,,,,,N,Y,2,0,1,3,A,-,01,23152,A,N,C,E,A,A,H,-,C,D,0,,,,,Y,Y,A,01,1,0,0,0,0,0,0,0,0,"- ","- ",37.468849182128906,-122.21106719970703,"SAN MATEO",UNINCORPORATED,-122.21115875244141,37.468727111816406
91041223,2019,2019-07-30,9330,2019-07-22,1405,021857,,1,2,9,4100,0,3,5,,2,403,"WINDING WAY","TORINO DRIVE",190.00,W,N,A,-,N,,,,,,,,,,Y,2,0,1,1,A,-,13,22515,A,N,E,I,A,A,H,-,A,D,0,,,,,Y,,A,08,1,0,0,0,0,0,0,0,0,"- ","- ",37.494960784912109,-122.27816009521484,"SAN MATEO",UNINCORPORATED,-122.278076171875,37.494937896728516
91049415,2019,2019-08-12,9330,2019-08-05,1420,015268,,1,2,9,4100,0,1,3,,1,011,"SR-92 EASTBOUND","CANADA RD.",50.00,W,N,A,-,Y,,,92,,,,,,E,Y,2,0,1,1,A,-,03,22350,,N,F,A,A,A,H,-,A,A,0,,,Y,,Y,,C,02,1,0,0,0,0,0,0,0,1,"- ","- ",37.506919860839844,-122.341796875,"SAN MATEO",UNINCORPORATED,-122.34175872802734,37.507106781005859
91050402,2019,2019-12-05,9335,2019-08-06,0308,021997,,2,3,9,4100,0,1,2,,2,011,"US-101 N/B","SAN BRUNO AVE O/C",475.00,S,N,A,-,Y,,,101,,,,,,N,Y,1,1,0,2,A,-,03,22350,,N,C,C,A,A,H,-,D,D,0,,,,,Y,,A,01,0,0,0,0,0,0,0,0,0,"- ","- ",37.629100799560547,-122.40241241455078,"SAN MATEO",UNINCORPORATED,-122.40232086181641,37.629112243652344
91109967,2019,2019-10-30,9330,2019-10-20,1000,022140,,7,1,9,4100,0,1,3,,1,010,SR-1,"ETHELDORE ST",0.00,,Y,A,-,Y,,,1,,,,,,,Y,2,0,1,2,A,-,09,21802,A,N,D,C,A,A,H,-,A,A,0,,,Y,,Y,,C,02,1,0,0,0,0,0,0,0,1,"- ","- ",37.520988464355469,-122.50637817382812,"SAN MATEO",UNINCORPORATED,-122.50640106201172,37.520961761474609
91111893,2019,2019-11-04,9330,2019-10-26,0035,022207,,6,3,5,4116,0,1,2,,2,048,"US-101 S/B TO RALSTON AVENUE","RALSTON AVENUE",360.00,S,N,A,-,Y,,,,,,,,,,Y,2,0,1,1,A,-,01,23152,A,N,E,I,A,A,H,-,D,D,0,,,,,Y,Y,A,01,1,0,0,0,0,0,0,0,0,"- ","- ",37.526279449462891,-122.27200317382812,"SAN MATEO","SAN MATEO",-122.27015686035156,37.526199340820312
91117095,2019,2019-12-20,9330,2019-11-02,0345,021843,,6,3,4,4104,0,1,2,,2,038,"US-101 SOUTHBOUND TO MILLBRAE AVENUE","MILLBRAE AVENUE",164.00,N,N,A,-,Y,,,,,,,,,,Y,2,0,1,1,A,-,08,22107,,N,F,I,A,A,H,-,C,D,0,,,,,Y,,A,01,1,0,0,0,0,0,0,0,0,"- ","- ",37.602581024169922,-122.38153839111328,"SAN MATEO",BURLINGAME,-122.38092041015625,37.602775573730469
91152393,2019,2019-12-26,9330,2019-12-15,1300,022355,,7,1,9,4100,0,1,3,,1,020,SR-1,"POMPONIO STATE BEACH",350.00,N,N,A,-,Y,,,1,,,,,,,Y,2,0,1,2,A,-,03,22350,,N,F,A,A,A,H,-,A,D,0,,,Y,,Y,,C,02,1,0,0,0,0,0,0,0,1,"- ","- ",37.300441741943359,-122.40467834472656,"SAN MATEO",UNINCORPORATED,-122.40467834472656,37.300441741943359
9115427,2019,2020-06-29,4127,2019-10-08,1843,2247,4127,2,5,4,4127,0,0,0,,0,004,"SCOFFIELD AV","CAPITOL AV",86.00,N,N,A,-,N,,,,,,,,,,Y,2,0,4,1,A,-,03,22350,,M,E,I,A,A,H,-,B,A,0,,,,,Y,,A,01,4,0,0,0,0,0,0,0,0,"- ","- ",,,"SAN MATEO","EAST PALO ALTO",-122.14063262939453,37.457698822021484
9115441,2019,2020-06-30,4106,2019-06-08,0208,2131,1,6,5,6,4106,0,0,0,,0,001,"GENEVA AV","RIO VERDE",0.00,,Y,A,-,N,,,,,,,,,,Y,2,0,1,1,A,-,08,22107,,N,E,I,A,A,H,-,C,A,0,,,,,Y,,A,01,1,0,0,0,0,0,0,0,0,"- ","- ",,,"SAN MATEO","DALY CITY",-122.41578674316406,37.707099914550781
91189471,2020,2020-02-19,9330,2020-02-08,1140,022279,,6,1,9,4100,0,1,3,,1,021,SR-84,"KEBET RIDGE ROAD",29.00,W,N,A,-,Y,,,,,,,,,,Y,2,0,1,1,A,-,03,22350,,N,E,I,A,A,H,-,A,D,0,,,Y,,Y,,C,02,1,0,0,0,0,0,0,0,1,"- ","- ",37.3927001953125,-122.26510620117188,"SAN MATEO",UNINCORPORATED,,
91192951,2020,2020-04-03,9330,2020-01-21,1350,015268,,2,1,9,4100,0,1,1,,2,034,"I-280 SOUTHBOUND","HILLCREST BOULEVARD",1056.00,S,N,B,C,Y,,,280,,,,,,S,Y,1,1,0,1,A,-,08,22107,,N,E,I,A,B,H,-,A,D,0,,,,,Y,,D,22,0,0,0,0,0,0,0,0,0,"- ","- ",37.586128234863281,-122.40944671630859,"SAN MATEO",UNINCORPORATED,-122.409423828125,37.586166381835938
91219390,2020,2020-04-01,9335,2020-03-27,1435,022331,,5,2,6,4106,0,1,3,,2,041,"SR-1 S/B","SR-35 O/C",370.00,N,N,B,-,Y,,,1,,,,,,S,Y,2,0,3,2,A,-,03,22350,,N,C,C,A,A,H,-,A,D,0,,,Y,,Y,,C,02,1,0,2,0,0,0,0,0,1,"- ","- ",37.669570922851562,-122.4842529296875,"SAN MATEO","DALY CITY",-122.48426055908203,37.669582366943359
91223888,2020,2020-04-10,9335,2020-04-06,1835,022517,,1,2,9,4100,0,1,3,,2,040,"SR-1 N/B","1ST STREET",4065.00,N,N,B,-,Y,,,1,,,,,,N,Y,2,0,1,1,A,-,03,22350,,N,E,I,A,B,H,-,A,D,0,,,,,Y,,A,01,1,0,0,0,0,0,0,0,0,"- ","- ",37.557411193847656,-122.51377105712891,"SAN MATEO",UNINCORPORATED,-122.51380157470703,37.557357788085938
91226906,2020,2020-04-17,9335,2020-04-09,1915,022525,,4,2,2,4103,0,1,2,,2,012,"US 101 S/B","ALANA WAY",0.00,,N,A,-,Y,,,,,,,,,,Y,2,0,1,2,A,-,01,23152,G,N,C,C,A,A,H,-,A,D,0,,,Y,,Y,Y,A,01,1,0,0,0,0,0,0,0,1,"- ","- ",37.707401275634766,-122.3948974609375,"SAN MATEO",BRISBANE,,
91230942,2020,2020-05-07,9330,2020-01-19,0148,021830,,7,3,5,4116,0,1,2,,2,038,"US-101 S/B (BAYSHORE FREEWAY)","3RD AVENUE",2112.00,S,N,B,-,Y,,,101,,,,,,S,Y,1,1,1,3,A,-,01,23152,A,N,G,B,E,A,H,-,D,D,0,Y,,,,Y,Y,A,01,1,0,0,1,0,0,0,0,0,"- ","- ",37.564239501953125,-122.30687713623047,"SAN MATEO","SAN MATEO",-122.30691528320312,37.564197540283203
9123162,2020,2020-08-31,4106,2020-06-17,0113,2138,7,3,5,6,4106,0,0,0,,0,002,"E MARTKET S","2ND AV",82.00,W,N,A,-,N,,,,,,,,,,N,2,0,1,2,A,-,11,21954,A,N,G,B,E,A,H,-,C,D,0,Y,,,,Y,,N,60,1,0,0,0,1,0,0,0,0,"- ","- ",,,"SAN MATEO","DALY CITY",-122.46344757080078,37.689720153808594
9124152,2020,2020-10-17,4113,2020-07-07,1622,426,1,2,5,5,4113,0,0,0,,0,001,"REDWOOD SHORES PKWY","ELECTRONIC ARTS DR",386.00,E,N,A,-,N,,,,,,,,,,Y,2,0,2,2,A,-,00,23153,E,N,A,C,A,A,H,-,A,A,0,,,,,Y,,D,22,2,0,0,0,0,0,0,0,0,"- ","- ",37.5230712890625,-122.25171661376953,"SAN MATEO","REDWOOD CITY",-122.25249481201172,37.520515441894531
91250824,2020,2020-06-11,9335,2020-06-02,2030,022196,,2,2,2,4103,0,1,2,,2,012,"US-101 NB","SIERRA POINT PKY",750.00,N,N,A,-,Y,,,101,,,,,,N,Y,2,0,2,1,A,-,08,22107,,N,E,I,A,A,H,-,A,D,0,,,,,Y,,A,01,1,1,0,0,0,0,0,0,0,"- ","- ",37.676521301269531,-122.38839721679688,"SAN MATEO",BRISBANE,-122.38851928710938,37.676551818847656
91253598,2020,2020-06-18,9335,2020-04-19,1315,022266,,7,1,5,4117,0,1,2,,2,012,"US-101 S/B","TERMINAL CT",2305.00,S,N,A,-,Y,,,101,,,,,,S,Y,1,1,0,1,A,-,08,22107,,N,E,I,A,A,H,-,A,D,0,,,,,Y,,A,01,0,0,0,0,0,0,0,0,0,"- ","- ",37.639850616455078,-122.40603637695312,"SAN MATEO","SOUTH SAN FRANCISCO",-122.40572357177734,37.639968872070312
91254839,2020,2020-06-22,9330,2020-06-12,2208,022355,,5,3,9,4100,0,1,1,,2,044,"I-280 SB",SR-92,3000.00,S,N,A,-,Y,,,280,,,,,,S,Y,2,0,1,1,A,-,08,22107,,N,E,I,A,A,H,-,D,D,0,,,,,Y,,A,01,1,0,0,0,0,0,0,0,0,"- ","- ",37.505130767822266,-122.33567810058594,"SAN MATEO",UNINCORPORATED,-122.33572387695312,37.505062103271484
91255767,2020,2020-06-23,9330,2020-04-17,1125,022385,,5,1,9,4100,0,3,5,,2,505,"BAY ROAD","BARRON AVENUE",0.00,,Y,A,-,N,,,,,,,,,,Y,2,0,3,2,A,-,09,21802,A,N,D,C,A,A,H,-,A,A,0,,,,,Y,,A,01,1,0,2,0,0,0,0,0,0,"- ","- ",37.483169555664062,-122.20313262939453,"SAN MATEO",UNINCORPORATED,-122.20316314697266,37.483169555664062
91271784,2020,2020-07-21,9330,2020-01-25,1340,022294,,6,1,9,4100,0,1,3,,1,021,"STATE ROUTE 84 (LA HONDA ROAD)","KEBET RIDGE ROAD",70.00,E,N,A,-,Y,,,84,,,,,,,Y,1,1,1,3,A,-,03,22350,,N,F,A,A,B,H,-,A,D,0,,,Y,,Y,,C,02,0,1,0,0,0,0,0,1,1,"- ","- ",37.383098602294922,-122.26509857177734,"SAN MATEO",UNINCORPORATED,-122.26509857177734,37.383098602294922
9128081,2020,2020-11-25,4116,2020-07-09,2302,27730,14,4,5,5,4116,0,0,0,,0,00A,"N EL CAMINO REAL","PENINSULA AV",163.00,S,N,A,-,Y,SM,4,82,-,-,12.920,H,-,N,Y,2,0,1,1,A,-,01,23152,,N,E,I,A,A,H,-,C,D,0,,,,,Y,,A,01,1,0,0,0,0,0,0,0,0,"- ","- ",37.574501037597656,-122.34298706054688,"SAN MATEO","SAN MATEO",-122.34231567382812,37.574344635009766
91289058,2020,2020-08-21,9330,2020-07-03,1915,022306,,5,2,9,4100,0,1,3,,2,052,SR-35,"RAPLEY RANCH ROAD",1056.00,S,N,A,-,Y,,,35,,,,,,,Y,1,1,1,1,A,-,01,23152,A,N,E,J,A,A,H,-,A,D,0,,,,,Y,Y,A,01,1,0,0,0,0,0,0,0,0,"- ","- ",37.339061737060547,-122.21697998046875,"SAN MATEO",UNINCORPORATED,-122.21701812744141,37.339054107666016
91301131,2020,2020-09-09,9335,2020-09-03,0455,021301,,4,3,6,4106,0,1,1,,2,021,"I-280 S/B","JOHN DALY O/C",1742.00,S,N,A,-,Y,,,280,,,,,,S,Y,2,0,2,3,A,-,03,22350,,N,C,C,E,A,H,-,C,D,0,Y,,,,Y,,A,07,1,1,0,0,1,0,0,0,0,"- ","- ",37.699901580810547,-122.4718017578125,"SAN MATEO","DALY CITY",-122.47177124023438,37.699905395507812
91306962,2020,2020-09-18,9330,2020-09-08,1030,022020,,2,1,9,4100,0,1,1,,2,044,"I-280 S/B","EDGEWOOD ROAD U/C",1145.00,N,N,A,-,Y,,,280,,,,,,S,Y,2,0,1,2,A,-,07,21658,A,N,E,I,A,A,H,-,A,D,0,,,,,Y,,A,07,1,0,0,0,0,0,0,0,0,"- ","- ",37.470878601074219,-122.29470062255859,"SAN MATEO",UNINCORPORATED,-122.29469299316406,37.470890045166016
91319028,2020,2021-02-04,9335,2020-01-16,0311,021301,,4,3,4,4111,0,1,3,,2,041,"SR-1 S/B","MANOR DR",2640.00,N,N,B,-,Y,,,1,,,,,,S,Y,1,1,2,2,A,-,01,23152,G,N,A,C,A,A,H,-,D,D,0,,,,,Y,,A,01,1,1,0,0,0,0,0,0,0,"- ","- ",37.656600952148438,-122.49120330810547,"SAN MATEO",PACIFICA,-122.49130249023438,37.656635284423828
91327820,2020,2020-10-21,9330,2020-10-14,0700,021843,,3,1,9,4100,0,3,5,,2,203,"PORTOLA HEIGHTS ROAD","SR-35 (SKYLINE BOULEVARD)",1584.00,W,N,A,-,N,,,,,,,,,,Y,2,0,1,1,A,-,08,22107,,N,E,I,A,A,H,-,B,D,0,,,,,Y,,D,22,1,0,0,0,0,0,0,0,0,"- ","- ",37.290279388427734,-122.16132354736328,"SAN MATEO",UNINCORPORATED,,
91358499,2020,2021-01-20,9330,2020-09-20,0953,022207,,7,1,4,4120,0,1,3,,1,035,"SR-92 W/B (SAN MATEO BRIDGE)","PIER 1",5280.00,E,N,A,-,Y,,,,,,,,,,Y,1,1,2,3,A,-,03,22350,,N,C,C,A,A,H,-,A,D,0,,,Y,,Y,,C,02,2,0,0,0,0,0,0,1,2,"- ","- ",37.585250854492188,-122.24269866943359,"SAN MATEO","FOSTER CITY",,
91367472,2020,2020-12-15,9330,2020-12-05,0824,022211,,6,1,9,4100,0,3,5,,2,203,"PESCADERO CREEK ROAD","DEARBORN PARK ROAD",1056.00,W,N,B,-,N,,,,,,,,,,Y,2,0,2,2,A,-,03,22350,,N,E,I,A,B,H,-,A,D,0,,,,,Y,,A,01,1,0,1,0,0,0,0,0,0,"- ","- ",37.261028289794922,-122.32907867431641,"SAN MATEO",UNINCORPORATED,-122.32921600341797,37.261016845703125
91379040,2020,2021-01-01,9335,2020-12-22,1805,022596,,2,2,6,4106,0,1,3,,2,035,"SR-35 N/B","HICKEY BLVD",1448.00,N,N,A,-,Y,,,35,,,,,,N,Y,2,0,4,2,A,-,01,23152,G,N,A,C,A,A,H,-,D,D,0,,,,,Y,Y,A,01,2,1,1,0,0,0,0,0,0,"- ","- ",37.6639404296875,-122.47884368896484,"SAN MATEO","DALY CITY",-122.47888946533203,37.663890838623047
91398338,2021,2021-02-08,9330,2021-01-20,0549,022279,,3,3,5,4113,0,1,2,,2,048,"US-101 N/B","WHIPPLE AVE",2640.00,N,N,A,-,Y,,,101,,,,,,N,Y,2,0,3,2,A,-,01,23152,A,N,C,C,A,A,H,-,D,D,0,,,,,Y,Y,A,01,1,1,1,0,0,0,0,0,0,"- ","- ",37.500701904296875,-122.24086761474609,"SAN MATEO","REDWOOD CITY",-122.24091339111328,37.500648498535156
9140982,2020,2020-10-08,4113,2020-08-12,1409,384,6,3,5,5,4113,0,0,0,,0,006,"ADAMS ST","ROOSEVELT AV",0.00,,Y,A,-,N,,,,,,,,,,Y,2,0,3,2,A,-,09,21802,A,N,H,C,A,A,H,-,A,A,0,,,,,Y,,A,01,1,2,0,0,0,0,0,0,0,"- ","- ",37.478160858154297,-122.22676086425781,"SAN MATEO","REDWOOD CITY",-122.22676086425781,37.478141784667969
91412066,2021,2021-02-22,9335,2021-02-11,1635,022517,,4,2,6,4106,0,1,1,,2,021,"I-280 N/B","JUNIPERO SERRA BLVD OVER CROSSING",700.00,N,N,B,C,Y,,,280,,,,,,N,Y,2,0,1,3,A,-,08,22107,,N,B,C,A,B,H,-,A,D,0,,,,,Y,,A,07,1,0,0,0,0,0,0,0,0,"- ","- ",37.697608947753906,-122.47135162353516,"SAN MATEO","DALY CITY",-122.47124481201172,37.6976318359375
91425101,2021,2021-03-11,9335,2021-03-05,0918,019581,,5,1,5,4117,0,1,2,,2,012,"US-101 S/B","I-380 E/B TO US-101 N/B O/C",2000.00,N,N,A,-,Y,,,101,,,,,,S,Y,2,0,1,2,A,-,07,21658,A,N,B,C,A,A,H,-,A,D,0,,,Y,,Y,,A,01,1,0,0,0,0,0,0,0,1,"- ","- ",37.640911102294922,-122.40621185302734,"SAN MATEO","SOUTH SAN FRANCISCO",-122.40602111816406,37.640960693359375
91441179,2020,2021-04-01,9330,2020-09-07,2215,021979,,1,3,9,4100,0,1,1,,2,034,"I-280 S/B","SR-92 WB",200.00,N,N,A,-,Y,,,280,,,,,,S,Y,1,1,0,2,A,-,08,22107,,N,E,I,A,A,H,-,D,D,0,,,,,Y,,A,01,0,0,0,0,0,0,0,0,0,"- ","- ",37.50714111328125,-122.33904266357422,"SAN MATEO",UNINCORPORATED,-122.33906555175781,37.507099151611328
91456853,2020,2021-04-23,9335,2020-11-12,1520,022241,,4,2,9,4100,0,1,3,,2,040,"SR-1 S/B","TOM LANTOS TUNNEL",3765.00,S,N,A,-,Y,,,1,,,,,,S,Y,1,1,0,1,A,-,03,22350,,N,E,I,A,A,H,-,A,D,0,,,Y,,Y,,C,02,0,0,0,0,0,0,0,1,0,"- ","- ",37.561588287353516,-122.51365661621094,"SAN MATEO",UNINCORPORATED,-122.51357269287109,37.561630249023438
91459589,2021,2021-10-11,9330,2021-04-13,1458,022595,,2,2,9,4100,0,1,3,,1,056,"SR-82 N/B (EL CAMINO REAL)","E. SELBY LANE",3.00,N,N,A,-,Y,,,82,,,,,,N,N,2,0,1,2,A,-,12,22450,A,N,H,G,A,A,H,-,A,A,0,,Y,,,Y,,D,22,1,0,0,0,0,0,1,0,0,"- ","- ",37.468528747558594,-122.21082305908203,"SAN MATEO",UNINCORPORATED,-122.21084594726562,37.468494415283203
91471714,2021,2021-05-12,9330,2021-05-04,0330,020954,,2,3,9,4100,0,1,3,,2,052,"SR-35 (SKYLINE BOULEVARD)","OLD LA HONDA ROAD",2112.00,S,N,A,-,Y,,,35,,,,,,,Y,2,0,1,1,A,-,08,22107,,N,E,I,A,A,H,-,D,D,0,,,,,Y,,A,01,1,0,0,0,0,0,0,0,0,"- ","- ",37.36798095703125,-122.24800872802734,"SAN MATEO",UNINCORPORATED,-122.24810028076172,37.367885589599609
91485865,2021,2021-05-31,9330,2021-05-19,2230,022394,,3,3,4,4104,0,1,2,,2,038,"US-101 S/B",BROADWAY,1056.00,N,N,A,-,Y,,,101,,,,,,S,Y,2,0,1,3,A,-,07,21658,A,F,B,C,A,A,D,H,D,D,0,,,,,Y,Y,-,99,1,0,0,0,0,0,0,0,0,"- ","- ",37.592311859130859,-122.36492919921875,"SAN MATEO",BURLINGAME,-122.36492156982422,37.592327117919922
91499210,2021,2021-06-17,9335,2021-05-29,0317,022596,,6,3,2,4103,0,1,2,,2,012,"US-101 N/B","SIERRA POINT PARKWAY",6124.00,N,N,A,-,Y,,,101,,,,,,N,Y,2,0,1,2,A,-,03,22350,,N,C,C,A,A,H,-,D,D,0,,,,,Y,,A,01,1,0,0,0,0,0,0,0,0,"- ","- ",37.690860748291016,-122.39087677001953,"SAN MATEO",BRISBANE,-122.39091491699219,37.690853118896484
91501879,2021,2021-06-21,9330,2021-06-13,1300,022190,,7,1,9,4100,0,3,5,,2,002,"LOBITOS CREEK CUTOFF","VERDE ROAD",15.00,E,N,A,-,N,,,,,,,,,,Y,2,0,1,1,A,-,08,22107,,N,F,A,A,A,H,-,A,A,0,,,Y,,Y,,C,02,1,0,0,0,0,0,0,0,1,"- ","- ",37.382591247558594,-122.40058898925781,"SAN MATEO",UNINCORPORATED,-122.40032196044922,37.382545471191406
9154224,2020,2020-09-21,4113,2020-07-26,1638,455,11,7,5,5,4113,0,0,0,,0,2/3,"EL CAMINO REAL",BROADWAY,0.00,,Y,A,-,N,,,82,,,,,,,N,2,0,1,2,A,-,17,22517,,N,D,E,A,A,H,-,A,D,0,,Y,,,Y,,A,01,1,0,0,0,0,0,1,0,0,"- ","- ",37.485931396484375,-122.23420715332031,"SAN MATEO","REDWOOD CITY",-122.23439788818359,37.485713958740234
91569490,2021,2021-09-14,9330,2021-08-21,0255,022185,,6,3,4,4104,0,1,2,,2,038,"US-101 S/B",BROADWAY,1584.00,S,N,A,-,Y,,,101,,,,,,S,Y,2,0,1,1,A,-,01,23152,A,N,E,I,A,A,D,-,C,D,0,,,,,Y,Y,A,07,1,0,0,0,0,0,0,0,0,"- ","- ",37.587989807128906,-122.35726928710938,"SAN MATEO",BURLINGAME,-122.35729217529297,37.587928771972656
91582042,2021,2021-09-28,9335,2021-09-19,0005,022326,,7,3,9,4100,0,1,2,,2,011,"US-101 N/B TO SFO INTERNATIONAL TERMINAL","MILLBRAE AVENUE",4435.00,N,N,C,-,Y,,,101,,,,R,,N,Y,2,0,1,1,A,-,01,23152,A,N,E,I,A,B,H,-,C,D,0,,,,,Y,Y,A,08,1,0,0,0,0,0,0,0,0,"- ","- ",37.610561370849609,-122.39199066162109,"SAN MATEO",UNINCORPORATED,-122.39199066162109,37.610561370849609
91585508,2021,2021-10-01,9330,2021-09-21,1215,020289,,2,1,9,4100,0,1,1,,2,054,"I-280 S/B","SR-84 (WOODSIDE ROAD)",1584.00,S,N,A,-,Y,,,,,,,,,,N,2,0,1,1,A,-,08,22107,,N,F,A,A,A,H,-,A,D,0,,,Y,,Y,,C,02,1,0,0,0,0,0,0,0,1,"- ","- ",37.431819915771484,-122.23928070068359,"SAN MATEO",UNINCORPORATED,-122.24191284179688,37.434059143066406
9158625,2020,2020-11-30,4120,2020-09-04,2025,230,11,5,5,4,4120,0,0,0,,0,00X,"FOSTER CITY BL","TRITON DR",0.00,,Y,A,-,N,,,,,,,,,,Y,2,0,1,3,A,-,09,21453,C,N,A,C,A,A,H,-,C,A,0,,,,,Y,,A,01,1,0,0,0,0,0,0,0,0,"- ","- ",37.562850952148438,-122.2716064453125,"SAN MATEO","FOSTER CITY",-122.27156829833984,37.562789916992188
9158838,2020,2020-10-15,4106,2020-08-25,1405,2146,1,2,5,6,4106,0,0,0,,0,001,"GENEVA AV","RIO VERDE EXT",9.00,E,N,A,-,N,,,,,,,,,,Y,2,0,1,2,A,-,12,21453,,N,D,C,A,A,H,-,A,A,0,,,,,Y,,A,01,1,0,0,0,0,0,0,0,0,"- ","- ",,,"SAN MATEO","DALY CITY",-122.41576385498047,37.70709228515625
91590434,2021,2021-10-07,9330,2021-09-26,0115,022394,,7,3,9,4100,0,1,3,,1,021,"SR-84 (LA HONDA ROAD)","MADERA LANE",1584.00,E,N,A,-,Y,,,84,,,,,,,Y,2,0,1,1,A,-,08,22107,,N,F,A,A,A,H,-,D,D,0,,,,,Y,,D,22,1,0,0,0,0,0,0,0,0,"- ","- ",37.316558837890625,-122.33162689208984,"SAN MATEO",UNINCORPORATED,-122.33157348632812,37.316627502441406
9159756,2020,2020-10-27,4100,2020-08-30,1758,25161,4100,7,5,2,4118,0,0,0,,0,030,"LA HONDA RD","MILEPOST 17.47",132.00,E,N,A,-,N,,,,,,,,,,Y,2,0,1,2,A,-,05,21460,,N,B,C,A,A,H,-,A,D,0,,,Y,,Y,,A,01,1,0,0,0,0,0,0,0,1,"- ","- ",,,"SAN MATEO",WOODSIDE,,
91602470,2021,2021-10-21,9330,2021-10-09,2155,022141,,6,2,9,4100,0,1,1,,2,054,"I-280 N/B","SR-84 (WOODSIDE ROAD)",2112.00,N,N,A,-,Y,,,,,,,,,,Y,2,0,1,1,C,-,18,,,N,H,A,A,A,H,-,D,D,0,,,,,Y,Y,-,"- ",1,0,0,0,0,0,0,0,0,"- ","- ",37.439441680908203,-122.24796295166016,"SAN MATEO",UNINCORPORATED,-122.24501037597656,37.437000274658203
91613421,2021,2022-11-03,9330,2021-05-07,1332,022590,,5,1,9,4100,0,2,4,,1,051,"MIDDLEFIELD ROAD","FOURTH AVENUE",2.00,S,N,A,-,N,,,,,,,,,,N,2,0,2,3,A,-,10,21950,A,N,G,B,B,A,H,-,A,A,0,Y,,,,Y,,A,01,2,0,0,0,2,0,0,0,0,"- ","- ",37.472110748291016,-122.20449829101562,"SAN MATEO",UNINCORPORATED,-122.20533752441406,37.47265625