CASE_ID,ACCIDENT_YEAR,PROC_DATE,JURIS,COLLISION_DATE,COLLISION_TIME,OFFICER_ID,REPORTING_DISTRICT,DAY_OF_WEEK,CHP_SHIFT,POPULATION,CNTY_CITY_LOC,SPECIAL_COND,BEAT_TYPE,CHP_BEAT_TYPE,CITY_DIVISION_LAPD,CHP_BEAT_CLASS,BEAT_NUMBER,PRIMARY_RD,SECONDARY_RD,DISTANCE,DIRECTION,INTERSECTION,WEATHER_1,WEATHER_2,STATE_HWY_IND,CALTRANS_COUNTY,CALTRANS_DISTRICT,STATE_ROUTE,ROUTE_SUFFIX,POSTMILE_PREFIX,POSTMILE,LOCATION_TYPE,RAMP_INTERSECTION,SIDE_OF_HWY,TOW_AWAY,COLLISION_SEVERITY,NUMBER_KILLED,NUMBER_INJURED,PARTY_COUNT,PRIMARY_COLL_FACTOR,PCF_CODE_OF_VIOL,PCF_VIOL_CATEGORY,PCF_VIOLATION,PCF_VIOL_SUBSECTION,HIT_AND_RUN,TYPE_OF_COLLISION,MVIW,PED_ACTION,ROAD_SURFACE,ROAD_COND_1,ROAD_COND_2,LIGHTING,CONTROL_DEVICE,CHP_ROAD_TYPE,PEDESTRIAN_ACCIDENT,BICYCLE_ACCIDENT,MOTORCYCLE_ACCIDENT,TRUCK_ACCIDENT,NOT_PRIVATE_PROPERTY,ALCOHOL_INVOLVED,STWD_VEHTYPE_AT_FAULT,CHP_VEHTYPE_AT_FAULT,COUNT_SEVERE_INJ,COUNT_VISIBLE_INJ,COUNT_COMPLAINT_PAIN,COUNT_PED_KILLED,COUNT_PED_INJURED,COUNT_BICYCLIST_KILLED,COUNT_BICYCLIST_INJURED,COUNT_MC_KILLED,COUNT_MC_INJURED,PRIMARY_RAMP,SECONDARY_RAMP,LATITUDE,LONGITUDE,COUNTY,CITY,POINT_X,POINT_Y
91615354,2021,2021-11-04,9330,2021-10-22,0559,022200,,5,3,9,4100,0,1,1,,2,034,"I-280 N/B","BUNKER HILL ROAD",1584.00,N,N,C,-,Y,,,280,,,,,,N,Y,2,0,2,2,A,-,03,22350,,N,C,C,A,B,F,-,D,D,0,,,,,Y,,-,"- ",1,1,0,0,0,0,0,0,0,"- ","- ",37.527988433837891,-122.35939025878906,"SAN MATEO",UNINCORPORATED,-122.35945892333984,37.527957916259766
91636772,2021,2021-11-29,9330,2021-11-13,1130,022306,,6,1,9,4100,0,1,3,,1,010,SR-1,"ETHELDORE STREET",1584.00,S,N,A,-,Y,,,1,,,,,,,Y,2,0,1,2,A,-,08,22107,,N,F,A,A,A,H,-,A,D,0,,,Y,,Y,,D,22,1,0,0,0,0,0,0,0,1,"- ","- ",37.518291473388672,-122.50144195556641,"SAN MATEO",UNINCORPORATED,-122.50145721435547,37.518257141113281
91656083,2021,2022-11-08,9330,2021-08-07,2308,022372,,6,3,3,4110,0,1,2,,2,038,"US-101 SOUTHBOUND","MILLBRAE AVENUE",50.00,N,N,A,-,Y,,,101,,,,,,S,N,1,1,0,2,A,-,00,21960,A,N,G,B,E,A,D,-,D,D,0,Y,,,,Y,,N,60,0,0,0,1,0,0,0,0,0,"- ","- ",37.602699279785156,-122.38092041015625,"SAN MATEO",MILLBRAE,-122.38087463378906,37.602767944335938
91686873,2022,2022-01-27,9330,2022-01-20,1510,021662,,4,2,9,4100,0,1,1,,2,044,"I-280 S/B","GATE ROAD",1760.00,E,N,A,-,Y,SM,,280,,,9.085,H,,L,Y,2,0,1,1,A,-,01,23152,A,N,F,I,A,A,H,-,A,D,0,,,,,Y,Y,A,01,1,0,0,0,0,0,0,0,0,"- ","- ",37.495731353759766,-122.31109619140625,"SAN MATEO",UNINCORPORATED,-122.31098175048828,37.495944976806641
91710514,2022,2022-02-28,9335,2022-02-12,0357,022468,,6,3,5,4117,0,1,2,,2,012,"N/B US-101","OYSTER POINT BLVD",845.00,N,N,A,-,Y,SM,,101,,,22.887,H,,R,N,2,0,1,2,A,-,11,21954,A,N,G,B,E,A,H,-,C,D,0,Y,,,Y,Y,,N,60,1,0,0,0,1,0,0,0,0,"- ","- ",37.665500640869141,-122.39675140380859,"SAN MATEO","SOUTH SAN FRANCISCO",-122.39680480957031,37.665534973144531
91710527,2022,2022-02-28,9335,2022-02-19,2258,022179,,6,3,6,4106,0,1,1,,2,021,"I-280 N/B","SERRAMONTE BLVD. U/C",33.00,S,N,A,-,Y,SM,,280,,R,24.628,H,,R,Y,2,0,1,1,A,-,08,22107,,N,E,I,A,A,H,-,C,D,0,,,,,Y,,A,01,1,0,0,0,0,0,0,0,0,"- ","- ",37.669700622558594,-122.46576690673828,"SAN MATEO","DALY CITY",-122.46580505371094,37.669692993164062
91712378,2022,2022-03-01,9330,2022-02-20,2350,022409,,7,3,9,4100,0,1,3,,1,020,SR-1,"SR-84 (LA HONDA ROAD)",10.00,S,N,A,-,Y,SM,,1,,,18.174,H,,R,Y,2,0,1,1,A,-,08,22107,,N,E,I,A,A,H,-,D,D,0,,,,,Y,,A,07,1,0,0,0,0,0,0,0,0,"- ","- ",37.324409484863281,-122.40019226074219,"SAN MATEO",UNINCORPORATED,-122.4000244140625,37.324337005615234
91715934,2022,2022-03-07,9330,2022-01-30,1610,022244,,7,2,5,4116,0,1,3,,2,031,"SR-92 W/B","ALAMEDA DE LAS PULGAS",502.00,W,N,A,-,Y,SM,,92,,R,10.456,H,,L,N,2,0,1,1,A,-,08,22107,,N,F,A,A,A,H,-,A,D,0,,,Y,,Y,Y,C,02,1,0,0,0,0,0,0,0,1,"- ","- ",37.5465087890625,-122.32482147216797,"SAN MATEO","SAN MATEO",-122.32477569580078,37.546466827392578
91723389,2022,2022-03-15,9330,2022-03-03,1505,022344,,4,2,5,4116,0,1,2,,2,038,"US-101 NB","PENINSULA AVE",2050.00,S,N,A,-,Y,SM,,101,,,14.288,H,,R,N,2,0,1,2,A,-,11,21950,B,N,G,B,D,A,D,-,A,D,0,Y,,,,Y,Y,N,60,1,0,0,0,1,0,0,0,0,"- ","- ",37.580001831054688,-122.32377624511719,"SAN MATEO","SAN MATEO",-122.32382202148438,37.579971313476562
91729630,2022,2022-03-23,9330,2022-03-08,0820,022768,,2,1,4,4109,0,1,2,,2,058,"US-101 N/B","MARSH ROAD",1056.00,S,N,A,-,Y,SM,,101,,,3.379,H,,R,Y,2,0,2,5,A,-,03,22350,,N,C,C,A,A,H,-,A,D,0,,,Y,,Y,,D,22,1,0,1,0,0,0,0,0,1,"- ","- ",37.481800079345703,-122.17729187011719,"SAN MATEO","MENLO PARK",-122.17722320556641,37.48187255859375
91730569,2021,2022-03-24,9330,2021-11-25,0255,022042,,4,3,4,4102,0,1,2,,2,048,"US-101 N/B","RALSTON AVENUE BIKEWAY OVERCROSSING",335.00,N,N,A,-,Y,,,101,,,,,,N,Y,1,1,2,4,A,-,03,22350,,N,C,C,A,A,D,-,C,D,0,,,,,Y,,A,01,0,0,2,0,0,0,0,0,0,"- ","- ",37.528881072998047,-122.27291870117188,"SAN MATEO",BELMONT,-122.27291107177734,37.528888702392578
91734974,2022,2022-03-28,9330,2022-03-04,0515,022589,,5,3,4,4115,0,3,5,,2,406,"HARBOR BOULEVARD","INDUSTRIAL BOULEVARD",200.00,E,N,A,-,N,,,,,,,,,,N,2,0,1,2,A,-,12,21453,A,N,D,G,A,A,H,-,C,A,0,,Y,,,Y,,L,04,1,0,0,0,0,0,1,0,0,"- ","- ",37.521190643310547,-122.26708221435547,"SAN MATEO","SAN CARLOS",-122.26679229736328,37.521488189697266
91753975,2022,2022-04-22,9335,2022-04-13,0120,022802,,3,3,2,4103,0,1,2,,2,012,"US-101 S/B","THE ALANA WAY U/C",5068.00,S,N,A,-,Y,SM,,101,,,25.146,H,,L,Y,2,0,1,2,A,-,01,23152,G,N,C,C,A,A,H,-,C,D,0,,,,,Y,Y,A,01,1,0,0,0,0,0,0,0,0,"- ","- ",37.695098876953125,-122.39221954345703,"SAN MATEO",BRISBANE,-122.39212799072266,37.695114135742188
91755250,2021,2022-04-25,9330,2021-11-02,1640,020954,,2,2,5,4116,0,1,2,,2,038,"US-101 SOUTHBOUND","POPLAR AVENUE",50.00,N,N,A,-,Y,,,101,,,,,,S,Y,2,0,4,3,A,-,08,22107,,N,B,2,A,A,H,-,A,D,0,,,,Y,Y,Y,G,55,1,1,2,0,0,0,0,0,0,"- ","- ",37.581180572509766,-122.32530212402344,"SAN MATEO","SAN MATEO",-122.32532501220703,37.581150054931641
91758762,2022,2022-04-28,9330,2022-04-18,1735,022394,,1,2,5,4113,0,1,2,,2,048,"US-101 NB","MAPLE AVENUE",96.00,S,N,B,-,Y,SM,,101,,,5.836,H,,R,Y,2,0,1,1,C,-,18,,,N,E,I,A,A,H,-,A,D,0,,,,Y,Y,,-,"- ",1,0,0,0,0,0,0,0,0,"- ","- ",37.491920471191406,-122.21978759765625,"SAN MATEO","REDWOOD CITY",-122.21986389160156,37.4918212890625
91776588,2022,2022-05-20,9330,2022-05-10,1750,022394,,2,2,9,4100,0,1,3,,2,052,"SR-35 N/B","SR-84 (LA HONDA ROAD)",35.00,S,N,A,-,Y,SM,,84,,,15.089,H,,R,N,2,0,1,1,A,-,01,23152,A,N,E,J,A,A,D,-,A,D,0,,,,,Y,Y,A,01,1,0,0,0,0,0,0,0,0,"- ","- ",37.385089874267578,-122.26222991943359,"SAN MATEO",UNINCORPORATED,-122.2620849609375,37.38519287109375
91779799,2022,2022-05-25,9330,2022-04-22,1120,021927,,5,1,9,4100,0,3,5,,2,005,"SAND HILL RD.","PORTOLA RD.",0.00,,Y,A,-,N,,,,,,,,,,Y,2,0,1,2,A,-,03,22350,,N,C,C,A,A,H,-,A,D,0,,,,,Y,,A,07,1,0,0,0,0,0,0,0,0,"- ","- ",37.402389526367188,-122.24507141113281,"SAN MATEO",UNINCORPORATED,-122.24507141113281,37.402397155761719
91786126,2022,2022-06-01,9335,2022-05-07,1657,022186,,6,2,6,4106,0,1,1,,2,021,"I-280 N/B","SAN PEDRO ROAD O/C",1680.00,S,N,A,-,Y,SM,,280,,R,25.442,H,,R,Y,2,0,1,1,A,-,01,23152,A,N,E,I,A,A,H,-,A,D,0,,,,,Y,,A,01,1,0,0,0,0,0,0,0,0,"- ","- ",37.680408477783203,-122.47168731689453,"SAN MATEO","DALY CITY",-122.47151947021484,37.680404663085938
91787711,2022,2022-06-03,9330,2022-05-23,1635,022244,,1,2,9,4100,0,1,3,,1,021,"SR-84 (LA HONDA ROAD)","HILDEBRAND ROAD",4752.00,E,N,A,-,Y,SM,,84,,,10.160,H,,R,N,2,0,2,3,A,-,05,21460,A,N,B,C,A,A,H,-,A,D,0,,,Y,,Y,,C,02,1,0,1,0,0,0,0,0,2,"- ","- ",37.335418701171875,-122.26954650878906,"SAN MATEO",UNINCORPORATED,-122.26954650878906,37.335418701171875
91796704,2022,2022-06-16,9330,2022-06-05,1400,022244,,7,2,9,4100,0,3,5,,2,205,"KINGS MOUNTAIN ROAD","SR-35 (SKYLINE BOULEVARD)",4224.00,E,N,B,-,N,,,,,,,,,,N,2,0,1,1,D,-,00,,,N,E,I,A,A,H,-,A,D,0,,Y,,,Y,,-,"- ",1,0,0,0,0,0,1,0,0,"- ","- ",37.429180145263672,-122.30126953125,"SAN MATEO",UNINCORPORATED,-122.30213928222656,37.429008483886719
91797067,2022,2022-08-08,9335,2022-06-10,1842,022186,,5,2,5,4117,0,1,2,,2,012,"US-101 S/B","SOUTH AIRPORT BOULEVARD U/C",2017.00,S,N,A,-,Y,SM,,101,,,21.310,H,,L,N,2,0,1,2,A,-,11,21954,A,N,G,B,E,A,H,-,A,D,0,Y,,,,Y,,N,60,1,0,0,0,1,0,0,0,0,"- ","- ",37.644371032714844,-122.40631866455078,"SAN MATEO","SOUTH SAN FRANCISCO",-122.4063720703125,37.644367218017578
91812187,2022,2022-07-07,9345,2022-06-28,0636,021581,,2,1,4,4109,0,1,3,,2,084,"SR-84 N/B","ALAMEDA COUNTY LINE",1613.00,S,N,A,-,Y,SM,,84,,R,29.769,H,,R,Y,2,0,1,2,A,-,03,22350,,N,C,E,A,A,H,-,A,D,0,,,,Y,Y,,F,26,1,0,0,0,0,0,0,0,0,"- ","- ",37.503059387207031,-122.12261199951172,"SAN MATEO","MENLO PARK",-122.12269592285156,37.503143310546875
91816154,2022,2022-07-13,9335,2022-07-04,2315,022416,,1,3,6,4106,0,1,1,,2,021,"I-280 S/B","SOUTHGATE AVE",1478.00,N,N,B,-,Y,SM,,280,,R,25.342,H,,L,N,2,0,1,2,A,-,07,21658,A,F,B,C,A,A,H,-,C,D,0,,,Y,,Y,,-,99,1,0,0,0,0,0,0,0,1,"- ","- ",37.678840637207031,-122.47180938720703,"SAN MATEO","DALY CITY",-122.47175598144531,37.678844451904297
91831746,2022,2022-08-02,9335,2022-06-25,1448,022186,,6,2,2,4103,0,1,2,,2,012,"US-101 N/B","ALANA WAY U/C",4145.00,S,N,A,-,Y,SM,,101,,,25.336,H,,R,Y,2,0,1,2,A,-,03,22350,,N,B,C,A,A,H,-,A,D,0,,,Y,,Y,,C,02,1,0,0,0,0,0,0,0,1,"- ","- ",37.697578430175781,-122.39246368408203,"SAN MATEO",BRISBANE,-122.39242553710938,37.697586059570312
91841889,2022,2022-12-15,9335,2022-08-10,1400,022186,,3,2,6,4106,0,1,1,,2,024,"SR-1 N/B","SR-35 N/B O/C",88.00,S,N,A,-,Y,SM,,1,,R,46.730,H,,R,Y,1,1,0,1,C,-,18,,,N,E,8,A,A,H,-,A,D,0,,,,,Y,,-,"- ",0,0,0,0,0,0,0,0,0,"- ","- ",37.668468475341797,-122.48504638671875,"SAN MATEO","DALY CITY",-122.48493957519531,37.668411254882812
91843589,2022,2022-08-18,9330,2022-08-06,0930,022774,,6,1,5,4116,0,1,3,,2,031,"SR-92 EASTBOUND","DELAWARE STREET",200.00,W,N,A,-,Y,SM,,92,,R,11.572,H,,R,Y,2,0,1,2,A,-,03,22350,,N,C,C,A,A,H,-,A,D,0,,,Y,,Y,,C,02,1,0,0,0,0,0,0,0,1,"- ","- ",37.552421569824219,-122.30619049072266,"SAN MATEO","SAN MATEO",-122.30619049072266,37.552413940429688
91843885,2022,2022-08-18,9330,2022-08-07,1525,022735,,7,2,9,4100,0,1,3,,1,021,"SR-84 W/B","HILDEBRAND ROAD",1584.00,E,N,A,-,Y,SM,,84,,,9.502,H,,L,Y,2,0,1,1,A,-,08,22107,,N,E,I,A,A,H,-,A,D,0,,,Y,,Y,,C,02,1,0,0,0,0,0,0,0,1,"- ","- ",37.327781677246094,-122.27123260498047,"SAN MATEO",UNINCORPORATED,-122.27120208740234,37.327793121337891
91856022,2022,2022-09-02,9330,2022-05-07,2345,022837,,6,3,4,4115,0,1,2,,2,048,"US-101 S/B","HOLLY STREET",1584.00,N,N,A,-,Y,SM,,101,,,8.721,H,,L,Y,2,0,1,2,A,-,03,22350,,F,C,C,A,A,D,-,C,D,0,,,Y,,Y,,-,99,1,0,0,0,0,0,0,0,1,"- ","- ",37.517280578613281,-122.26011657714844,"SAN MATEO","SAN CARLOS",-122.26007080078125,37.517318725585938
91867365,2022,2023-08-03,9335,2022-09-13,0925,021099,,2,1,6,4106,0,1,1,,2,021,"I-280 S/B","JUNIPERO SERRA BLVD OVER-CROSSING",650.00,N,N,B,-,Y,SM,,280,,R,26.180,H,,L,N,1,1,2,3,A,-,03,22350,,N,C,C,A,A,H,-,A,D,0,,,,,Y,,A,01,0,2,0,0,0,0,0,0,0,"- ","- ",37.69097900390625,-122.47061920166016,"SAN MATEO","DALY CITY",-122.47052764892578,37.69097900390625
91872142,2022,2022-09-23,9330,2022-09-06,1330,019432,,2,1,9,4100,0,1,1,,2,074,"ALPINE ROAD","PIERS LANE",512.00,E,N,A,-,N,,,,,,,,,,Y,2,0,2,2,A,-,08,22107,,N,A,C,A,A,H,-,A,D,0,,,,,Y,,A,01,1,0,1,0,0,0,0,0,0,"- ","- ",37.414939880371094,-122.19040679931641,"SAN MATEO",UNINCORPORATED,-122.19140625,37.414508819580078
91874353,2022,2023-04-13,9330,2022-09-15,2320,022914,,4,3,9,4100,0,1,1,,2,034,"I-280 S/B","BLACK MOUNTAIN ROAD",6336.00,S,N,A,-,Y,SM,,280,,R,13.064,H,,L,Y,2,0,4,3,A,-,01,23153,A,N,C,C,A,A,H,-,D,D,0,,,,,Y,Y,A,01,1,1,2,0,0,0,0,0,0,"- ","- ",37.532798767089844,-122.36170196533203,"SAN MATEO",UNINCORPORATED,-122.36172485351562,37.532794952392578
91909654,2022,2022-11-04,9335,2022-05-13,1920,021916,,5,2,5,4117,0,1,1,,2,038,"I-380 W/B FROM NORTH ACCESS ROAD","SOUTH AIRPORT BLVD. UNDERCROSSING",585.00,E,N,A,-,Y,SM,,380,,,6.714,H,,L,Y,1,1,0,2,A,-,08,22107,,N,D,C,A,A,H,-,A,D,0,,,,Y,Y,,A,01,0,0,0,0,0,0,0,0,0,"- ","- ",37.638660430908203,-122.39866638183594,"SAN MATEO","SOUTH SAN FRANCISCO",-122.39866638183594,37.638641357421875
91915669,2022,2022-11-11,9335,2022-11-07,1725,023044,,1,2,9,4100,0,1,2,,2,011,"US-101 NORTHBOUND","SAN BRUNO AVE",7920.00,S,N,B,-,Y,SM,,101,,,19.323,H,,R,Y,2,0,6,7,A,-,03,22350,,N,B,C,A,A,H,-,C,D,0,,,,,Y,,A,01,1,1,4,0,0,0,0,0,0,"- ","- ",37.616401672363281,-122.39821624755859,"SAN MATEO",UNINCORPORATED,-122.39821624755859,37.616401672363281
91925064,2022,2022-11-23,9330,2022-10-20,1630,022837,,4,2,9,4100,0,1,3,,1,011,SR-92,"QUARRY ROAD",1300.00,E,N,A,-,Y,SM,,92,,,2.061,H,,R,Y,2,0,1,2,A,-,08,22107,,N,E,I,A,A,H,-,A,D,0,,,,,Y,,D,22,1,0,0,0,0,0,0,0,0,"- ","- ",37.481868743896484,-122.40299224853516,"SAN MATEO",UNINCORPORATED,-122.40298461914062,37.481868743896484
91927177,2022,2022-11-28,9330,2022-11-25,1410,022876,,5,2,9,4100,0,1,3,,2,052,"SR-35 (SKYLINE BOULEVARD)","RAPLEY RANCH ROAD",2800.00,N,N,A,-,Y,SM,,35,,,6.548,H,,R,Y,2,0,3,2,A,-,05,21460,A,N,A,C,A,A,H,-,A,D,0,,,Y,,Y,,C,02,1,0,2,0,0,0,0,0,1,"- ","- ",37.345058441162109,-122.22863006591797,"SAN MATEO",UNINCORPORATED,-122.22861480712891,37.345069885253906
91931757,2022,2022-12-01,9330,2022-11-26,1345,022960,,6,1,9,4100,0,1,3,,1,021,SR-1,"MADERA LANE",528.00,E,N,A,-,Y,SM,,84,,,4.606,H,,R,Y,2,0,1,1,A,-,08,22107,,N,E,J,A,A,H,-,A,D,0,,,Y,,Y,,C,02,1,0,0,0,0,0,0,0,1,"- ","- ",37.314640045166016,-122.32859802246094,"SAN MATEO",UNINCORPORATED,-122.32868194580078,37.314594268798828
91945246,2022,2022-12-19,9330,2022-09-07,0230,022898,,3,3,5,4116,0,1,2,,2,048,"US-101 S/B","HILLSDALE BOULEVARD",1446.00,N,N,A,-,Y,SM,,101,,,11.498,H,,L,Y,2,0,1,2,A,-,03,22350,,N,C,C,A,A,D,-,D,D,0,,,,Y,Y,,F,26,1,0,0,0,0,0,0,0,0,"- ","- ",37.548591613769531,-122.2918701171875,"SAN MATEO","SAN MATEO",-122.29183959960938,37.548610687255859
9194633,2020,2021-01-19,4111,2020-11-19,2338,P5071,P05,4,5,4,4111,0,0,0,,0,0P1,"SKYLINE BL","MANOR DR",0.00,,Y,A,-,Y,SM,4,35,-,-,26.860,I,5,S,N,2,0,2,2,A,-,01,23152,A,N,D,C,A,A,H,-,C,A,0,,,,,Y,Y,A,01,1,1,0,0,0,0,0,0,0,"- ","- ",37.646190643310547,-122.47157287597656,"SAN MATEO",PACIFICA,-122.47089385986328,37.646194458007812
91952998,2022,2022-12-27,9330,2022-07-20,2140,022185,,3,2,3,4110,0,1,2,,2,038,"US-101 SOUTHBOUND TO MILLBRAE AVENUE","MILLBRAE AVENUE",273.00,N,N,A,-,Y,,,,,,,,,,Y,1,1,0,1,A,-,01,23152,A,N,E,I,A,A,D,-,C,D,0,,,Y,,Y,Y,C,02,0,0,0,0,0,0,0,1,0,"- ","- ",37.602691650390625,-122.38191223144531,"SAN MATEO",MILLBRAE,-122.38191223144531,37.602691650390625
91977996,2023,2023-01-26,9335,2023-01-16,"720 ",017995,,1,1,4,4114,0,1,2,,2,012,"US-101 S/B","SHAW RD",750.00,S,N,A,-,Y,SM,,101," ",R,20.920,H,,L,N,2,0,2,2,A,-,07,21658,A,F,B,C,A,A,H,-,A,D,0,,,,,Y,,-,99,1,1,0,0,0,0,0,0,0,"- ","- ",37.638790130615234,-122.40521240234375,"SAN MATEO","SAN BRUNO",-122.40525054931641,37.638778686523438
91984021,2022,2023-02-01,9330,2022-11-16,1415,021648,,3,2,9,4100,0,1,3,,1,020,SR-1,"PESCADERO CREEK ROAD",2137.00,N,N,A,-,Y,SM,,1,,,14.988,H,,R,Y,2,0,2,1,A,-,08,22107,,N,F,C,A,A,H,-,A,D,0,,,,,Y,,A,01,2,0,0,0,0,0,0,0,0,"- ","- ",37.279441833496094,-122.40830993652344,"SAN MATEO",UNINCORPORATED,-122.40824890136719,37.279438018798828
92008071,2022,2023-03-02,9330,2022-09-08,0442,022372,,4,3,9,4100,0,1,3,,1,011,"STATE ROUTE 92","OLD CANADA ROAD",314.00,E,N,A,-,Y,SM,,92,,,6.649,H,,R,Y,1,1,0,1,A,-,01,23152,G,N,F,A,A,A,H,-,D,D,0,,,Y,,Y,Y,C,02,0,0,0,0,0,0,0,1,0,"- ","- ",37.507209777832031,-122.35753631591797,"SAN MATEO",UNINCORPORATED,-122.35749053955078,37.507175445556641
92012686,2023,2023-03-08,9330,2023-02-24,1125,022774,,5,1,5,4116,0,1,2,,2,048,"US-101 NORTHBOUND","HOLLY STREET",1000.00,N,N,B,-,Y,SM,,101," "," ",8.633,H,,R,Y,2,0,5,2,A,-,08,22107,,N,E,8,E,B,H,-,A,D,0,Y,,,,Y,,A,01,1,1,3,0,1,0,0,0,0,"- ","- ",37.516620635986328,-122.25872039794922,"SAN MATEO","SAN MATEO",-122.25891876220703,37.516483306884766
92034561,2023,2023-03-31,9330,2023-03-30,1550,023265,,4,2,4,4120,0,1,3,,2,031,"SR-92 E/B","MARINERS ISLAND BOULEVARD",528.00,W,N,A,-,Y,SM,,92," ",R,13.022,H,,R,N,2,0,1,2,A,-,03,22350,,N,F,A,A,A,H,-,A,D,0,,,Y,,Y,,C,02,1,0,0,0,0,0,0,0,1,"- ","- ",37.558460235595703,-122.28153228759766,"SAN MATEO","FOSTER CITY",-122.28148651123047,37.558414459228516
9205195,2021,2021-03-08,4113,2021-01-07,0737,351,4,4,5,5,4113,0,0,0,,0,004,"WOODSIDE RD","MIDDLEFIELD RD",210.00,W,N,A,-,Y,SM,4,84,-,-,25.010,H,-,N,Y,2,0,2,3,A,-,03,22350,,N,C,C,A,A,H,-,A,A,0,,,,,Y,,A,08,1,1,0,0,0,0,0,0,0,"- ","- ",37.480888366699219,-122.21852874755859,"SAN MATEO","REDWOOD CITY",-122.21942901611328,37.480567932128906
92052612,2023,2023-04-25,9330,2023-04-21,"930 ",022929,,5,1,4,4109,0,1,2,,2,058,"US-101 SOUTHBOUND FROM UNIVERSITY AVENUE","UNIVERSITY AVENUE",200.00,S,N,A,-,Y,,,,,,,,,,Y,2,0,1,1,A,-,03,22350,,N,F,A,A,A,A,-,A,A,0,,,Y,,Y,,C,02,1,0,0,0,0,0,0,0,1,"- ","- ",37.458930969238281,-122.14079284667969,"SAN MATEO","MENLO PARK",-122.13809204101562,37.458698272705078
92056886,2023,2023-04-28,9330,2023-04-22,1730,023062,,6,2,9,4100,0,3,5,,2,203,"CLOVERDALE ROAD","BUTANO CUT-OFF",320.00,S,N,A,-,N,,,,,,,,,,N,2,0,2,1,A,-,03,22350,,N,F,A,A,A,H,-,A,D,0,,,Y,,Y,,C,02,1,1,0,0,0,0,0,0,2,"- ","- ",37.246089935302734,-122.36772155761719,"SAN MATEO",UNINCORPORATED,-122.36765289306641,37.245960235595703
92063299,2022,2023-05-22,9330,2022-10-25,1605,019764,,2,2,9,4100,0,3,5,,2,004,"CANADA ROAD","SR-92 (J. ARTHUR YOUNGER FREEWAY)",4224.00,S,N,A,-,N,,,,,,,,,,N,1,1,0,2,A,-,03,22350,,N,C,C,A,A,H,-,A,D,0,,Y,,Y,Y,,L,04,0,0,0,0,0,1,0,0,0,"- ","- ",37.499919891357422,-122.33152008056641,"SAN MATEO",UNINCORPORATED,-122.3311767578125,37.500022888183594
92067473,2022,2023-05-12,9330,2022-08-05,0940,022785,,5,1,4,4120,0,1,3,,1,035,"STATE ROUTE 92 WESTBOUND","FOSTER CITY BOULEVARD",2640.00,E,N,A,-,Y,SM,,92,,R,14.163,H,,L,Y,1,2,1,2,A,-,08,22107,,N,C,E,A,A,H,-,A,D,0,,,,Y,Y,,A,01,0,0,1,0,0,0,0,0,0,"- ","- ",37.570011138916016,-122.26674652099609,"SAN MATEO","FOSTER CITY",-122.26663208007812,37.569927215576172
92080293,2023,2023-05-29,9330,2023-05-21,1021,020646,,7,1,9,4100,0,1,3,,2,042,"SKYLINE BLVD (SR-35)","HENRIK IBSEN RD",0.00,,Y,B,-,Y,SM,,35," "," ",17.563,H,,R,N,2,0,1,2,A,-,21,22106,,N,D,C,A,A,H,-,A,A,0,,,Y,,Y,,A,07,1,0,0,0,0,0,0,0,1,"- ","- ",37.438381195068359,-122.32254791259766,"SAN MATEO",UNINCORPORATED,-122.322509765625,37.438396453857422
92092656,2023,2023-06-13,9330,2023-06-06,"45  ",023032,,2,3,4,4104,0,1,2,,2,038,"US-101 SB","POPLAR AVE",2640.00,N,N,A,-,Y,SM,,101," "," ",14.559,H,,L,N,2,0,1,1,A,-,01,23152,A,N,A,I,A,A,H,-,C,D,0,,,,,Y,Y,A,01,1,0,0,0,0,0,0,0,0,"- ","- ",37.582901000976562,-122.32710266113281,"SAN MATEO",BURLINGAME,-122.32717132568359,37.582851409912109
9211496,2020,2022-07-05,4127,2020-02-14,2107,2242,4127,5,5,4,4127,0,0,0,,0,001,"EAST BAYSHORE RD","OAKWOOD DR",0.00,,Y,A,-,N,,,,,,,,,,Y,1,1,0,2,A,-,11,21954,A,N,G,B,E,A,H,-,C,D,0,Y,,,,Y,Y,N,60,0,0,0,1,0,0,0,0,0,"- ","- ",,,"SAN MATEO","EAST PALO ALTO",-122.14778900146484,37.464839935302734
9211614,2020,2021-02-18,4104,2020-09-14,2315,0255,1,1,5,4,4104,0,0,0,,0,00A,"CALIFORNIA DR","HOWARD AV",295.00,S,N,A,-,N,,,,,,,,,,Y,1,1,0,2,A,-,03,22350,,N,D,C,A,A,D,-,C,A,0,,,Y,,Y,,C,02,0,0,0,0,0,0,0,1,0,"- ","- ",37.578269958496094,-122.34284210205078,"SAN MATEO",BURLINGAME,-122.34255981445312,37.578414916992188