CASE_ID,ACCIDENT_YEAR,PROC_DATE,JURIS,COLLISION_DATE,COLLISION_TIME,OFFICER_ID,REPORTING_DISTRICT,DAY_OF_WEEK,CHP_SHIFT,POPULATION,CNTY_CITY_LOC,SPECIAL_COND,BEAT_TYPE,CHP_BEAT_TYPE,CITY_DIVISION_LAPD,CHP_BEAT_CLASS,BEAT_NUMBER,PRIMARY_RD,SECONDARY_RD,DISTANCE,DIRECTION,INTERSECTION,WEATHER_1,WEATHER_2,STATE_HWY_IND,CALTRANS_COUNTY,CALTRANS_DISTRICT,STATE_ROUTE,ROUTE_SUFFIX,POSTMILE_PREFIX,POSTMILE,LOCATION_TYPE,RAMP_INTERSECTION,SIDE_OF_HWY,TOW_AWAY,COLLISION_SEVERITY,NUMBER_KILLED,NUMBER_INJURED,PARTY_COUNT,PRIMARY_COLL_FACTOR,PCF_CODE_OF_VIOL,PCF_VIOL_CATEGORY,PCF_VIOLATION,PCF_VIOL_SUBSECTION,HIT_AND_RUN,TYPE_OF_COLLISION,MVIW,PED_ACTION,ROAD_SURFACE,ROAD_COND_1,ROAD_COND_2,LIGHTING,CONTROL_DEVICE,CHP_ROAD_TYPE,PEDESTRIAN_ACCIDENT,BICYCLE_ACCIDENT,MOTORCYCLE_ACCIDENT,TRUCK_ACCIDENT,NOT_PRIVATE_PROPERTY,ALCOHOL_INVOLVED,STWD_VEHTYPE_AT_FAULT,CHP_VEHTYPE_AT_FAULT,COUNT_SEVERE_INJ,COUNT_VISIBLE_INJ,COUNT_COMPLAINT_PAIN,COUNT_PED_KILLED,COUNT_PED_INJURED,COUNT_BICYCLIST_KILLED,COUNT_BICYCLIST_INJURED,COUNT_MC_KILLED,COUNT_MC_INJURED,PRIMARY_RAMP,SECONDARY_RAMP,LATITUDE,LONGITUDE,COUNTY,CITY,POINT_X,POINT_Y
9211818,2021,2023-06-19,4100,2021-03-01,2142,25277,MLB,1,5,3,4110,0,0,0,,0,065,"RT 82","MILLBRAE AV",400.00,S,N,A,-,Y,SM,4,82,-,-,15.870,H,-,N,Y,1,1,1,3,A,-,11,21956,A,N,G,B,D,A,H,-,C,D,0,Y,,,,Y,Y,N,60,0,1,0,1,0,0,0,0,0,"- ","- ",,,"SAN MATEO",MILLBRAE,-122.38665771484375,37.597553253173828
9211864,2020,2021-04-29,4101,2020-10-26,0638,14JG01,,1,5,2,4101,0,0,0,,0,002,"RT 82","WATKINS AV",20.00,S,N,A,-,Y,SM,4,82,-,-,1.580,H,-,S,Y,1,1,0,2,A,-,11,21954,A,N,G,B,D,A,H,-,B,D,0,Y,,,,Y,,N,60,0,0,0,1,0,0,0,0,0,"- ","- ",37.459888458251953,-122.19563293457031,"SAN MATEO",ATHERTON,-122.19545745849609,37.459774017333984
9211883,2020,2021-04-29,4106,2020-11-26,2019,2035,1,4,5,6,4106,0,0,0,,0,001,"GENEVA AV","TALBERT ST",111.00,W,N,A,-,N,,,,,,,,,,N,1,1,0,2,A,-,11,21954,A,F,G,B,D,A,H,-,C,D,0,Y,,,,Y,Y,N,60,0,0,0,1,0,0,0,0,0,"- ","- ",,,"SAN MATEO","DALY CITY",-122.40940856933594,37.705322265625
92120943,2023,2023-07-19,9330,2023-07-10,1550,023265,,1,2,4,4127,0,1,2,,2,058,"US-101 SB","UNIVERSITY AVENUE",2112.00,N,N,A,-,Y,SM,,101," "," ",1.291,H,,L,N,2,0,2,2,A,-,08,22107,,N,C,C,A,A,H,-,A,D,0,,,,,Y,,A,07,2,0,0,0,0,0,0,0,0,"- ","- ",37.463821411132812,-122.14669799804688,"SAN MATEO","EAST PALO ALTO",-122.14673614501953,37.463779449462891
92125713,2023,2023-08-15,9330,2023-07-14,2350,022837,,5,3,9,4100,0,1,3,,1,056,"NORTHUMBERLAND AVE","EL CAMINO REAL",9.00,E,N,A,-,N,,,,,,,,,,N,2,0,1,2,A,-,10,21950,A,F,G,B,D,A,H,-,C,A,0,Y,,,,Y,,-,99,1,0,0,0,1,0,0,0,0,"- ","- ",37.282268524169922,-122.13031768798828,"SAN MATEO",UNINCORPORATED,-122.21688842773438,37.472858428955078
9212947,2020,2021-02-03,4100,2020-11-28,1757,19480,MLB,6,5,3,4110,0,0,0,,0,062,"RT 82","SILVA AV",0.00,,Y,A,-,Y,SM,4,82,-,-,16.489,I,5,N,N,2,0,1,2,A,-,11,21954,A,N,G,B,D,A,H,-,C,A,0,Y,,,,Y,,N,60,1,0,0,0,1,0,0,0,0,"- ","- ",,,"SAN MATEO",MILLBRAE,-122.39435577392578,37.604122161865234
92135452,2023,2023-08-03,9335,2023-07-27,"5   ",023044,,4,3,2,4103,0,1,2,,2,012,"US-101 SOUTHBOUND","ALANA WAY",1779.00,S,N,A,-,Y,SM,,101," "," ",25.791,H,,L,Y,2,0,4,3,A,-,01,23152,A,N,D,C,A,A,H,-,C,D,0,,,,,Y,Y,A,01,1,2,1,0,0,0,0,0,0,"- ","- ",37.703941345214844,-122.39412689208984,"SAN MATEO",BRISBANE,-122.39414978027344,37.703937530517578
92145534,2023,2023-08-16,9335,2023-08-08,1722,023357,,2,2,2,4103,0,1,2,,2,012,"US-101 N/B","SIERRA POINT PKWY",879.00,N,N,A,-,Y,SM,,101," "," ",23.831,H,,R,Y,2,0,1,2,A,-,03,22350,,N,B,C,A,A,H,-,A,D,0,,,Y,,Y,,C,02,1,0,0,0,0,0,0,0,1,"- ","- ",37.676738739013672,-122.38839721679688,"SAN MATEO",BRISBANE,-122.38847351074219,37.676750183105469
9216362,2021,2021-03-17,4113,2021-01-03,1806,474,4,7,5,5,4113,0,0,0,,0,004,"WOODSIDE RD","MIDDLEFIELD AV",550.00,E,N,A,-,N,,,84,,,,,,,N,2,0,2,3,A,-,03,22350,,N,C,C,A,A,H,-,C,A,0,,,,,Y,Y,D,22,1,0,1,0,0,0,0,0,0,"- ","- ",37.481098175048828,-122.21898651123047,"SAN MATEO","REDWOOD CITY",-122.21907043457031,37.481147766113281
9216450,2020,2021-03-03,4120,2020-12-29,1754,219,10,2,5,4,4120,0,0,0,,0,00Y,"SHELL BL","RECREATION CENTER DR",0.00,,Y,A,-,N,,,,,,,,,,N,2,0,1,2,A,-,00,21456,1,N,G,B,B,A,H,-,C,A,0,Y,,,,Y,,N,60,1,0,0,0,1,0,0,0,0,"- ","- ",37.557399749755859,-122.26907348632812,"SAN MATEO","FOSTER CITY",,
92168072,2023,2023-09-12,9330,2023-08-30,"647 ",020554,,3,1,4,4120,0,1,3,,1,035,"SR-92 E/B","SUB STATION 4",2600.00,E,N,A,-,Y,SM,,92," ",R,17.935,H,,R,Y,2,0,2,2,A,-,03,22350,,N,C,C,A,A,D,-,B,D,0,,,,Y,Y,,A,01,1,1,0,0,0,0,0,0,0,"- ","- ",37.599979400634766,-122.21205902099609,"SAN MATEO","FOSTER CITY",-122.21205902099609,37.599979400634766
92176434,2022,2023-09-21,9335,2022-10-08,0415,022823,,6,3,2,4103,0,1,2,,2,012,"US-101 N/B","ALANA WAY",917.00,S,N,A,-,Y,SM,,101,,,25.966,H,,R,N,1,1,0,2,A,-,11,21954,A,F,G,B,E,A,H,-,C,D,0,Y,,,,Y,Y,N,60,0,0,0,1,0,0,0,0,0,"- ","- ",37.706310272216797,-122.39430236816406,"SAN MATEO",BRISBANE,-122.39440155029297,37.706295013427734
92193435,2023,2023-11-08,9330,2023-03-21,1328,022807,,2,1,9,4100,0,3,5,,2,511,"ALPINE ROAD","INTERSTATE 280 OVERCROSSING",633.00,W,N,C,-,N,,,,,,,,,,Y,1,1,0,1,C,-,18,,,N,E,I,A,B,H,-,A,D,0,,,,,Y,,-,"- ",0,0,0,0,0,0,0,0,0,"- ","- ",37.407131195068359,-122.19451904296875,"SAN MATEO",UNINCORPORATED,-122.19482421875,37.407550811767578
92194648,2023,2023-10-09,9330,2023-04-22,1337,022793,,6,1,9,4100,0,1,1,,2,044,"I-280 SB",SR-92,11563.00,S,N,A,-,Y,SM,,280," "," ",8.553,H,,L,Y,1,1,2,2,A,-,01,23153,F,F,A,C,A,A,H,-,A,D,0,,,,,Y,,A,01,1,1,0,0,0,0,0,0,0,"- ","- ",37.492889404296875,-122.30222320556641,"SAN MATEO",UNINCORPORATED,-122.30207824707031,37.493011474609375
9219601,2020,2021-02-23,4104,2020-12-11,2106,0255,4,5,5,4,4104,0,0,0,,0,00A,"CALIFORNIA DR","BURLINGAME AV",3.00,N,N,C,-,N,,,,,,,,,,N,2,0,1,2,A,-,10,21950,A,N,G,B,B,B,H,-,C,A,0,Y,,,,Y,,A,01,1,0,0,0,1,0,0,0,0,"- ","- ",37.579769134521484,-122.3453369140625,"SAN MATEO",BURLINGAME,-122.34536743164062,37.579784393310547
92197367,2023,2023-10-12,9330,2023-09-30,1920,023320,,6,2,4,4102,0,1,2,,2,048,"US-101 S/B","RALSTON AVENUE",2700.00,S,N,A,-,Y,SM,,101," "," ",9.032,H,,L,N,2,0,1,3,A,-,07,21658,A,F,B,C,A,A,D,-,C,A,0,,,Y,,Y,,A,01,1,0,0,0,0,0,0,0,1,"- ","- ",37.520561218261719,-122.26396942138672,"SAN MATEO",BELMONT,-122.26384735107422,37.520648956298828
92204790,2023,2023-10-20,9335,2023-09-01,1120,023254,,5,1,6,4106,0,1,1,,2,021,"I-280 S/B","SERRAMONTE BLVD",1584.00,N,N,B,C,Y,SM,,280," ",R,25.045,H,,L,Y,2,0,2,4,A,-,08,22107,,N,D,C,A,B,H,-,A,D,0,,,,,Y,,D,22,1,1,0,0,0,0,0,0,0,"- ","- ",37.675041198730469,-122.46955108642578,"SAN MATEO","DALY CITY",-122.46963500976562,37.675003051757812
92208711,2023,2023-10-25,9330,2023-10-16,1925,022837,,1,2,5,4113,0,1,2,,2,058,"US-101 N/B","MAPLE STREET O/C",330.00,S,N,B,-,Y,SM,,101," "," ",5.816,H,,R,N,2,0,1,2,A,-,11,21954,A,N,G,B,E,A,H,-,C,D,0,Y,,,,Y,,N,60,1,0,0,0,1,0,0,0,0,"- ","- ",37.491668701171875,-122.21955871582031,"SAN MATEO","REDWOOD CITY",-122.21955108642578,37.491683959960938
9221262,2020,2021-02-09,4111,2020-12-31,1803,P5146,P14,4,5,4,4111,0,0,0,,0,0P3,"CABRILLO HWY","CRESPI DR",8.00,S,N,A,-,Y,SM,4,1,-,-,41.278,I,5,S,Y,2,0,1,2,A,-,11,21453,D,N,G,B,B,A,H,-,C,A,0,Y,,,,Y,,N,60,1,0,0,0,1,0,0,0,0,"- ","- ",,,"SAN MATEO",PACIFICA,-122.50009918212891,37.59954833984375
92226561,2023,2023-11-02,9330,2023-11-01,2320,023486,,3,3,4,4104,0,1,2,,2,038,"US-101 SOUTHBOUND",BROADWAY,1056.00,N,N,A,-,Y,SM,,101," "," ",16.841,H,,L,Y,2,0,1,2,A,-,08,22107,,N,B,C,A,A,H,-,C,D,0,,,,,Y,,A,01,1,0,0,0,0,0,0,0,0,"- ","- ",37.592330932617188,-122.36490631103516,"SAN MATEO",BURLINGAME,-122.36491394042969,37.592327117919922
92262280,2023,2023-12-14,9335,2023-09-26,"530 ",023312,,2,3,9,4100,0,1,2,,2,011,"US-101 N/B FROM SFO ON-RAMP","SFO BART O/C",405.00,S,N,C,-,Y,SM,,101," "," ",19.182,H,,R,Y,2,0,1,1,A,-,08,22107,,N,E,8,A,B,H,-,C,D,0,,,,,Y,,A,01,1,0,0,0,0,0,0,0,0,"- ","- ",37.614650726318359,-122.39692687988281,"SAN MATEO",UNINCORPORATED,-122.39720153808594,37.614517211914062
9227259,2021,2021-03-24,4127,2021-02-16,1736,279,4127,2,5,4,4127,0,0,0,,0,004,"EUCLID AV","OCONNOR ST",257.00,E,N,A,-,N,,,,,,,,,,N,2,0,1,3,A,-,08,22107,,N,G,B,E,A,H,-,C,A,0,Y,,,,Y,,A,01,1,0,0,0,1,0,0,0,0,"- ","- ",,,"SAN MATEO","EAST PALO ALTO",-122.14445495605469,37.461135864257812
9230381,2021,2021-04-06,4103,2021-01-19,0624,QU400,1,2,5,2,4103,0,0,0,,0,00U,"BAYSHORE BL","GUADALUPE CANYON PKWY",200.00,,N,A,-,N,,,,,,,,,,N,2,0,1,2,A,-,03,22350,,N,G,B,D,A,H,-,C,D,0,Y,,,,Y,,A,01,1,0,0,0,1,0,0,0,0,"- ","- ",37.692550659179688,-122.40458679199219,"SAN MATEO",BRISBANE,-122.40463256835938,37.692520141601562
92322346,2024,2024-02-26,9330,2024-02-23,1712,023486,,5,2,5,4116,0,1,2,,2,038,"US-101 S/B","THIRD AVENUE",3696.00,S,N,A,-,Y,SM,,101," "," ",12.713,H,,L,Y,2,0,1,2,A,-,03,22350,,N,C,C,A,A,H,-,A,D,0,,,,,Y,,A,01,1,0,0,0,0,0,0,0,0,"- ","- ",37.562850952148438,-122.30552673339844,"SAN MATEO","SAN MATEO",-122.30548095703125,37.562881469726562
92328193,2023,2024-03-04,9335,2023-12-02,1359,023121,,6,1,9,4100,0,1,3,,2,040,"SR-1 SOUTHBOUND","TOM LANTOS TUNNEL",2812.00,S,N,A,-,Y,,,,,,,,,,Y,2,0,3,2,A,-,05,21460,A,N,A,C,A,A,H,-,A,D,0,,,,,Y,,A,01,3,0,0,0,0,0,0,0,0,"- ","- ",37.564449310302734,-122.57260894775391,"SAN MATEO",UNINCORPORATED,-122.51341247558594,37.575496673583984
9233752,2021,2021-04-19,4120,2021-02-12,1807,206,10,5,5,4,4120,0,0,0,,0,00Y,"EAST HILLSDALE BL","CENTER ST",0.00,,Y,A,-,N,,,,,,,,,,N,2,0,1,3,-,-,"- ",,,N,G,B,D,A,H,-,C,D,0,Y,,,,Y,Y,N,60,1,0,0,0,1,0,0,0,0,"- ","- ",37.556041717529297,-122.27512359619141,"SAN MATEO","FOSTER CITY",,
92340171,2023,2024-03-18,9335,2023-04-09,"310 ",022897,,7,3,4,4114,0,1,1,,2,038,"I-380 E/B","CHERRY AVE",1030.00,E,N,A,-,Y,SM,,380," "," ",5.201,H,,R,N,1,1,0,2,A,-,11,21954,A,N,G,B,E,A,H,-,D,D,0,Y,,,,Y,Y,N,60,0,0,0,1,0,0,0,0,0,"- ","- ",37.630939483642578,-122.42318725585938,"SAN MATEO","SAN BRUNO",-122.42317962646484,37.630928039550781
92344845,2024,2024-03-22,9335,2024-03-06,1525,019949,,3,2,6,4106,0,1,1,,2,021,"I-280 S/B TO HICKEY BLVD","HICKEY BLVD",600.00,N,N,A,-,Y,SM,,280," ",R,24.365,H,,L,Y,2,0,1,1,A,-,08,22107,,N,E,I,A,A,H,-,A,D,0,,,,,Y,,J,48,1,0,0,0,0,0,0,0,0,"- ","- ",37.665809631347656,-122.46617126464844,"SAN MATEO","DALY CITY",-122.46587371826172,37.665821075439453
92394333,2024,2024-05-20,9335,2024-05-14,1130,022187,,2,1,4,4111,0,1,3,,2,041,"SR-1 S/B","THE FRANCISCO BLVD OVER-CROSSING",473.00,N,N,A,-,Y,SM,,1," ",R,43.555,H,,L,Y,2,0,3,1,A,-,01,23152,A,N,F,I,A,A,H,-,A,D,0,,,,,Y,Y,A,01,1,2,0,0,0,0,0,0,0,"- ","- ",37.626991271972656,-122.48892211914062,"SAN MATEO",PACIFICA,-122.48885345458984,37.627017974853516
92406941,2023,2024-06-05,9330,2023-12-10,"330 ",023165,,7,3,5,4113,0,1,2,,2,058,"US-101 S/B","MARSH RD",2640.00,N,N,A,-,Y,SM,,101," "," ",4.754,H,,L,N,2,0,3,1,A,-,08,22107,,N,E,8,A,D,H,-,C,D,0,,,,,Y,,A,07,1,2,0,0,0,0,0,0,0,"- ","- ",37.486820220947266,-122.20169830322266,"SAN MATEO","REDWOOD CITY",-122.20167541503906,37.486949920654297
92421187,2024,2024-06-24,9335,2024-06-08,"27  ",023737,,6,3,2,4103,0,1,2,,2,012,"US-101 SOUTHBOUND","ALANA WAY",2795.00,S,N,A,-,Y,SM,,101," "," ",25.593,H,,L,Y,2,0,2,2,A,-,01,23152,A,F,C,C,A,A,H,-,C,D,0,,,,,Y,Y,A,07,1,0,1,0,0,0,0,0,0,"- ","- ",37.701210021972656,-122.39360046386719,"SAN MATEO",BRISBANE,-122.39352416992188,37.701221466064453
92427548,2024,2024-07-01,9330,2024-06-06,1834,023857,,4,2,5,4116,0,1,3,,2,031,"SR-92 E/B","EDGEWATER BLVD.",1584.00,W,N,A,-,Y,SM,,92," ",R,12.435,H,,R,Y,2,0,1,2,A,-,07,21658,A,N,B,C,A,A,H,-,A,D,0,,,Y,,Y,,C,02,1,0,0,0,0,0,0,0,1,"- ","- ",37.554191589355469,-122.29065704345703,"SAN MATEO","SAN MATEO",-122.2906494140625,37.554176330566406
92429795,2023,2024-07-03,9330,2023-09-29,1102,023254,,5,1,4,4127,0,1,2,,2,058,"US-101 N/B FROM DONOHOE STREET","UNIVERSITY AVENUE",528.00,N,N,A,-,Y,SM,,101," "," ",1.092,H,,R,Y,1,1,0,1,C,-,18,,,N,F,A,A,D,H,-,A,D,0,,,Y,,Y,,-,"- ",0,0,0,0,0,0,0,1,0,"- ","- ",37.462501525878906,-122.14376068115234,"SAN MATEO","EAST PALO ALTO",-122.14389038085938,37.462356567382812
92441455,2024,2024-07-17,9330,2024-07-14,"215 ",023265,,7,3,4,4104,0,1,2,,2,038,"US-101 N/B","BROADWAY AVENUE",2112.00,S,N,A,-,Y,SM,,101," "," ",16.179,H,,R,Y,2,0,4,2,A,-,01,23152,A,N,A,C,A,A,H,-,C,D,0,,,,,Y,Y,A,01,1,3,0,0,0,0,0,0,0,"- ","- ",37.587238311767578,-122.35472869873047,"SAN MATEO",BURLINGAME,-122.35466003417969,37.587501525878906
9245517,2021,2021-04-02,4113,2021-03-01,1857,363,3,1,5,5,4113,0,0,0,,0,003,"WOODSIDE RD","MIDDLEFIELD RD",350.00,W,N,A,-,Y,SM,4,84,-,-,24.990,H,-,N,Y,2,0,5,3,A,-,03,22350,,N,C,C,A,A,H,-,A,D,0,,,,,Y,,A,07,2,3,0,0,0,0,0,0,0,"- ","- ",37.481098175048828,-122.21898651123047,"SAN MATEO","REDWOOD CITY",-122.21958923339844,37.480297088623047
92602389,2024,2024-07-25,9330,2024-07-18,"515 ",023494,,4,3,5,4113,0,1,2,,2,058,"US-101 S/B","MARSH ROAD",1214.00,N,N,A,-,Y,SM,,101," "," ",3.826,H,,L,N,2,0,2,2,A,-,03,22350,,N,C,C,A,A,H,-,A,D,0,,,,,Y,,A,01,1,0,1,0,0,0,0,0,0,"- ","- ",37.48455810546875,-122.18482208251953,"SAN MATEO","REDWOOD CITY",-122.18482208251953,37.484546661376953
9260965,2021,2021-07-08,4116,2021-06-11,2100,27755,14,5,5,5,4116,0,0,0,,0,00A,"S AMPHLETT BL","FOLKSTONE AV",0.00,,Y,A,-,N,,,,,,,,,,Y,2,0,1,3,A,-,03,22350,,M,D,E,A,A,H,-,C,A,0,,,,,Y,,A,07,1,0,0,0,0,0,0,0,0,"- ","- ",37.569480895996094,-122.33355712890625,"SAN MATEO","SAN MATEO",-122.30496215820312,37.562103271484375
9262659,2021,2021-05-21,4103,2021-04-11,1058,SE450,1,7,5,2,4103,0,0,0,,0,00U,"WEST HILL DR","VALLEY DR",263.00,N,N,A,-,N,,,,,,,,,,N,2,0,1,1,A,-,17,21205,,N,F,A,A,A,H,-,A,D,0,,Y,,,Y,,L,04,1,0,0,0,0,0,1,0,0,"- ","- ",37.692710876464844,-122.41972351074219,"SAN MATEO",BRISBANE,-122.41110992431641,37.688278198242188
9268247,2021,2021-05-27,4114,2021-04-11,0948,0825,SNB13,7,5,4,4114,0,0,0,,0,002,"CRYSTAL SPRINGS RD","LINDEN AV",0.00,,Y,A,-,N,,,,,,,,,,N,2,0,1,2,A,-,00,22950,A,N,G,B,B,A,H,-,A,D,0,Y,,,,Y,,A,01,1,0,0,0,1,0,0,0,0,"- ","- ",,,"SAN MATEO","SAN BRUNO",-122.411376953125,37.619674682617188
9273208,2020,2021-06-18,4127,2020-10-04,1812,2263,4127,7,5,4,4127,0,0,0,,0,002,"PULGAS AV","BAY RD",116.00,W,N,A,-,N,,,,,,,,,,N,2,0,1,2,A,-,21,22106,,N,H,E,A,A,H,-,A,D,0,,,,,Y,,-,,1,0,0,0,0,0,0,0,0,"- ","- ",,,"SAN MATEO","EAST PALO ALTO",-122.13186645507812,37.472911834716797
9278215,2021,2021-07-01,4116,2021-05-26,0851,25586,32,3,5,5,4116,0,0,0,,0,00C,"E HILLSDALE CT","SARATOGA DR",426.00,E,N,A,-,N,,,,,,,,,,Y,2,0,1,6,C,-,18,,,N,D,C,A,A,H,-,A,D,0,,,,,Y,,-,"- ",1,0,0,0,0,0,0,0,0,"- ","- ",37.542850494384766,-122.28914642333984,"SAN MATEO","SAN MATEO",-122.29039001464844,37.542789459228516
9279001,2021,2021-07-09,4113,2021-06-01,2045,440,7,2,5,5,4113,0,0,0,,0,023,"EL CAMINO REAL",BROADWAY,0.00,,Y,A,-,N,,,82,,,,,,,N,2,0,1,1,A,-,08,22107,,N,A,J,A,A,H,-,C,A,0,,,Y,,Y,,C,03,1,0,0,0,0,0,0,0,1,"- ","- ",37.486190795898438,-122.23500823974609,"SAN MATEO","REDWOOD CITY",-122.23497009277344,37.486232757568359
9298889,2021,2021-08-27,4111,2021-06-22,1123,P5162,P12,2,5,4,4111,0,0,0,,0,0P2,"CABRILLO HWY","FASSLER AV",193.00,N,N,A,-,Y,SM,4,1,-,-,42.050,H,-,N,N,2,0,1,2,A,-,06,21760,C,N,H,G,A,A,H,-,A,D,0,,Y,,,Y,,D,72,1,0,0,0,0,0,1,0,0,"- ","- ",,,"SAN MATEO",PACIFICA,-122.49471282958984,37.609024047851562
9313317,2021,2021-09-07,4111,2021-07-21,0820,P5162,P07,3,5,4,4111,0,0,0,,0,0P2,"PALMETTO AV","RT 1",408.00,S,N,B,-,N,,,,,,,,,,N,2,0,1,2,A,-,17,22517,,N,B,G,A,A,H,-,A,D,0,,Y,,,Y,,A,01,1,0,0,0,0,0,1,0,0,"- ",SO,,,"SAN MATEO",PACIFICA,-122.490966796875,37.649734497070312
9320719,2020,2022-06-01,4127,2020-08-14,0431,2211,4127,5,5,4,4127,0,0,0,,0,,"UNIVERSITY AV","ADAMS DR",0.00,,Y,A,-,N,,,,,,,,,,Y,1,1,0,2,A,-,01,21200,5,N,H,G,A,A,H,-,C,A,0,,Y,,,Y,Y,L,04,0,0,0,0,0,1,0,0,0,"- ","- ",,,"SAN MATEO","EAST PALO ALTO",-122.13974761962891,37.478439331054688
9327418,2021,2021-10-15,4103,2021-08-21,2252,MA460,1,6,5,2,4103,0,0,0,,0,00U,"BAYSHORE BL","VAN WATERS RD",518.00,N,N,B,-,N,,,,,,,,,,N,2,0,1,2,A,-,11,21950,B,F,G,B,E,A,H,-,C,D,0,Y,,,,Y,Y,N,60,1,0,0,0,1,0,0,0,0,"- ","- ",37.677650451660156,-122.39299774169922,"SAN MATEO",BRISBANE,-122.39515686035156,37.682403564453125
9338298,2021,2021-09-29,4127,2021-07-23,2320,2257,4127,5,5,4,4127,0,0,0,,0,001,"NEWBRIDGE ST","SARATOGA AV",0.00,,Y,A,-,N,,,,,,,,,,Y,2,0,2,2,A,-,12,22450,A,N,D,C,A,A,H,-,C,A,0,,,,,Y,,A,01,2,0,0,0,0,0,0,0,0,"- ","- ",,,"SAN MATEO","EAST PALO ALTO",-122.15371704101562,37.472579956054688
9355761,2021,2021-11-08,4106,2021-09-17,2208,2151,8,5,5,6,4106,0,0,0,,0,004,"RT 35","JOHN DALY BL",38.00,S,N,A,-,Y,SM,4,35,-,-,30.834,I,6,N,Y,2,0,1,1,A,-,01,23152,A,N,E,J,A,A,H,-,C,A,0,,,,,Y,Y,A,01,1,0,0,0,0,0,0,0,0,"- ","- ",37.698459625244141,-122.49484252929688,"SAN MATEO","DALY CITY",-122.49501037597656,37.698951721191406
9366997,2021,2021-11-19,4111,2021-10-03,1401,P5150,P12,7,5,4,4111,0,0,0,,0,0P2,"RT 1","ROCKAWAY BEACH AV",129.00,N,N,A,-,Y,SM,4,1,-,-,42.040,H,-,S,Y,2,0,1,1,A,-,03,22350,,N,H,J,A,A,H,-,A,A,0,,,Y,,Y,,C,02,1,0,0,0,0,0,0,0,1,"- ","- ",,,"SAN MATEO",PACIFICA,-122.49491882324219,37.609016418457031
9395520,2022,2022-02-28,4113,2022-01-05,0116,443,2,3,5,5,4113,0,0,0,,0,002,"HOPKINS AV","EL CAMINO REAL",51.00,W,N,A,-,N,,,,,,,,,,N,2,0,1,2,A,-,11,21954,A,N,G,B,D,A,H,-,C,D,0,Y,,,Y,Y,Y,N,60,1,0,0,0,1,0,0,0,0,"- ","- ",37.488849639892578,-122.23806762695312,"SAN MATEO","REDWOOD CITY",-122.23815155029297,37.488739013671875
9395926,2022,2022-02-02,4113,2022-01-10,2149,487,5,1,5,5,4113,0,0,0,,0,005,"WOODSIDE RD","HESS RD",0.00,,Y,A,-,N,,,,,,,,,,Y,2,0,1,1,A,-,03,22350,,N,E,I,A,A,H,-,C,A,0,,,,,Y,,A,01,1,0,0,0,0,0,0,0,0,"- ","- ",37.471199035644531,-122.22357940673828,"SAN MATEO","REDWOOD CITY",-122.22310638427734,37.471508026123047
94019574,2024,2024-08-09,9330,2024-08-03,1215,022929,,6,1,9,4100,0,1,3,,2,052,"PAGE MILL RD","ALPINE RD",528.00,W,N,A,-,Y,,,,,,,,,,Y,2,0,1,1,C,-,18,,,N,F,C,A,A,H,-,A,D,0,,,Y,,Y,,-,"- ",1,0,0,0,0,0,0,0,1,"- ","- ",37.320209503173828,-122.18856048583984,"SAN MATEO",UNINCORPORATED,-122.18853759765625,37.319938659667969
9406171,2022,2022-02-16,4106,2022-01-18,1507,2152,8,2,5,6,4106,0,0,0,,0,004,"JOHN DALY BL","SKYLINE BL",0.00,,Y,A,-,N,,,,,,,,,,Y,2,0,1,1,A,-,03,22350,,N,H,A,A,A,B,-,A,A,0,,,Y,,Y,,C,02,1,0,0,0,0,0,0,0,1,"- ","- ",37.698459625244141,-122.49484252929688,"SAN MATEO","DALY CITY",-122.49485778808594,37.698444366455078
9408258,2022,2022-03-09,4103,2022-01-14,2500,MI410,,5,5,2,4103,0,0,0,,0,00A,"HARNEY WY","ALANA WY",1377.00,S,N,A,-,N,,,,,,,,,,Y,2,0,2,2,A,-,01,23153,,N,C,E,A,A,H,-,D,D,0,,,,,Y,Y,A,08,1,1,0,0,0,0,0,0,0,"- ","- ",37.6822509765625,-122.38937377929688,"SAN MATEO",BRISBANE,-122.39359283447266,37.705856323242188
9409426,2021,2022-03-15,4127,2021-09-20,1615,279,4127,1,5,4,4127,0,0,0,,0,003,"EAST BAYSHORE RD","DONOHOE ST",0.00,,Y,A,-,N,,,,,,,,,,N,2,0,1,2,A,-,09,21453,B,F,H,G,A,A,H,-,A,A,0,,Y,,,Y,,A,01,1,0,0,0,0,0,1,0,0,"- ","- ",,,"SAN MATEO","EAST PALO ALTO",-122.14408111572266,37.462825775146484
9409435,2021,2022-03-07,4127,2021-06-22,1907,2263,4127,2,5,4,4127,0,0,0,,0,003,"UNIVERSITY AV","DONOHOE ST",0.00,,Y,A,-,N,,,,,,,,,,Y,2,0,1,2,A,-,12,21453,,N,D,G,A,A,H,-,A,D,0,,Y,,,Y,,L,04,1,0,0,0,0,0,1,0,0,"- ","- ",,,"SAN MATEO","EAST PALO ALTO",-122.14170074462891,37.462661743164062