CASE_ID,ACCIDENT_YEAR,PROC_DATE,JURIS,COLLISION_DATE,COLLISION_TIME,OFFICER_ID,REPORTING_DISTRICT,DAY_OF_WEEK,CHP_SHIFT,POPULATION,CNTY_CITY_LOC,SPECIAL_COND,BEAT_TYPE,CHP_BEAT_TYPE,CITY_DIVISION_LAPD,CHP_BEAT_CLASS,BEAT_NUMBER,PRIMARY_RD,SECONDARY_RD,DISTANCE,DIRECTION,INTERSECTION,WEATHER_1,WEATHER_2,STATE_HWY_IND,CALTRANS_COUNTY,CALTRANS_DISTRICT,STATE_ROUTE,ROUTE_SUFFIX,POSTMILE_PREFIX,POSTMILE,LOCATION_TYPE,RAMP_INTERSECTION,SIDE_OF_HWY,TOW_AWAY,COLLISION_SEVERITY,NUMBER_KILLED,NUMBER_INJURED,PARTY_COUNT,PRIMARY_COLL_FACTOR,PCF_CODE_OF_VIOL,PCF_VIOL_CATEGORY,PCF_VIOLATION,PCF_VIOL_SUBSECTION,HIT_AND_RUN,TYPE_OF_COLLISION,MVIW,PED_ACTION,ROAD_SURFACE,ROAD_COND_1,ROAD_COND_2,LIGHTING,CONTROL_DEVICE,CHP_ROAD_TYPE,PEDESTRIAN_ACCIDENT,BICYCLE_ACCIDENT,MOTORCYCLE_ACCIDENT,TRUCK_ACCIDENT,NOT_PRIVATE_PROPERTY,ALCOHOL_INVOLVED,STWD_VEHTYPE_AT_FAULT,CHP_VEHTYPE_AT_FAULT,COUNT_SEVERE_INJ,COUNT_VISIBLE_INJ,COUNT_COMPLAINT_PAIN,COUNT_PED_KILLED,COUNT_PED_INJURED,COUNT_BICYCLIST_KILLED,COUNT_BICYCLIST_INJURED,COUNT_MC_KILLED,COUNT_MC_INJURED,PRIMARY_RAMP,SECONDARY_RAMP,LATITUDE,LONGITUDE,COUNTY,CITY,POINT_X,POINT_Y
9413676,2022,2022-02-22,4127,2022-01-07,1823,2268,4127,5,5,4,4127,0,0,0,,0,003,"BELL ST","UNIVERSITY AV",0.00,,Y,A,-,N,,,,,,,,,,N,2,0,1,2,A,-,10,21950,,F,G,B,B,A,H,-,C,A,0,Y,,,,Y,,A,01,1,0,0,0,1,0,0,0,0,"- ","- ",,,"SAN MATEO","EAST PALO ALTO",-122.14156341552734,37.465587615966797
9421299,2022,2022-03-22,4127,2022-02-10,2105,2269,4127,4,5,4,4127,0,0,0,,0,001,"UNIVERSITY AV","BAY RD",0.00,,Y,A,-,N,,,,,,,,,,N,2,0,2,2,A,-,09,21801,A,N,-,C,A,A,H,-,C,D,0,,,,,Y,,A,01,1,0,1,0,0,0,0,0,0,"- ","- ",,,"SAN MATEO","EAST PALO ALTO",-122.139404296875,37.471652984619141
9422167,2022,2022-05-18,4127,2022-04-23,2008,2211,4127,6,5,4,4127,0,0,0,,0,002,"CLARKE AV","BAY RD",255.00,W,N,A,-,N,,,,,,,,,,Y,2,0,1,2,A,-,00,20001,A,F,G,B,D,A,H,-,B,A,0,Y,,,,Y,Y,A,01,1,0,0,0,1,0,0,0,0,"- ","- ",,,"SAN MATEO","EAST PALO ALTO",-122.13510894775391,37.471710205078125
9434061,2022,2022-04-11,4113,2022-02-17,1527,462,7,4,5,5,4113,0,0,0,,0,007,"WHIPPLE AV","BIRCH ST",15.00,W,N,A,-,N,,,,,,,,,,N,2,0,2,2,A,-,08,22107,,N,D,C,A,A,H,-,A,D,0,,,,,Y,,A,01,1,0,1,0,0,0,0,0,0,"- ","- ",37.489051818847656,-122.24150085449219,"SAN MATEO","REDWOOD CITY",-122.24152374267578,37.489040374755859
94381673,2024,2024-09-04,9335,2024-08-22,"800 ",023474,,4,1,6,4106,0,1,1,,2,020,"I-280 S/B","WESTBOROUGH BLVD",2041.00,N,N,A,-,Y,SM,,280," ",R,23.016,H,,L,N,2,0,1,2,A,-,03,22350,,N,C,C,A,A,H,-,A,D,0,,,Y,,Y,,C,02,1,0,0,0,0,0,0,0,1,"- ","- ",37.650138854980469,-122.45268249511719,"SAN MATEO","DALY CITY",-122.45269012451172,37.650135040283203
94401005,2024,2024-09-20,9330,2024-09-12,2210,022372,,4,3,9,4100,0,1,1,,2,034,"SR-35 (SKYLINE BOULEVARD)","GOLF COURSE DRIVE",2640.00,S,N,A,-,Y,,,,,,,,,,N,2,0,1,1,A,-,08,22107,,N,E,I,A,A,H,-,D,D,0,,,,,Y,,A,01,1,0,0,0,0,0,0,0,0,"- ","- ",37.538848876953125,-122.36788940429688,"SAN MATEO",UNINCORPORATED,-122.36873626708984,37.540515899658203
94402805,2024,2024-09-20,9330,2024-08-27,2302,022735,,2,3,4,4115,0,1,2,,2,048,"US-101 N/B","HOLLY STREET",449.00,S,N,A,-,Y,SM,,101," "," ",8.308,H,,R,Y,2,0,5,3,A,-,08,22107,,N,D,2,A,A,H,-,C,D,0,,,,,Y,,A,01,1,0,4,0,0,0,0,0,0,"- ","- ",37.513038635253906,-122.25492095947266,"SAN MATEO","SAN CARLOS",-122.25495910644531,37.513015747070312
9442478,2022,2022-05-20,4106,2022-02-17,1257,1137,13B,4,5,6,4106,0,0,0,,0,006,"HICKEY BL","GELLERT BL",0.00,,Y,A,-,N,,,,,,,,,,Y,2,0,3,2,D,-,00,,,N,D,C,A,A,H,-,A,A,0,,,,,Y,,-,"- ",1,0,2,0,0,0,0,0,0,"- ","- ",37.664569854736328,-122.46901702880859,"SAN MATEO","DALY CITY",-122.46923065185547,37.664459228515625
9442643,2022,2022-05-04,4106,2022-03-02,1849,2192,12,3,5,6,4106,0,0,0,,0,005,"SAINT FRANCIS BL","CLARINADA AV",4.00,S,N,A,-,N,,,,,,,,,,N,2,0,2,3,A,-,12,22450,A,N,G,B,B,A,H,-,C,A,0,Y,,,,Y,,A,01,1,1,0,0,2,0,0,0,0,"- ","- ",37.671218872070312,-122.48017120361328,"SAN MATEO","DALY CITY",-122.48015594482422,37.671218872070312
94462427,2023,2025-01-08,9330,2023-09-20,2203,022372,,3,3,5,4116,0,1,3,,2,031,"SR-92 E/B","DELAWARE STREET",871.00,W,N,A,-,Y,SM,,92," ",R,11.453,H,,R,N,1,1,0,2,A,-,00,21960,A,N,G,B,E,A,H,-,D,D,0,Y,,,,Y,Y,N,60,0,0,0,1,0,0,0,0,0,"- ","- ",37.552238464355469,-122.30831909179688,"SAN MATEO","SAN MATEO",-122.30831909179688,37.552227020263672
94472129,2024,2024-11-18,9335,2024-11-09,1749,023489,,6,2,5,4117,0,1,2,,2,012,"US-101 NORTHBOUND","GRAND AVENUE UNDER-CROSSING",105.00,S,N,A,-,Y,SM,,101," "," ",21.983,H,,R,N,2,0,1,2,A,-,07,21658,A,N,B,C,A,A,H,-,C,D,0,,,Y,,Y,,A,07,1,0,0,0,0,0,0,0,1,"- ","- ",37.654129028320312,-122.40693664550781,"SAN MATEO","SOUTH SAN FRANCISCO",-122.40689086914062,37.654125213623047
9447758,2022,2022-11-03,4127,2022-09-04,1042,2253,4127,7,5,4,4127,0,0,0,,0,004,"GREEN ST","ADDISON AV",96.00,S,N,A,-,N,,,,,,,,,,Y,2,0,1,2,A,-,08,22107,,N,C,E,A,A,H,-,A,D,0,,,Y,,Y,,C,02,1,0,0,0,0,0,0,0,1,"- ","- ",,,"SAN MATEO","EAST PALO ALTO",-122.14858245849609,37.464580535888672
94481159,2024,2024-11-25,9335,2024-11-15,1830,023832,,5,2,6,4106,0,1,1,,2,021,"I-280 N/B","WASHINGTON STREET OVERCROSSING",165.00,S,N,A,-,Y,SM,,280," ",R,25.930,H,,R,Y,2,0,3,2,A,-,07,21658,A,N,C,C,A,A,H,-,C,D,0,,,,,Y,,A,01,1,2,0,0,0,0,0,0,0,"- ","- ",37.687389373779297,-122.47087860107422,"SAN MATEO","DALY CITY",-122.47093963623047,37.687400817871094
94495282,2024,2024-12-06,9335,2024-07-26,1115,023111,,5,1,5,4116,0,1,3,,2,040,"SR-1 S/B","TOM LANTOS TUNNELS",4574.00,S,N,A,-,Y,SM,,1," "," ",37.601,H,,L,Y,1,3,0,1,A,-,08,22107,,N,E,I,A,A,H,-,A,D,0,,,,,Y,,A,07,0,0,0,0,0,0,0,0,0,"- ","- ",37.5594482421875,-122.51406860351562,"SAN MATEO","SAN MATEO",-122.51402282714844,37.559406280517578
94495757,2023,2024-12-09,9335,2023-10-05,"618 ",023111,,4,1,5,4117,0,1,2,,2,012,"US-101 S/B","GRAND AVENUE UNDERCROSSING",1425.00,N,N,A,-,Y,SM,,101," "," ",22.329,H,,L,N,1,1,0,6,A,-,11,21954,A,F,G,B,D,A,H,-,C,D,0,Y,,,,Y,,N,60,0,0,0,1,0,0,0,0,0,"- ","- ",37.658359527587891,-122.40564727783203,"SAN MATEO","SOUTH SAN FRANCISCO",-122.40556335449219,37.658332824707031
94503880,2024,2024-12-13,9335,2024-08-16,"804 ",023474,,5,1,6,4106,0,1,1,,2,021,"I-280 S/B","JOHN DALY BLVD OVERCROSSING",670.00,S,N,A,-,Y,SM,,280," ",M,27.025,H,,L,Y,1,1,0,1,A,-,08,22107,,N,E,8,A,A,H,-,A,D,0,,,,,Y,,A,01,0,0,0,0,0,0,0,0,0,"- ","- ",37.703071594238281,-122.47206115722656,"SAN MATEO","DALY CITY",-122.47214508056641,37.703071594238281
94507752,2024,2024-12-17,9330,2024-12-05,1154,022785,,4,1,9,4100,0,1,3,,1,010,SR-1,"CORONADO ST",0.00,,Y,A,-,Y,SM,,1," "," ",32.024,H,,R,Y,2,0,3,4,A,-,09,21453,C,N,D,C,A,A,H,-,A,A,0,,,Y,,Y,,A,01,1,1,1,0,0,0,0,0,1,"- ","- ",37.499801635742188,-122.4674072265625,"SAN MATEO",UNINCORPORATED,-122.46742248535156,37.499778747558594
94536947,2025,2025-01-14,9330,2025-01-05,"10  ",023570,,7,3,4,4102,0,1,2,,2,048,"US-101 N/B","RALSTON AVENUE",2323.00,S,N,A,-,Y,SM,,101," "," ",9.098,H,,R,Y,2,0,1,1,A,-,01,23152,A,N,B,I,A,A,H,-,D,D,0,,,,,Y,Y,A,07,1,0,0,0,0,0,0,0,0,"- ","- ",37.521400451660156,-122.26463317871094,"SAN MATEO",BELMONT,-122.26453399658203,37.521472930908203
94554447,2025,2025-01-29,9330,2025-01-20,1340,016184,,1,1,9,4100,0,1,3,,2,042,"SR-35 (SKYLINE BLVD.)",SR-92,5280.00,S,N,A,-,Y,SM,,35," "," ",21.744,H,,R,Y,2,0,1,1,A,-,03,22350,,N,F,0,A,A,H,-,A,D,0,,,Y,,Y,,C,02,1,0,0,0,0,0,0,0,1,"- ","- ",37.485210418701172,-122.36015319824219,"SAN MATEO",UNINCORPORATED,-122.36016082763672,37.485191345214844
94573866,2025,2025-02-11,9330,2025-02-07,1133,020646,,5,1,9,4100,0,1,3,,1,011,SR-92,"CANADA RD",1616.00,W,N,B,C,Y,SM,,92," ",T,6.832,H,,R,Y,2,0,5,3,A,-,05,21460,,N,B,2,A,B,H,-,A,D,0,,,,,Y,,A,01,2,3,0,0,0,0,0,0,0,"- ","- ",37.510349273681641,-122.34487152099609,"SAN MATEO",UNINCORPORATED,-122.34490203857422,37.510334014892578
94577250,2025,2025-02-12,9330,2025-02-01,"640 ",023864,,6,1,4,4127,0,1,2,,2,058,"US-101 S/B","UNIVERSITY AVENUE",3960.00,S,N,B,C,Y,SM,,101," "," ",0.118,H,,L,Y,2,0,1,3,C,-,18,,,N,C,C,A,B,H,-,D,D,0,,,,,Y,,-,"- ",1,0,0,0,0,0,0,0,0,"- ","- ",37.453708648681641,-122.12962341308594,"SAN MATEO","EAST PALO ALTO",-122.12961578369141,37.453716278076172
94583027,2024,2025-02-18,9330,2024-08-01,1340,023693,,4,1,3,4107,0,1,3,,1,010,SR-1,"CORAL REEF AVENUE",0.00,,Y,A,-,Y,SM,,1," "," ",33.195,H,,R,Y,1,1,0,2,A,-,09,21801,A,N,D,2,A,A,H,-,A,D,0,,,,Y,Y,,A,07,0,0,0,0,0,0,0,0,0,"- ","- ",37.508171081542969,-122.48581695556641,"SAN MATEO","HALF MOON BAY",-122.48580932617188,37.5081787109375
94583779,2025,2025-02-19,9330,2025-02-06,1842,024324,,4,2,9,4100,0,3,5,,2,509,"ALAMEDA DE LAS PULGAS","VALPARAISO AVENUE",0.00,,Y,C,-,N,,,,,,,,,,N,2,0,1,2,A,-,09,21801,A,N,A,C,A,B,H,-,C,A,0,,,,,Y,,A,01,1,0,0,0,0,0,0,0,0,"- ","- ",37.434059143066406,-122.20584106445312,"SAN MATEO",UNINCORPORATED,-122.20584106445312,37.434059143066406
94693841,2025,2025-06-03,9330,2025-01-06,"130 ",023671,,1,3,9,4100,0,1,3,,1,020,SR-1,"BEAN HOLLOW ROAD",400.00,N,N,B,-,Y,SM,,1," "," ",10.814,H,,R,Y,1,1,0,1,A,-,08,22107,,N,E,I,A,A,H,-,D,D,0,,,,,Y,,A,01,0,0,0,0,0,0,0,0,0,"- ","- ",37.223220825195312,-122.40650177001953,"SAN MATEO",UNINCORPORATED,-122.40658569335938,37.223201751708984
9469625,2023,2023-09-14,4102,2023-08-16,"836 ",26,7WH,3,5,4,4102,0,0,0,,0,003,"HASTINGS DR","LIGHT POLE #23275",46.00,S,N,A,-,N,,,,,,,,,,Y,2,0,2,3,A,-,08,22107,,N,C,E,E,A,H,-,A,D,0,Y,,,,Y,,A,07,1,0,1,0,1,0,0,0,0,"- ","- ",37.501750946044922,-122.29335784912109,"SAN MATEO",BELMONT,,
94707588,2025,2025-05-30,9335,2025-05-13,1540,024211,,2,2,6,4106,0,1,1,,2,021,"I-280 NORTHBOUND","SOUTHGATE AVE",126.00,S,N,A,-,Y,SM,,280," ",R,24.605,H,,R,Y,2,0,1,2,D,-,00,,,N,C,C,A,A,H,-,A,D,0,,,,,Y,,-,"- ",1,0,0,0,0,0,0,0,0,"- ","- ",37.669349670410156,-122.46578216552734,"SAN MATEO","DALY CITY",-122.46571350097656,37.669361114501953
94721885,2025,2025-06-11,9330,2025-05-29,1611,024394,,4,2,5,4116,0,1,3,,2,031,"SR-92 W/B","ALAMEDA DE LAS PULGAS",1742.00,E,N,A,-,Y,SM,,92," ",R,10.909,H,,L,Y,2,0,1,2,A,-,07,21658,A,N,B,2,A,A,H,-,A,D,0,,,Y,,Y,,A,01,1,0,0,0,0,0,0,0,1,"- ","- ",37.548591613769531,-122.31703186035156,"SAN MATEO","SAN MATEO",-122.31703186035156,37.548595428466797
9478142,2022,2022-08-17,4113,2022-07-19,1458,428,3,2,5,5,4113,0,0,0,,0,003,"WOODSIDE RD","MIDDLEFIELD RD",0.00,,Y,A,-,N,,,,,,,,,,Y,2,0,2,3,A,-,05,21651,B,N,A,C,A,A,H,-,A,D,0,,,,Y,Y,,A,07,2,0,0,0,0,0,0,0,0,"- ","- ",37.481098175048828,-122.21898651123047,"SAN MATEO","REDWOOD CITY",-122.21916961669922,37.481113433837891
9480366,2022,2022-07-25,4113,2022-07-10,2130,471,7,7,5,5,4113,0,0,0,,0,007,"WHIPPLE AV","EL CAMINO REAL",0.00,,Y,A,-,N,,,,,,,,,,Y,2,0,2,2,D,-,00,,,N,D,C,A,A,H,-,C,A,0,,,,,Y,,-,"- ",1,0,1,0,0,0,0,0,0,"- ","- ",37.490379333496094,-122.23979187011719,"SAN MATEO","REDWOOD CITY",-122.23981475830078,37.490398406982422
9486832,2022,2022-09-19,4113,2022-07-22,0839,383,1,5,5,5,4113,0,0,0,,0,001,"HOLLY ST","AIRPORT WY",572.00,W,N,A,-,N,,,,,,,,,,N,2,0,1,2,A,-,09,21800,B,N,H,G,A,A,H,-,A,A,0,,Y,,,Y,,D,22,1,0,0,0,0,0,1,0,0,"- ","- ",,,"SAN MATEO","REDWOOD CITY",,
9520100,2022,2023-02-08,4113,2022-11-11,0602,493,1,5,5,5,4113,0,0,0,,0,001,MARLIN,"REDWOOD SHORES PKWY",0.00,,Y,A,-,N,,,,,,,,,,Y,2,0,1,1,A,-,"- ",,,N,E,J,A,B,H,-,C,A,0,,,,,Y,,A,01,1,0,0,0,0,0,0,0,0,"- ","- ",37.530559539794922,-122.24564361572266,"SAN MATEO","REDWOOD CITY",-122.24562835693359,37.530540466308594
9520515,2022,2023-05-11,4114,2022-06-19,2200,22525,,7,5,4,4114,0,0,0,,0,,"HUNTINGTON AV","SAN BRUNO AV",0.00,,Y,A,-,N,,,,,,,,,,Y,1,1,4,3,A,-,01,23152,F,F,D,C,A,A,H,-,C,A,0,,,,,Y,,A,07,0,0,4,0,0,0,0,0,0,"- ","- ",,,"SAN MATEO","SAN BRUNO",-122.4119873046875,37.630592346191406
9520539,2022,2023-08-18,4113,2022-11-04,1950,433,7,5,5,5,4113,0,0,0,,0,007,"RT 82","FINGER ST",0.00,,Y,A,-,Y,SM,4,82,-,-,5.105,I,5,S,Y,1,2,5,2,A,-,03,22350,,N,D,C,A,A,H,-,C,D,0,,,,,Y,,A,01,4,1,0,0,0,0,0,0,0,"- ","- ",37.493198394775391,-122.24343872070312,"SAN MATEO","REDWOOD CITY",-122.24379730224609,37.493118286132812
9520594,2023,2023-06-12,4127,2023-02-26,1004,2285,4127,7,5,4,4127,0,0,0,,0,001,"RALMAR AV 2200","BAY RD",239.00,W,N,B,-,N,,,,,,,,,,Y,1,1,3,7,B,-,22,,,F,A,B,F,A,H,-,A,D,0,Y,,,,Y,,A,01,0,2,1,1,0,0,0,0,0,"- ","- ",,,"SAN MATEO","EAST PALO ALTO",-122.14834594726562,37.469932556152344
9520649,2023,2023-08-03,4113,2023-05-12,2223,351,7,5,5,5,4113,0,0,0,,0,007,"EL CAMINO REAL",FINGER,0.00,,Y,A,-,Y,SM,4,82,-,-,5.090,H,-,N,Y,1,1,0,2,A,-,03,22350,,N,C,E,A,A,H,-,C,D,0,,,,,Y,,A,01,0,0,0,0,0,0,0,0,0,"- ","- ",37.493118286132812,-122.24373626708984,"SAN MATEO","REDWOOD CITY",-122.24349212646484,37.493057250976562
9520791,2022,2023-08-10,4111,2022-10-04,0336,P5135,P02,2,5,4,4111,0,0,0,,0,0P1,RT-35,"TIMBERHILL CT",1741.00,N,N,A,-,Y,SM,4,35,-,-,27.670,H,-,S,Y,1,1,0,2,A,-,11,21956,A,N,G,B,E,A,H,-,C,D,0,Y,,,,Y,,N,60,0,0,0,1,0,0,0,0,0,"- ","- ",37.660511016845703,-122.47575378417969,"SAN MATEO",PACIFICA,-122.47372436523438,37.657184600830078
9524061,2022,2022-11-28,4106,2022-08-06,2221,2200,5,6,5,6,4106,0,0,0,,0,003,"WASHINGTON ST","HILL ST",112.00,W,N,A,-,N,,,,,,,,,,Y,2,0,3,2,A,-,08,22107,,N,A,C,A,A,H,-,C,D,0,,,,,Y,,A,01,2,1,0,0,0,0,0,0,0,"- ","- ",37.687908172607422,-122.46869659423828,"SAN MATEO","DALY CITY",-122.46907806396484,37.687911987304688
9524704,2022,2022-12-22,4127,2022-11-13,0059,2268,4127,7,5,4,4127,0,0,0,,0,004,"CAPITOL AV","SCOFIELD AV",190.00,S,N,B,-,N,,,,,,,,,,Y,2,0,2,2,A,-,03,22350,,N,D,D,A,B,H,-,D,D,0,,,,,Y,Y,A,01,1,0,1,0,0,0,0,0,0,"- ","- ",,,"SAN MATEO","EAST PALO ALTO",-122.14063262939453,37.457698822021484
9533047,2022,2023-01-19,4106,2022-11-09,1316,2146,8,3,5,6,4106,0,0,0,,0,004,"JOHN DALY BL","LAKE MERCED BL",0.00,,Y,A,-,N,,,,,,,,,,Y,2,0,3,4,A,-,00,23103,,N,G,B,F,A,H,-,A,A,0,Y,,,,Y,Y,A,01,1,2,0,0,2,0,0,0,0,"- ","- ",37.701450347900391,-122.48497772216797,"SAN MATEO","DALY CITY",-122.48490905761719,37.701442718505859
9541215,2022,2023-01-20,4111,2022-11-23,1509,P5155,P02,3,5,4,4111,0,0,0,,0,0P1,"GATEWAY DR","SPRINGDALE DR",497.00,S,N,A,-,N,,,,,,,,,,N,2,0,1,2,A,-,00,21954,,N,G,B,D,A,H,-,A,D,0,Y,,,,Y,,N,60,1,0,0,0,1,0,0,0,0,"- ","- ",,,"SAN MATEO",PACIFICA,-122.47940826416016,37.6622314453125
9548219,2023,2023-03-07,4103,2023-01-18,"552 ",M1410,1,3,5,2,4103,0,0,0,,0,00U,"BAYSHORE BL","GUADALUPE CANYON PKWY",0.00,,Y,A,-,N,,,,,,,,,,Y,2,0,1,2,A,-,09,21453,C,N,D,C,A,A,H,-,C,A,0,,,,,Y,,D,22,1,0,0,0,0,0,0,0,0,"- ","- ",37.692550659179688,-122.40458679199219,"SAN MATEO",BRISBANE,-122.40463256835938,37.692520141601562
9550370,2023,2023-03-14,4106,2023-01-27,"645 ",2154,1,5,5,6,4106,0,0,0,,0,001,"MACDONALD AV","SCHWERIN ST",0.00,,Y,A,-,N,,,,,,,,,,N,2,0,1,2,A,-,10,21950,A,N,G,B,B,A,H,-,D,D,0,Y,,,,Y,,A,01,1,0,0,0,1,0,0,0,0,"- ","- ",37.707050323486328,-122.41293334960938,"SAN MATEO","DALY CITY",-122.41292572021484,37.707038879394531
9554808,2022,2023-03-20,4106,2022-06-05,0542,2151,4,7,5,6,4106,0,0,0,,0,003,"JUNIPERO SERRA BL","JOHN DALY BL",0.00,,Y,C,-,Y,SM,4,280,-,M,26.967,R,4,N,Y,2,0,1,1,A,-,03,22350,,N,H,A,A,B,G,-,B,A,0,,,Y,,Y,,C,03,1,0,0,0,0,0,0,0,1,"- ","- ",37.705001831054688,-122.47075653076172,"SAN MATEO","DALY CITY",-122.47134399414062,37.702217102050781
9560565,2023,2023-03-23,4127,2023-01-29,1857,2245,4127,7,5,4,4127,0,0,0,,0,004,"NEWELL RD","BAYSHORE RD",13.00,W,N,A,-,N,,,,,,,,,,Y,2,0,3,2,A,-,05,21651,B,N,A,C,A,A,H,-,C,D,0,,,,,Y,,A,01,2,1,0,0,0,0,0,0,0,"- ","- ",,,"SAN MATEO","EAST PALO ALTO",-122.13663482666016,37.457569122314453
9569437,2023,2023-06-30,4106,2023-04-25,2047,2092,10,2,5,6,4106,0,0,0,,0,004,"RT 35","JOHN DALY BL",750.00,S,N,A,-,Y,SM,4,35,-,-,30.722,R,3,N,Y,2,0,1,2,A,-,11,21954,A,N,G,B,E,A,H,-,C,D,0,Y,,,,Y,Y,N,60,1,0,0,0,1,0,0,0,0,"- ","- ",37.698459625244141,-122.49484252929688,"SAN MATEO","DALY CITY",-122.49457550048828,37.696880340576172
9594761,2023,2024-06-17,4104,2023-05-24,1156,0255,1,3,5,4,4104,0,0,0,,0,00A,"HUMBOLDT RD","BAYSWATER AV",148.00,N,N,A,-,N,,,,,,,,,,N,2,0,1,1,A,-,03,22350,,N,H,A,A,A,H,-,A,D,0,,Y,,,Y,,L,04,1,0,0,0,0,0,1,0,0,"- ","- ",37.584590911865234,-122.33280181884766,"SAN MATEO",BURLINGAME,-122.33261871337891,37.584613800048828
9622418,2023,2023-11-01,4106,2023-09-20,"830 ",2154,6,3,5,6,4106,0,0,0,,0,002,"MISSION ST","E MOLTKE ST",0.00,,Y,B,-,N,,,,,,,,,,N,2,0,1,2,A,-,10,21950,A,N,G,B,B,A,H,-,A,D,0,Y,,,,Y,,A,07,1,0,0,0,1,0,0,0,0,"- ","- ",37.694389343261719,-122.46476745605469,"SAN MATEO","DALY CITY",-122.46479034423828,37.694412231445312
9624202,2023,2023-11-08,4106,2023-08-30,"652 ",2146,1,3,5,6,4106,0,0,0,,0,001,"SCHWEIN ST","MARTIN ST",0.00,,Y,A,-,N,,,,,,,,,,N,1,1,0,2,A,-,"- ",,2,N,G,B,B,A,H,-,B,A,0,Y,,,,Y,,A,01,0,0,0,1,0,0,0,0,0,"- ","- ",37.701160430908203,-122.41555786132812,"SAN MATEO","DALY CITY",-122.41560363769531,37.701091766357422
9640804,2023,2025-06-28,4127,2023-07-28,2226,2283,4127,5,5,4,4127,0,0,0,,0,001,"KAVANAUGH DR","KIRKWOOD CT",220.00,S,N,A,-,N,,,,,,,,,,N,1,1,0,2,A,-,11,21954,A,F,G,B,E,A,H,-,C,D,0,Y,,,,Y,Y,N,60,0,0,0,1,0,0,0,0,0,"- ","- ",,,"SAN MATEO","EAST PALO ALTO",-122.14662170410156,37.475147247314453
9642929,2023,2023-12-06,4113,2023-10-27,"950 ",499,8,5,5,5,4113,0,0,0,,0,008,"ALAMEDA DE LAS PULGAS","MASSACHUSETTS AV",0.00,,Y,A,-,N,,,,,,,,,,N,2,0,1,2,A,-,12,22450,A,N,A,G,A,A,H,-,A,A,0,,Y,,,Y,,L,04,1,0,0,0,0,0,1,0,0,"- ","- ",37.45391845703125,-122.23744964599609,"SAN MATEO","REDWOOD CITY",-122.23741912841797,37.453861236572266
9649581,2023,2024-01-08,4127,2023-11-25,2230,2283,4127,6,5,4,4127,0,0,0,,0,002,"UNIVERSITY AV","SACRAMENTO ST",0.00,,Y,A,-,N,,,,,,,,,,Y,2,0,2,1,A,-,01,23153,A,N,E,J,A,A,H,-,C,D,0,,,,,Y,Y,A,01,1,1,0,0,0,0,0,0,0,"- ","- ",,,"SAN MATEO","EAST PALO ALTO",-122.14071655273438,37.469619750976562
9652369,2024,2024-03-26,4106,2024-01-06,"814 ",2188,3,6,5,6,4106,0,0,0,,0,002,"WINCHESTER ST","CROCKER AV",0.00,,Y,-,-,N,,,,,,,,,,N,2,0,1,2,A,-,10,21950,A,N,G,B,B,A,H,-,A,D,0,Y,,,,Y,,A,07,1,0,0,0,1,0,0,0,0,"- ","- ",37.704761505126953,-122.45777130126953,"SAN MATEO","DALY CITY",-122.457763671875,37.704761505126953
9661985,2023,2024-01-30,4127,2023-11-18,"112 ",2289,4127,6,5,4,4127,0,0,0,,0,004,"BAYSHORE RD","MANHATTAN AV",0.00,,Y,C,-,N,,,,,,,,,,Y,2,0,1,3,A,-,08,22107,,N,B,E,A,B,H,-,C,D,0,,,,,Y,,A,01,1,0,0,0,0,0,0,0,0,"- ","- ",,,"SAN MATEO","EAST PALO ALTO",-122.14327239990234,37.461139678955078
9662598,2024,2024-03-07,4106,2024-01-16,"0   ",2188,13,2,5,6,4106,0,0,0,,0,006,"RT 35","HICKEY BL",0.00,,Y,C,-,Y,SM,4,35,-,-,27.930,I,5,N,Y,2,0,3,3,A,-,12,21453,A,N,D,D,A,B,H,-,A,A,0,,,,,Y,,A,01,1,1,1,0,0,0,0,0,0,"- ","- ",37.660480499267578,-122.47586822509766,"SAN MATEO","DALY CITY",-122.47586822509766,37.660587310791016
9666320,2024,2024-06-26,4113,2024-02-12,1913,475,5,1,5,5,4113,0,0,0,,0,005,"EL CAMINO REAL","NORTHUMBERLAND AV",0.00,,Y,A,-,N,,,,,,,,,,Y,2,0,3,3,A,-,03,22350,,N,D,D,A,A,H,-,C,D,0,,,,,Y,,D,22,1,1,1,0,0,0,0,0,0,"- ","- ",37.472000122070312,-122.21600341796875,"SAN MATEO","REDWOOD CITY",-122.21691131591797,37.47283935546875
9669773,2024,2024-04-02,4106,2024-01-12,1342,2188,11,5,5,6,4106,0,0,0,,0,005,"SKYLINE DR","MENLO AV",200.00,N,N,A,-,N,,,,,,,,,,Y,2,0,1,2,A,-,01,23152,B,N,A,E,A,A,H,-,A,D,0,,,,,Y,Y,A,01,1,0,0,0,0,0,0,0,0,"- ","- ",37.679740905761719,-122.49079132080078,"SAN MATEO","DALY CITY",-122.49078369140625,37.676548004150391