CASE_ID,ACCIDENT_YEAR,PROC_DATE,JURIS,COLLISION_DATE,COLLISION_TIME,OFFICER_ID,REPORTING_DISTRICT,DAY_OF_WEEK,CHP_SHIFT,POPULATION,CNTY_CITY_LOC,SPECIAL_COND,BEAT_TYPE,CHP_BEAT_TYPE,CITY_DIVISION_LAPD,CHP_BEAT_CLASS,BEAT_NUMBER,PRIMARY_RD,SECONDARY_RD,DISTANCE,DIRECTION,INTERSECTION,WEATHER_1,WEATHER_2,STATE_HWY_IND,CALTRANS_COUNTY,CALTRANS_DISTRICT,STATE_ROUTE,ROUTE_SUFFIX,POSTMILE_PREFIX,POSTMILE,LOCATION_TYPE,RAMP_INTERSECTION,SIDE_OF_HWY,TOW_AWAY,COLLISION_SEVERITY,NUMBER_KILLED,NUMBER_INJURED,PARTY_COUNT,PRIMARY_COLL_FACTOR,PCF_CODE_OF_VIOL,PCF_VIOL_CATEGORY,PCF_VIOLATION,PCF_VIOL_SUBSECTION,HIT_AND_RUN,TYPE_OF_COLLISION,MVIW,PED_ACTION,ROAD_SURFACE,ROAD_COND_1,ROAD_COND_2,LIGHTING,CONTROL_DEVICE,CHP_ROAD_TYPE,PEDESTRIAN_ACCIDENT,BICYCLE_ACCIDENT,MOTORCYCLE_ACCIDENT,TRUCK_ACCIDENT,NOT_PRIVATE_PROPERTY,ALCOHOL_INVOLVED,STWD_VEHTYPE_AT_FAULT,CHP_VEHTYPE_AT_FAULT,COUNT_SEVERE_INJ,COUNT_VISIBLE_INJ,COUNT_COMPLAINT_PAIN,COUNT_PED_KILLED,COUNT_PED_INJURED,COUNT_BICYCLIST_KILLED,COUNT_BICYCLIST_INJURED,COUNT_MC_KILLED,COUNT_MC_INJURED,PRIMARY_RAMP,SECONDARY_RAMP,LATITUDE,LONGITUDE,COUNTY,CITY,POINT_X,POINT_Y
9669776,2024,2024-03-18,4106,2024-01-20,1830,2188,1,6,5,6,4106,0,0,0,,0,001,"GENEVA AV","ACCACIA ST",0.00,,Y,C,-,N,,,,,,,,,,N,2,0,1,3,A,-,10,21950,A,N,G,B,B,B,H,-,C,D,0,Y,,,,Y,,A,01,1,0,0,0,1,0,0,0,0,"- ","- ",37.706829071044922,-122.41496276855469,"SAN MATEO","DALY CITY",-122.41494750976562,37.706832885742188
9677899,2024,2024-07-22,4106,2024-05-02,2135,2205,8,4,5,6,4106,0,0,0,,0,004,"LAKE MERCED BL","JOHN DALY BL",0.00,,Y,A,-,N,,,,,,,,,,Y,2,0,1,2,A,-,11,21456,A,N,G,B,B,A,H,-,C,A,0,Y,,,,Y,Y,N,60,1,0,0,0,1,0,0,0,0,"- ","- ",37.701450347900391,-122.48497772216797,"SAN MATEO","DALY CITY",-122.48490905761719,37.701442718505859
9685703,2024,2024-07-01,4111,2024-04-22,1349,P5171,P18,1,5,4,4111,0,0,0,,0,0P3,"LINDA MAR BL","PERALTA RD",0.00,,Y,A,-,N,,,,,,,,,,Y,2,0,1,2,A,-,10,21950,A,N,G,B,B,A,H,-,A,A,0,Y,,,,Y,,D,22,1,0,0,0,1,0,0,0,0,"- ","- ",,,"SAN MATEO",PACIFICA,-122.49738311767578,37.591144561767578
9724295,2024,2024-08-28,4113,2024-06-23,1529,495,4,7,5,5,4113,0,0,0,,0,004,BROADWAY,WOODSIDE,0.00,,Y,A,-,N,,,,,,,,,,Y,2,0,1,2,A,-,12,21453,,N,D,G,A,A,H,-,A,A,0,,Y,,,Y,,L,04,1,0,0,0,0,0,1,0,0,"- ","- ",37.487049102783203,-122.21421051025391,"SAN MATEO","REDWOOD CITY",-122.21422576904297,37.487068176269531
9771777,2024,2025-01-02,4113,2024-11-12,"945 ",508,2,2,5,5,4113,0,0,0,,0,002,"WHIPPLE AV","VETERANS BL",0.00,,Y,A,-,N,,,,,,,,,,Y,2,0,3,2,A,-,09,21801,A,N,A,C,A,A,H,-,A,A,0,,,,,Y,,A,01,1,2,0,0,0,0,0,0,0,"- ","- ",37.494678497314453,-122.23441314697266,"SAN MATEO","REDWOOD CITY",-122.23451995849609,37.494548797607422
9781494,2024,2025-02-12,4120,2024-12-13,1402,248,9,5,5,4,4120,0,0,0,,0,00Y,"EDGEWATER BL","LIGHT POST #6023",2.00,W,N,B,-,N,,,,,,,,,,Y,2,0,1,1,A,-,17,21461,A,N,E,I,A,A,H,-,A,D,0,,,,,Y,,A,01,1,0,0,0,0,0,0,0,0,"- ","- ",37.552669525146484,-122.27584838867188,"SAN MATEO","FOSTER CITY",,
9786195,2024,2025-08-27,4104,2024-09-05,2333,0205,14,4,5,4,4104,0,0,0,,0,00B,"RT 82","DUFFERIN AV",0.00,,Y,A,-,Y,SM,4,82,-,-,15.384,I,5,S,Y,1,1,1,2,D,-,00,,,N,E,I,A,A,H,-,C,D,0,,,Y,,Y,,-,"- ",1,0,0,0,0,0,0,1,1,"- ","- ",37.592540740966797,-122.38054656982422,"SAN MATEO",BURLINGAME,-122.38063812255859,37.5924072265625
9786224,2024,2025-05-03,4113,2024-08-16,1834,433,7,5,5,5,4113,0,0,0,,0,007,BROADWAY,"ARCH ST",0.00,,Y,A,-,N,,,,,,,,,,Y,1,1,0,2,A,-,17,21200,A,N,H,G,A,A,H,-,A,D,0,,Y,,,Y,,L,04,0,0,0,0,0,1,0,0,0,"- ","- ",37.486148834228516,-122.23645782470703,"SAN MATEO","REDWOOD CITY",-122.236328125,37.486141204833984
9786247,2024,2025-05-06,4106,2024-10-19,"848 ",2201,110,6,5,6,4106,0,0,0,,0,004,"WESTMOOR AV","SKYLINE BL",0.00,,Y,A,-,N,,,,,,,,,,N,1,1,0,2,A,-,10,21950,A,N,G,B,B,A,H,-,A,A,0,Y,,,,Y,,A,01,0,0,0,1,0,0,0,0,0,"- ","- ",37.683338165283203,-122.48911285400391,"SAN MATEO","DALY CITY",-122.48910522460938,37.683341979980469
9798547,2025,2025-06-10,4127,2025-04-19,1848,2299,4127,6,5,4,4127,0,0,0,,0,001,"UNIVERSITY AV","BELL ST",0.00,,Y,A,-,N,,,,,,,,,,Y,2,0,3,3,A,-,01,23153,A,F,D,C,A,A,H,-,A,A,0,,,,,Y,Y,A,01,2,1,0,0,0,0,0,0,0,"- ","- ",,,"SAN MATEO","EAST PALO ALTO",-122.14156341552734,37.465587615966797
9801087,2025,2025-04-22,4103,2025-03-25,1719,MI410,1,2,5,2,4103,0,0,0,,0,00U,"N HILL DR","MONARCH DR",0.00,,Y,A,-,N,,,,,,,,,,Y,2,0,1,2,A,-,09,21802,A,N,D,G,A,A,H,-,A,A,0,,Y,,,Y,,L,04,1,0,0,0,0,0,1,0,0,"- ","- ",37.689701080322266,-122.41084289550781,"SAN MATEO",BRISBANE,-122.41046905517578,37.689651489257812
9826089,2025,2025-06-18,4106,2025-04-29,"229 ",2189,4,2,5,6,4106,0,0,0,,0,003,"SAN JOSE AV","FLOURNOY ST",0.00,,Y,A,-,N,,,,,,,,,,N,2,0,1,1,A,-,05,21202,,N,H,G,A,A,H,-,C,D,0,,Y,,,Y,,L,04,1,0,0,0,0,0,1,0,0,"- ","- ",37.707328796386719,-122.45993804931641,"SAN MATEO","DALY CITY",-122.45999908447266,37.707370758056641
9831510,2025,2025-07-08,4120,2025-05-17,1330,220,4,6,5,4,4120,0,0,0,,0,00X,"FOSTER CITY BL","BEACH PARK BL",0.00,,Y,A,-,N,,,,,,,,,,Y,2,0,1,1,A,-,03,22350,,N,E,I,A,A,H,-,A,A,0,,,,,Y,,A,01,1,0,0,0,0,0,0,0,0,"- ","- ",37.551368713378906,-122.25132751464844,"SAN MATEO","FOSTER CITY",-122.25144195556641,37.551410675048828
5912196,2014,2014-03-10,9330,2014-01-04,1720,20577,,6,2,5,4116,0,1,2,,2,048,"RT 101","HILLSDALE BL",2.00,N,N,A,-,Y,SM,4,101,-,-,11.150,H,-,N,Y,1,1,2,3,A,-,03,22350,,N,C,C,A,A,H,-,B,D,1,,,,,Y,,A,01,1,1,0,0,0,0,0,0,0,"- ","- ",37.545209999999997,-122.28841,"SAN MATEO","SAN MATEO",-122.28779989,37.544702000000001
6290173,2014,2014-04-01,9330,2014-01-19,1613,20319,,7,2,9,4100,0,1,3,,2,052,"RT 82","5TH AV",52.00,N,N,A,-,Y,SM,4,82,-,-,11.610,H,-,N,Y,1,1,0,2,A,-,05,21650,,N,H,G,A,A,H,-,A,D,0,,Y,,,Y,,L,04,0,0,0,0,0,1,0,0,0,"- ","- ",37.467619999999997,-121.2093,"SAN MATEO",UNINCORPORATED,-122.32470487000001,37.561845570000003
6290195,2014,2014-10-13,4100,2014-01-12,1737,17120,5T,7,5,3,4110,0,0,0,,0,062,"EL CAMINO REAL","MILLWOOD DR",0.00,,Y,A,-,Y,SM,4,82,-,-,17.078,I,5,N,N,1,1,0,2,A,-,10,21950,A,N,G,B,B,A,H,-,C,D,0,Y,,,,Y,,A,07,0,0,0,1,0,0,0,0,0,"- ","- ",,,"SAN MATEO",MILLBRAE,-122.40156319,37.610452930000001
6290343,2014,2014-08-26,9330,2014-04-14,0157,20593,,1,3,9,4100,0,3,5,,2,005,"MIDDLEFIELD RD","DUMBARTON AV",99.00,N,N,A,-,N,,,,,,,,,,N,1,1,0,2,A,-,11,21954,A,N,G,B,D,A,H,-,D,D,0,Y,,,,Y,Y,N,60,0,0,0,1,0,0,0,0,0,"- ","- ",37.475380000000001,-122.20941999999999,"SAN MATEO",UNINCORPORATED,-122.20937094999999,37.475335260000001
6291555,2014,2014-11-13,9330,2014-09-14,0035,20382,,7,3,4,4104,0,1,1,,2,034,"RT 280","TROUSDALE RD",2640.00,S,N,A,-,Y,SM,4,280,-,R,15.920,H,-,N,Y,1,1,3,1,A,-,08,22107,,N,E,I,A,A,H,-,D,D,1,,,,,Y,,A,07,1,0,2,0,0,0,0,0,0,"- ","- ",,,"SAN MATEO",BURLINGAME,-122.39066312,37.566440309999997
6291928,2014,2015-02-10,9330,2014-12-01,1735,019738,,1,2,4,4104,0,1,2,,2,038,"RT 101","PENINSULA AV",1640.00,N,N,A,-,Y,SM,4,101,-,-,14.920,H,-,N,Y,1,1,0,1,A,-,08,22107,,N,E,I,A,A,H,-,D,D,1,,,Y,,Y,,C,02,0,0,0,0,0,0,0,1,0,"- ","- ",37.5867,-122.33280000000001,"SAN MATEO",BURLINGAME,-122.33198686,37.58648402
6292189,2015,2015-05-27,9330,2015-03-23,1738,19960,,1,2,9,4100,0,1,3,,1,020,"RT 1","FINNEY CREEK RD",2640.00,S,N,A,-,Y,SM,4,1,-,-,0.010,H,-,S,Y,1,1,2,2,A,-,05,21460,C,N,A,C,A,A,H,-,A,D,0,,,,,Y,,D,22,2,0,0,0,0,0,0,0,0,"- ","- ",,,"SAN MATEO",UNINCORPORATED,-122.2927925,37.107785509999999
6292203,2015,2015-06-02,4102,2015-03-02,1223,65000,6,1,5,4,4102,0,0,0,,0,003,"RALSTON AV","PULLMAN AV",753.00,W,N,A,-,N,,,,,,,,,,N,1,1,0,1,A,-,08,22107,,N,H,G,A,A,H,-,A,D,0,,Y,,,Y,,L,04,0,0,0,0,0,1,0,0,0,"- ","- ",,,"SAN MATEO",BELMONT,-122.29999622,37.511330000000001
6292496,2015,2015-08-21,9330,2015-06-13,1209,20759,,6,1,9,4100,0,1,3,,2,052,"RT 35","PAGE MILL RD",3168.00,S,N,A,-,Y,SM,4,35,-,-,2.570,H,-,N,Y,1,1,0,1,A,-,08,22107,,N,F,A,A,A,H,-,A,D,0,,,Y,,Y,,C,02,0,0,0,0,0,0,0,1,0,"- ","- ",37.313009999999998,-122.17691000000001,"SAN MATEO",UNINCORPORATED,-122.17666241000001,37.312929080000004
6292757,2015,2016-02-09,9330,2015-09-06,1440,20056,,7,2,9,4100,0,1,1,,2,034,"RT 280","HAYNE RD",2640.00,S,N,A,-,Y,SM,4,280,-,R,13.780,H,-,S,Y,1,1,1,1,A,-,08,22107,,N,E,I,A,A,H,-,A,D,1,,,,,Y,,D,22,0,1,0,0,0,0,0,0,0,"- ","- ",37.54119,-122.36705000000001,"SAN MATEO",UNINCORPORATED,-122.3678384,37.542034909999998
6336782,2014,2015-11-12,9330,2014-01-03,1916,020071,,5,2,9,4100,0,1,3,,2,042,"RT 35","MORSE LN",185.00,S,N,A,-,Y,SM,4,35,-,-,10.920,H,-,S,Y,2,0,1,1,A,-,01,23152,A,N,E,I,A,A,H,-,D,D,0,,,,,Y,,D,22,1,0,0,0,0,0,0,0,0,"- ","- ",,,"SAN MATEO",UNINCORPORATED,-122.26855753,37.389449569999996
6337569,2014,2014-06-04,4113,2014-01-08,0835,246,5,3,5,5,4113,0,0,0,,0,005,"MADRONE ST","HEMLOCK AV",0.00,,Y,A,-,N,,,,,,,,,,Y,2,0,2,2,A,-,09,21802,A,N,D,C,A,A,H,-,A,A,0,,,,,Y,,A,01,1,1,0,0,0,0,0,0,0,"- ","- ",,,"SAN MATEO","REDWOOD CITY",-122.22119988,37.473399890000003
6344980,2014,2014-06-04,4104,2014-01-17,1842,0204,17,5,5,4,4104,0,0,0,,0,0BC,"TROUSDALE DR","MARTINEZ DR",0.00,,Y,A,-,N,,,,,,,,,,N,2,0,1,2,A,-,10,21950,A,F,G,B,B,A,H,-,C,A,0,Y,,,,Y,,A,01,1,0,0,0,1,0,0,0,0,"- ","- ",,,"SAN MATEO",BURLINGAME,-122.38986993,37.587039949999998
6367329,2014,2014-06-09,4113,2014-01-26,2021,414,9,7,5,5,4113,0,0,0,,0,003,"JAMES AV","CALIFORNIA ST",166.00,,N,A,-,N,,,,,,,,,,Y,2,0,1,1,A,-,01,23153,A,N,E,I,A,A,H,-,C,D,0,,,,,Y,Y,A,07,1,0,0,0,0,0,0,0,0,"- ","- ",,,"SAN MATEO","REDWOOD CITY",-122.23266995,37.484759949999997
6370006,2014,2016-03-14,9330,2014-02-01,1840,020593,,6,2,5,4116,0,1,2,,2,038,"RT 101","RT 92",2112.00,N,N,A,-,Y,SM,4,101,-,-,12.170,H,-,S,Y,2,0,5,3,A,-,08,22107,,N,D,C,A,A,H,-,C,D,1,,,,,Y,,A,01,2,0,3,0,0,0,0,0,0,"- ","- ",,,"SAN MATEO","SAN MATEO",-122.29925853,37.556495030000001
6375394,2014,2014-06-03,4111,2014-01-15,1518,P5119,P18,3,5,4,4111,0,0,0,,0,0P3,"LINDA MAR BL","PERALTA RD",1.00,E,N,A,-,N,,,,,,,,,,Y,2,0,1,2,A,-,10,21950,A,N,G,B,B,A,H,-,A,A,0,Y,,,,Y,,A,07,1,0,0,0,1,0,0,0,0,"- ","- ",37.591169999999998,-122.4979,"SAN MATEO",PACIFICA,-122.4973766,37.591149540000004
6377748,2014,2016-03-02,9330,2014-01-29,0435,018174,,3,3,9,4100,0,1,3,,1,020,"RT 1","VERDE RD S",177.00,N,N,B,E,Y,SM,4,1,-,-,22.630,H,-,N,Y,2,0,1,1,A,-,08,22107,,N,E,J,A,B,H,-,D,D,0,,,,,Y,,A,01,1,0,0,0,0,0,0,0,0,"- ","- ",,,"SAN MATEO",UNINCORPORATED,-122.40432859000001,37.380762140000002
6388619,2014,2014-10-08,4117,2014-01-25,1610,03ML07,11AE,6,5,5,4117,0,0,0,,0,004,"HILLSIDE BL","KEARNY AV",174.00,W,N,A,-,N,,,,,,,,,,N,2,0,1,1,A,-,03,22350,,N,H,A,A,A,H,-,A,D,0,,,Y,,Y,,C,02,1,0,0,0,0,0,0,0,1,"- ","- ",37.669620000000002,-122.41737000000001,"SAN MATEO","SOUTH SAN FRANCISCO",-122.42186207,37.668960079999998
6388751,2014,2016-01-05,9335,2014-01-03,2155,20571,,5,2,5,4117,0,1,2,,2,012,"RT 101","SOUTH AIRPORT BL",1320.00,S,N,A,-,Y,SM,4,101,-,-,21.400,H,-,N,Y,2,0,2,1,A,-,08,22107,,N,F,A,A,A,H,-,C,D,1,,,Y,,Y,,C,02,2,0,0,0,0,0,0,0,2,"- ","- ",37.387500000000003,-122.2436,"SAN MATEO","SOUTH SAN FRANCISCO",-122.40623217,37.645614510000001
6396855,2014,2016-03-05,4111,2014-01-28,1203,P5119,P12,2,5,4,4111,0,0,0,,0,0P2,"CABRILLO HWY","ROCKAWAY BEACH AV",0.00,,Y,A,-,Y,SM,4,1,-,-,42.014,I,5,S,Y,2,0,1,2,A,-,12,21453,A,N,D,C,A,A,H,-,A,A,0,,,,,Y,,D,22,1,0,0,0,0,0,0,0,0,"- ","- ",,,"SAN MATEO",PACIFICA,-122.49526544,37.608806790000003
6399193,2014,2014-06-20,4104,2014-02-24,1706,0204,1,1,5,4,4104,0,0,0,,0,0AA,"CALIFORNIA DR","BAYSWATER AV",281.00,S,N,A,-,N,,,,,,,,,,N,2,0,1,2,A,-,03,22350,,N,C,C,A,A,H,-,A,A,0,,,Y,,Y,,C,02,1,0,0,0,0,0,0,0,1,"- ","- ",,,"SAN MATEO",BURLINGAME,-122.34056040999999,37.577572369999999
6413553,2014,2014-06-24,4113,2014-03-13,0827,380,3,4,5,5,4113,0,0,0,,0,003,"MIDDLEFIELD RD","PINE ST",25.00,N,N,A,-,N,,,,,,,,,,N,2,0,1,2,A,-,17,22517,,N,H,G,A,A,H,-,A,D,0,,Y,,,Y,,A,01,1,0,0,0,0,0,1,0,0,"- ","- ",,,"SAN MATEO","REDWOOD CITY",-122.22092667,37.48189137
6424183,2014,2016-01-05,9335,2014-02-18,1430,019086,,2,2,5,4117,0,1,1,,2,020,"RT 280","WESTBOROUGH BL",25.00,S,N,A,-,Y,SM,4,280,-,R,22.620,H,-,N,Y,2,0,1,1,A,-,08,22107,,N,E,J,A,A,H,-,A,D,1,,,,,Y,,A,01,1,0,0,0,0,0,0,0,0,"- ","- ",37.654139999999998,-122.44898999999999,"SAN MATEO","SOUTH SAN FRANCISCO",-122.44910554000001,37.645257149999999
6424979,2014,2014-06-10,4109,2014-01-16,0835,14485,26,4,5,4,4109,0,0,0,,0,001,"OAK GROVE AV","HOOVER ST",0.00,,Y,A,-,N,,,,,,,,,,N,2,0,1,2,A,-,10,21950,A,N,G,B,B,A,H,-,A,D,0,Y,,,,Y,,A,01,1,0,0,0,1,0,0,0,0,"- ","- ",,,"SAN MATEO","MENLO PARK",-122.18528997999999,37.453219969999999
6424980,2014,2014-06-10,4109,2014-01-17,0202,14782,25,5,5,4,4109,0,0,0,,0,002,"MIDDLEFIELD RD","RINGWOOD AV",435.00,S,N,A,-,N,,,,,,,,,,N,2,0,1,1,A,-,08,22107,,N,E,I,A,A,H,-,C,D,0,,Y,,,Y,Y,L,04,1,0,0,0,0,0,1,0,0,"- ","- ",,,"SAN MATEO","MENLO PARK",-122.17272629,37.458871250000001
6425438,2014,2016-03-05,4106,2014-02-19,1824,1151,5,3,5,6,4106,0,0,0,,0,003,"SAN PEDRO RD","REINER ST",0.00,,Y,A,-,Y,SM,4,82,-,-,23.780,I,6,S,N,2,0,1,2,A,-,"- ",,,N,G,B,B,A,H,-,C,D,0,Y,,,,Y,,A,01,1,0,0,0,1,0,0,0,0,"- ","- ",,,"SAN MATEO","DALY CITY",-122.46598821000001,37.689549929999998
6427352,2014,2014-06-28,4114,2014-02-17,1905,11,,1,5,4,4114,0,0,0,,0,003,"ST CLOUD DR","TURNBERRY AV",85.00,E,N,A,-,N,,,,,,,,,,Y,2,0,1,5,A,-,08,22107,,N,A,E,A,A,H,-,B,D,0,,,,,Y,,A,01,1,0,0,0,0,0,0,0,0,"- ","- ",,,"SAN MATEO","SAN BRUNO",-122.45276104,37.636515129999999
6445182,2014,2014-07-09,4106,2014-03-08,0711,2073,6,6,5,6,4106,0,0,0,,0,002,"PRICE ST","2ND ST",37.00,W,N,A,-,N,,,,,,,,,,Y,2,0,2,2,A,-,01,23153,B,N,C,C,A,A,H,-,A,D,0,,,,,Y,Y,A,01,1,0,1,0,0,0,0,0,0,"- ","- ",37.693019999999997,-122.46365,"SAN MATEO","DALY CITY",-122.46361781,37.692955789999999
6457930,2014,2015-12-03,9330,2014-04-21,1845,019055,,1,2,9,4100,0,3,5,,2,002,"PORTOLA HEIGHTS RD","RT 35",2640.00,W,N,A,-,N,,,,,,,,,,Y,2,0,2,1,A,-,01,23152,A,N,H,J,A,A,H,-,A,D,0,,,,,Y,Y,A,01,2,0,0,0,0,0,0,0,0,"- ","- ",,,"SAN MATEO",UNINCORPORATED,-122.15962528999999,37.289890960000001
6460987,2014,2016-04-13,9330,2014-04-15,1200,020759,,2,1,4,4120,0,1,3,,1,035,"RT 92","PIER 1",3696.00,E,N,A,-,Y,SM,4,92,-,R,14.540,H,-,E,Y,2,0,1,2,A,-,03,22350,,N,C,C,A,A,H,-,A,D,4,,,,Y,Y,,F,26,1,0,0,0,0,0,0,0,0,"- ","- ",37.586120000000001,-122.24829,"SAN MATEO","FOSTER CITY",-122.26136634,37.574528870000002
6471734,2014,2016-04-13,4100,2014-05-10,1320,19620,4100,6,5,3,4107,0,0,0,,0,075,"RT 1","KEHOE AV",0.00,,Y,A,-,Y,SM,4,1,-,-,29.721,I,5,S,Y,2,0,1,2,A,-,"- ",,,N,D,C,A,A,H,-,A,A,0,,,Y,,Y,,C,02,1,0,0,0,0,0,0,0,1,"- ","- ",,,"SAN MATEO","HALF MOON BAY",-122.43955328,37.476416899999997
6473756,2014,2014-06-27,4106,2014-04-09,0920,1255,3,3,5,6,4106,0,0,0,,0,002,"CROCKER AV","BRUNSWICK ST",0.00,,Y,B,-,N,,,,,,,,,,Y,2,0,3,4,-,-,"- ",,,N,D,C,A,A,H,-,A,A,0,,,,,Y,,-,"- ",2,0,1,0,0,0,0,0,0,"- ","- ",37.705460000000002,-122.45833,"SAN MATEO","DALY CITY",-122.45810997,37.70540991
6477522,2014,2016-04-15,9330,2014-04-21,1545,20759,,1,2,5,4116,0,1,2,,2,048,"RT 101","HILLSDALE BL",4224.00,S,N,A,-,Y,SM,4,101,-,-,10.350,H,-,N,Y,2,0,2,3,A,-,03,22350,,N,C,C,A,A,H,-,A,D,1,,,Y,,Y,,A,01,1,0,1,0,0,0,0,0,1,"- ","- ",37.536900000000003,-122.28077,"SAN MATEO","SAN MATEO",-122.27919136,37.53526213
6479145,2014,2014-07-11,4111,2014-04-13,1241,P5106,P08,7,5,4,4111,0,0,0,,0,0P2,"OCEANA BL","EUREKA DR",432.00,N,N,A,-,N,,,,,,,,,,N,2,0,1,2,A,-,10,21950,A,N,G,B,C,A,H,-,A,A,0,Y,,,,Y,,A,01,1,0,0,0,1,0,0,0,0,"- ","- ",,,"SAN MATEO",PACIFICA,-122.48933,37.633725859999998
6486233,2014,2014-07-25,4113,2014-05-11,1635,380,2,7,5,5,4113,0,0,0,,0,002,"VETERANS BL","WHIPPLE AV",1047.00,N,N,A,-,N,,,,,,,,,,Y,2,0,1,3,A,-,03,22350,,N,C,C,A,A,H,-,A,D,0,,,,,Y,,A,01,1,0,0,0,0,0,0,0,0,"- ","- ",,,"SAN MATEO","REDWOOD CITY",-122.23689351,37.496716569999997
6498312,2014,2014-08-05,4104,2014-05-08,0737,0221,22,4,5,4,4104,0,0,0,,0,00C,"AIRPORT BL","ANZA BL",320.00,N,N,A,-,N,,,,,,,,,,N,2,0,1,2,A,-,08,22107,,N,D,G,A,A,H,-,A,D,0,,Y,,,Y,,I,11,1,0,0,0,0,0,1,0,0,"- ","- ",,,"SAN MATEO",BURLINGAME,-122.35052623999999,37.591128859999998
6500435,2014,2016-04-13,9330,2014-05-26,1255,019055,,1,1,9,4100,0,1,3,,1,020,"RT 1","VERDE RD",550.00,S,N,A,-,Y,SM,4,1,-,-,22.900,H,-,N,Y,2,0,3,2,A,-,08,22107,,N,E,I,A,A,H,-,A,D,0,,,,,Y,,A,01,1,2,0,0,0,0,0,0,0,"- ","- ",37.429119999999998,-122.23806999999999,"SAN MATEO",UNINCORPORATED,-122.40491019,37.384685150000003
6501314,2014,2014-07-28,4109,2014-05-02,1854,14658,25,5,5,4,4109,0,0,0,,0,002,"MILLS ST","OAK GROVE AV",10.00,N,N,A,-,N,,,,,,,,,,N,2,0,1,1,A,-,"- ",,,N,H,G,A,A,H,-,A,D,0,,Y,,,Y,,L,04,1,0,0,0,0,0,1,0,0,"- ","- ",,,"SAN MATEO","MENLO PARK",-122.18298783,37.4561262
6508690,2014,2014-08-06,9330,2014-05-23,1545,20580,,5,2,9,4100,0,1,1,,2,054,"SAND HILL RD","WHISKEY HILL RD",2640.00,W,N,A,-,N,,,,,,,,,,N,2,0,2,2,A,-,08,22107,,N,D,G,A,A,H,-,A,D,0,,Y,,,Y,,L,04,1,1,0,0,0,0,2,0,0,"- ","- ",37.405720000000002,-122.24498,"SAN MATEO",UNINCORPORATED,-122.24542852,37.406783660000002
6512468,2014,2014-07-29,4117,2014-05-20,0913,90DO02,09AC,2,5,5,4117,0,0,0,,0,001,"DOLLAR AV","TANFORAN AV",230.00,N,N,A,-,N,,,,,,,,,,Y,2,0,1,3,A,-,08,22107,,N,D,G,A,A,H,-,A,D,0,,Y,,,Y,,L,04,1,0,0,0,0,0,1,0,0,"- ","- ",37.641179999999999,-122.4135,"SAN MATEO","SOUTH SAN FRANCISCO",-122.4133506,37.641151649999998
6517167,2014,2014-08-19,9330,2014-06-07,1125,17549,,6,1,5,4116,0,1,3,,1,020,"STAGE RD","NORTH ST",3696.00,N,N,A,-,N,,,,,,,,,,N,2,0,2,3,A,-,08,22107,,F,D,G,A,A,H,-,A,D,0,,Y,,,Y,,L,04,1,1,0,0,0,0,2,0,0,"- ","- ",37.269599999999997,-122.38567,"SAN MATEO","SAN MATEO",-122.3851263,37.265136830000003
6517171,2014,2014-08-20,9330,2014-06-13,0805,18694,,5,1,9,4100,0,3,5,,2,205,"KINGS MOUNTAIN RD","HUDDART PARK ENT",4752.00,W,N,A,-,N,,,,,,,,,,Y,2,0,1,1,A,-,03,22350,,N,F,A,A,A,H,-,A,D,0,,,Y,,Y,,C,02,1,0,0,0,0,0,0,0,1,"- ","- ",,,"SAN MATEO",UNINCORPORATED,-122.29463339,37.431994539999998
6524188,2014,2016-04-12,9330,2014-05-26,2210,020750,,1,3,9,4100,0,1,3,,1,056,"RT 82","BUCKINGHAM AV",125.00,S,N,A,-,Y,SM,4,82,-,-,2.950,H,-,N,N,2,0,1,2,A,-,06,21750,,N,B,G,A,A,H,-,D,A,0,,Y,,,Y,,-,99,1,0,0,0,0,0,1,0,0,"- ","- ",,,"SAN MATEO",UNINCORPORATED,-122.21530341,37.471738700000003
6532542,2014,2014-08-04,4100,2014-05-11,1349,18170,4100,7,5,3,4107,0,0,0,,0,075,"MAIN ST","KELLY AV",16.00,S,N,A,-,N,,,,,,,,,,Y,2,0,4,5,A,-,21,22106,,N,G,B,F,A,H,-,A,D,0,Y,,,,Y,,A,01,1,1,2,0,4,0,0,0,0,"- ","- ",,,"SAN MATEO","HALF MOON BAY",-122.42923655,37.463566350000001
6542177,2014,2016-04-12,4101,2014-06-03,2335,8678,,2,5,2,4101,0,0,0,,0,003,"RT 82","STOCKBRIDGE AV",92.00,S,N,A,-,Y,SM,4,82,-,-,2.360,H,-,S,Y,2,0,1,2,A,-,01,23152,A,N,C,C,A,A,H,-,C,D,0,,,Y,,Y,Y,C,02,1,0,0,0,0,0,0,0,1,"- ","- ",37.46593,-122.20717,"SAN MATEO",ATHERTON,-122.20736048000001,37.465956570000003
6542630,2014,2014-08-05,4114,2014-05-01,1040,0035,SNB27,4,5,4,4114,0,0,0,,0,003,"SAN BRUNO AV WEST","GLENVIEW DR",0.00,,Y,A,-,N,,,,,,,,,,Y,2,0,2,3,A,-,04,21703,,N,C,C,A,A,H,-,A,D,0,,,Y,,Y,,C,02,2,0,0,0,0,0,0,0,2,"- ","- ",,,"SAN MATEO","SAN BRUNO",-122.44104989,37.619039950000001
6545211,2014,2016-04-15,9335,2014-06-21,0918,019631,,6,1,5,4117,0,1,2,,2,012,"RT 101","RT 380",232.00,S,N,B,-,Y,SM,4,101,-,R,20.980,R,2,S,Y,2,0,2,1,A,-,08,22107,,N,E,I,A,A,H,-,A,D,1,,,,,Y,,A,01,1,1,0,0,0,0,0,0,0,TO,"- ",37.639600000000002,-122.40581,"SAN MATEO","SOUTH SAN FRANCISCO",-122.40551162,37.639413300000001