CASE_ID,ACCIDENT_YEAR,PROC_DATE,JURIS,COLLISION_DATE,COLLISION_TIME,OFFICER_ID,REPORTING_DISTRICT,DAY_OF_WEEK,CHP_SHIFT,POPULATION,CNTY_CITY_LOC,SPECIAL_COND,BEAT_TYPE,CHP_BEAT_TYPE,CITY_DIVISION_LAPD,CHP_BEAT_CLASS,BEAT_NUMBER,PRIMARY_RD,SECONDARY_RD,DISTANCE,DIRECTION,INTERSECTION,WEATHER_1,WEATHER_2,STATE_HWY_IND,CALTRANS_COUNTY,CALTRANS_DISTRICT,STATE_ROUTE,ROUTE_SUFFIX,POSTMILE_PREFIX,POSTMILE,LOCATION_TYPE,RAMP_INTERSECTION,SIDE_OF_HWY,TOW_AWAY,COLLISION_SEVERITY,NUMBER_KILLED,NUMBER_INJURED,PARTY_COUNT,PRIMARY_COLL_FACTOR,PCF_CODE_OF_VIOL,PCF_VIOL_CATEGORY,PCF_VIOLATION,PCF_VIOL_SUBSECTION,HIT_AND_RUN,TYPE_OF_COLLISION,MVIW,PED_ACTION,ROAD_SURFACE,ROAD_COND_1,ROAD_COND_2,LIGHTING,CONTROL_DEVICE,CHP_ROAD_TYPE,PEDESTRIAN_ACCIDENT,BICYCLE_ACCIDENT,MOTORCYCLE_ACCIDENT,TRUCK_ACCIDENT,NOT_PRIVATE_PROPERTY,ALCOHOL_INVOLVED,STWD_VEHTYPE_AT_FAULT,CHP_VEHTYPE_AT_FAULT,COUNT_SEVERE_INJ,COUNT_VISIBLE_INJ,COUNT_COMPLAINT_PAIN,COUNT_PED_KILLED,COUNT_PED_INJURED,COUNT_BICYCLIST_KILLED,COUNT_BICYCLIST_INJURED,COUNT_MC_KILLED,COUNT_MC_INJURED,PRIMARY_RAMP,SECONDARY_RAMP,LATITUDE,LONGITUDE,COUNTY,CITY,POINT_X,POINT_Y
6550014,2014,2014-08-21,9330,2014-06-26,1417,019055,,4,2,9,4100,0,3,5,,2,107,"LANCASTER BL","ETHELDORE ST",42.00,W,N,A,-,N,,,,,,,,,,N,2,0,1,2,A,-,05,21650,1,N,D,G,A,A,H,-,A,D,0,,Y,,,Y,,L,04,1,0,0,0,0,0,1,0,0,"- ","- ",37.526989999999998,-122.51094999999999,"SAN MATEO",UNINCORPORATED,-122.51061476,37.527011160000001
6557375,2014,2015-03-05,9330,2014-06-26,1510,018129,,4,2,5,4113,0,1,2,,2,058,"RT 101","WOODSIDE RD",2112.00,S,N,A,-,Y,SM,4,101,-,-,4.990,H,-,S,Y,2,0,3,3,A,-,03,22350,,N,C,C,A,A,H,-,A,D,1,,,,Y,Y,,F,26,2,0,1,0,0,0,0,0,0,"- ","- ",,,"SAN MATEO","REDWOOD CITY",-122.2058471,37.487462610000001
6559815,2014,2016-03-30,4106,2014-05-15,1655,1262,14,4,5,6,4106,0,0,0,,0,006,"HICKEY BL","RT 280",0.00,,Y,A,-,Y,SM,4,280,-,R,23.964,R,4,N,N,2,0,1,2,A,-,03,22350,,N,C,C,A,A,H,-,A,A,0,,,Y,,Y,,C,02,1,0,0,0,0,0,0,0,1,"- ",SF,,,"SAN MATEO","DALY CITY",-122.46413748000001,37.660260530000002
6559891,2014,2016-04-12,9330,2014-06-25,1645,020786,,3,2,5,4113,0,1,2,,2,048,"RT 101","MAPLE ST",100.00,S,N,A,-,Y,SM,4,101,-,-,5.860,H,-,S,Y,2,0,1,2,A,-,07,21658,A,N,C,C,A,A,H,-,A,D,1,,,Y,,Y,,A,01,1,0,0,0,0,0,0,0,0,"- ","- ",37.491259999999997,-122.2193,"SAN MATEO","REDWOOD CITY",-122.22036608000001,37.491858450000002
6576700,2014,2016-05-17,9335,2014-07-17,0955,018053,,4,1,9,4100,0,1,2,,2,011,"RT 101","SAN FRANCISCO AIRPORT",1710.00,S,N,A,-,Y,SM,4,101,-,-,18.770,H,-,N,Y,2,0,3,3,A,-,07,21658,A,N,D,C,A,A,H,-,A,D,1,,,,,Y,,A,01,1,0,2,0,0,0,0,0,0,"- ","- ",37.610230000000001,-122.39203000000001,"SAN MATEO",UNINCORPORATED,-122.3911701,37.609758739999997
6578998,2014,2014-08-19,4114,2014-06-29,0011,037,SNB19,7,5,4,4114,0,0,0,,0,002,"CRYSTAL SPRINGS RD","CUNNINGHAM WY",475.00,E,N,A,-,N,,,,,,,,,,Y,2,0,3,2,A,-,01,23152,A,N,A,C,A,A,H,-,C,D,0,,,,,Y,Y,A,01,3,0,0,0,0,0,0,0,0,"- ","- ",,,"SAN MATEO","SAN BRUNO",-122.41864187,37.614032799999997
6589881,2014,2014-08-25,4100,2014-06-18,1650,18690,4100,3,5,3,4107,0,0,0,,0,075,"GRAND BL","ST JAMES AV",5.00,W,N,A,-,N,,,,,,,,,,N,2,0,1,2,A,-,05,21752,,N,H,G,A,A,H,-,A,D,0,,Y,,,Y,,L,04,1,0,0,0,0,0,1,0,0,"- ","- ",,,"SAN MATEO","HALF MOON BAY",-122.43721074,37.470539260000002
6592720,2014,2016-05-12,9335,2014-08-03,0140,020658,,7,3,6,4106,0,1,1,,2,021,"RT 280","HICKEY BL",500.00,N,N,A,-,Y,SM,4,280,-,R,24.320,H,-,S,N,2,0,4,2,A,-,08,22107,,N,F,C,A,A,H,-,D,D,1,,,,,Y,,A,01,2,1,1,0,0,0,0,0,0,"- ","- ",,,"SAN MATEO","DALY CITY",-122.46588565,37.665227190000003
6593933,2014,2016-05-13,9330,2014-07-30,1739,20071,,3,2,4,4104,0,1,2,,2,038,"RT 101","ANZA BL",2112.00,S,N,A,-,Y,SM,4,101,-,-,15.600,H,-,N,Y,2,0,1,1,A,-,03,22350,,N,E,I,A,A,H,-,A,D,1,,,Y,,Y,,C,02,1,0,0,0,0,0,0,0,1,"- ","- ",37.587209999999999,-122.34542,"SAN MATEO",BURLINGAME,-122.3441895,37.58708927
6599741,2014,2014-09-05,4111,2014-07-31,1745,P5136,P16,4,5,4,4111,0,0,0,,0,0P3,"ASPEN DR","PARK PACIFICA AV",155.00,W,N,A,-,N,,,,,,,,,,N,2,0,1,1,A,-,21,22106,,N,H,A,A,A,H,-,A,D,0,,,,,Y,,A,01,1,0,0,0,0,0,0,0,0,"- ","- ",,,"SAN MATEO",PACIFICA,-122.47361888,37.588032480000003
6603557,2014,2014-09-12,4113,2014-08-20,1146,403,3,3,5,5,4113,0,0,0,,0,003,"WOODSIDE RD","MIDDLEFIELD RD",0.00,,Y,A,-,N,,,,,,,,,,Y,2,0,1,5,A,-,08,22107,,N,B,C,A,A,H,-,A,A,0,,,Y,,Y,,A,01,1,0,0,0,0,0,0,0,1,"- ","- ",,,"SAN MATEO","REDWOOD CITY",-122.21916993000001,37.48110999
6606196,2014,2014-10-02,4100,2014-06-10,1401,19190,HMB,2,5,3,4107,0,0,0,,0,075,"RT 1","HIGGINS CANYON RD",0.00,,Y,A,-,Y,SM,4,1,-,-,27.750,I,5,N,Y,1,1,3,2,A,-,09,21804,A,N,D,C,A,A,H,-,A,A,0,,,,,Y,,A,01,1,0,2,0,0,0,0,0,0,"- ","- ",,,"SAN MATEO","HALF MOON BAY",-122.42980779,37.45038933
6606251,2014,2014-10-09,4114,2014-07-06,1548,0027,SNB13,7,5,4,4114,0,0,0,,0,002,"RT 82","JENEVEIN AV",0.00,,Y,A,-,Y,SM,4,82,-,-,18.140,I,5,N,Y,1,1,0,2,A,-,11,21955,,N,G,B,D,A,H,-,A,A,0,Y,,,,Y,,N,60,0,0,0,1,0,0,0,0,0,"- ","- ",,,"SAN MATEO","SAN BRUNO",-122.41265919999999,37.622997929999997
6606254,2014,2014-10-09,4101,2014-07-23,1534,14TB01,,3,5,2,4101,0,0,0,,0,003,"RT 82","ALMENDRAL AV",20.00,S,N,A,-,Y,SM,4,82,-,-,2.177,I,5,S,Y,1,1,1,2,A,-,10,21950,A,N,G,B,B,A,H,-,A,A,0,Y,,,,Y,,A,01,0,0,1,1,0,0,0,0,0,"- ","- ",,,"SAN MATEO",ATHERTON,-122.20471601,37.464395920000001
6606298,2014,2015-12-18,9335,2014-06-22,1859,020403,,7,2,6,4106,0,1,3,,2,041,"RT 1","SOUTHGATE AV",935.00,N,N,A,-,Y,SM,4,1,-,R,47.730,R,2,S,Y,1,1,0,1,A,-,08,22107,,N,F,I,A,A,H,-,A,D,1,,,Y,,Y,Y,C,02,0,0,0,0,0,0,0,1,0,FR,"- ",37.678550000000001,-122.47244000000001,"SAN MATEO","DALY CITY",-122.47250602,37.67691662
6606845,2014,2014-09-23,4104,2014-08-26,1020,204,5,2,5,4,4104,0,0,0,,0,00A,"CALIFORNIA DR","MORRELL AV",192.00,N,N,A,-,N,,,,,,,,,,N,2,0,1,2,A,-,07,21658,A,N,C,E,A,A,H,-,A,D,0,,Y,,,Y,,L,04,1,0,0,0,0,0,1,0,0,"- ","- ",,,"SAN MATEO",BURLINGAME,,
6607711,2014,2014-09-08,4106,2014-07-25,0746,2070,2,5,5,6,4106,0,0,0,,0,001,"POLARIS WY","CANYON DR",0.00,,Y,A,-,N,,,,,,,,,,Y,2,0,1,2,A,-,09,21800,B,N,B,C,A,A,H,-,A,D,0,,,Y,,Y,,C,02,1,0,0,0,0,0,0,0,1,"- ","- ",37.706769999999999,-122.43586000000001,"SAN MATEO","DALY CITY",-122.43598992,37.706859960000003
6607713,2014,2014-09-08,4106,2014-07-25,0918,2070,1,5,5,6,4106,0,0,0,,0,001,GENEVA,"TALBERT ST",0.00,,Y,A,-,N,,,,,,,,,,N,2,0,1,2,A,-,08,22107,,N,H,G,A,A,H,-,A,D,0,,Y,,,Y,,L,04,1,0,0,0,0,0,1,0,0,"- ","- ",37.705240000000003,-122.40872,"SAN MATEO","DALY CITY",-122.40904986,37.705219980000003
6623038,2014,2016-05-17,9330,2014-09-08,1658,020195,,1,2,4,4104,0,1,2,,2,038,"RT 101","BROADWAY AV",1584.00,S,N,A,-,Y,SM,4,101,-,-,16.280,H,-,S,Y,2,0,1,2,A,-,03,22350,,N,C,C,A,A,H,-,A,D,1,,,Y,,Y,,C,02,1,0,0,0,0,0,0,0,1,"- ","- ",,,"SAN MATEO",BURLINGAME,-122.35641622,37.587665899999998
6629681,2014,2016-05-14,4104,2014-09-08,1200,0204,5,1,5,4,4104,0,0,0,,0,00A,"RT 82","FLORIBUNDA AV",0.00,,Y,A,-,Y,SM,4,82,-,-,13.690,I,5,N,Y,2,0,1,2,A,-,09,21801,A,N,D,C,A,A,H,-,A,A,0,,,Y,,Y,,A,01,1,0,0,0,0,0,0,0,1,"- ","- ",37.578360000000004,-122.35557,"SAN MATEO",BURLINGAME,-122.35544412,37.578177969999999
6632622,2014,2014-09-26,9330,2014-07-28,1425,012628,,1,2,9,4100,0,3,5,,2,303,"GOLF COURSE DR",SKYLINE,382.00,E,N,A,-,N,,,,,,,,,,N,2,0,1,2,A,-,09,21801,A,F,E,I,A,A,H,-,A,D,0,,,,,Y,,A,01,1,0,0,0,0,0,0,0,0,"- ","- ",37.548540000000003,-122.37071,"SAN MATEO",UNINCORPORATED,-122.37242539,37.547388150000003
6640472,2014,2016-05-19,4109,2014-09-13,1100,14771,17,6,5,4,4109,0,0,0,,0,003,"RT 84","CHILCO ST",55.00,E,N,A,-,Y,SM,4,84,-,R,26.740,H,-,S,N,2,0,2,2,A,-,03,22350,,N,C,C,A,A,H,-,A,A,0,,,,,Y,,A,01,1,0,1,0,0,0,0,0,0,"- ","- ",,,"SAN MATEO","MENLO PARK",-122.16677482,37.483172860000003
6650918,2014,2016-05-19,4100,2014-09-01,1048,15530,1G,1,5,2,4118,0,0,0,,0,003,"RT 84","FRIARS LN",225.00,E,N,A,-,Y,SM,4,84,-,-,16.040,H,-,N,N,2,0,2,2,A,-,06,21750,,N,H,G,A,A,H,-,A,D,0,,Y,,,Y,,L,04,1,1,0,0,0,0,2,0,0,"- ","- ",,,"SAN MATEO",WOODSIDE,-122.25942285000001,37.392415730000003
6651235,2014,2016-05-19,4100,2014-08-14,2143,19010,1F,4,5,2,4118,0,0,0,,0,003,"RT 84","PORTOLA RD",8976.00,W,N,A,-,Y,SM,4,84,-,-,16.640,H,-,S,Y,2,0,2,1,A,-,03,22350,,N,E,I,A,A,H,-,D,D,0,,,,,Y,,A,01,1,1,0,0,0,0,0,0,0,"- ","- ",,,"SAN MATEO",WOODSIDE,-122.25857932,37.398203420000002
6666392,2014,2014-12-17,4113,2014-10-08,1737,427,8,3,5,5,4113,0,0,0,,0,008,"ROOSEVELT AV","CARSON ST",120.00,E,N,A,-,N,,,,,,,,,,N,2,0,1,2,A,-,08,22107,,N,H,G,A,A,H,-,A,A,0,,Y,,,Y,,A,01,1,0,0,0,0,0,1,0,0,"- ","- ",37.46434,-122.24129000000001,"SAN MATEO","REDWOOD CITY",-122.24115999999999,37.463713759999997
6666870,2014,2014-11-17,4104,2014-10-02,1706,0168,20,4,5,4,4104,0,0,0,,0,00C,"ROLLINS RD","ADRIAN RD",310.00,S,N,A,-,N,,,,,,,,,,Y,2,0,2,3,A,-,07,21658,A,N,D,C,A,A,H,-,A,D,0,,,,,Y,,A,01,1,1,0,0,0,0,0,0,0,"- ","- ",,,"SAN MATEO",BURLINGAME,-122.38201383000001,37.599006729999999
6671721,2014,2016-06-16,4104,2014-10-08,0817,0216,9,3,5,4,4104,0,0,0,,0,00B,"RT 82",BROADWAY,0.00,,Y,A,-,Y,SM,4,82,-,-,14.420,I,5,N,Y,2,0,1,2,A,-,12,21453,A,N,D,C,A,A,H,-,A,A,0,,,,Y,Y,,F,75,1,0,0,0,0,0,0,0,0,"- ","- ",37.584299999999999,-122.36628,"SAN MATEO",BURLINGAME,-122.36625032000001,37.584184350000001
6674933,2014,2016-06-16,9330,2014-10-12,0935,20379,,7,1,9,4100,0,1,3,,1,011,"RT 92","RT 35",300.00,E,N,A,-,Y,SM,4,92,-,T,6.840,H,-,W,Y,2,0,1,1,A,-,06,21755,,N,E,I,A,A,H,-,A,A,0,,,Y,,Y,,C,02,1,0,0,0,0,0,0,0,1,"- ","- ",37.510069999999999,-122.34463,"SAN MATEO",UNINCORPORATED,-122.34485136000001,37.510271000000003
6676548,2014,2014-12-18,4113,2014-10-17,1905,409,7,5,5,5,4113,0,0,0,,0,007,"JEFFERSON AV",HIGHLAND,0.00,,Y,A,-,N,,,,,,,,,,Y,2,0,1,2,A,-,09,21801,A,N,D,C,A,A,H,-,C,A,0,,,Y,,Y,,C,02,1,0,0,0,0,0,0,0,1,"- ","- ",,,"SAN MATEO","REDWOOD CITY",-122.25360997999999,37.465219900000001
6678131,2015,2016-02-22,4111,2015-11-23,1523,P5122,P02,1,5,4,4111,0,0,0,,0,0P1,"RT 35","KING DR",4.00,S,N,A,-,Y,SM,4,35,-,-,27.090,I,5,S,Y,1,1,0,2,A,-,10,21950,A,N,G,B,B,A,H,-,A,A,0,Y,,,,Y,,A,07,0,0,0,1,0,0,0,0,0,"- ","- ",,,"SAN MATEO",PACIFICA,-122.47187732,37.64916221
6678148,2015,2016-02-19,4109,2015-12-19,0643,14487,99,6,5,4,4109,0,0,0,,0,099,"SAND HILL RD","SANTA CRUZ AV",0.00,,Y,C,-,N,,,,,,,,,,Y,1,1,0,2,A,-,11,21950,B,N,G,B,B,B,H,-,C,A,0,Y,,,,Y,,N,60,0,0,0,1,0,0,0,0,0,"- ","- ",37.425800000000002,-122.19228,"SAN MATEO","MENLO PARK",-122.19246988,37.425859889999998
6678155,2015,2017-04-04,4100,2015-12-27,0020,15380,,7,5,2,4112,0,0,0,,0,031,"PORTOLA RD","FAMILY FARM RD",1056.00,N,N,A,-,N,,,,,,,,,,Y,1,1,0,1,A,-,"- ",,,N,E,I,A,A,H,-,D,D,0,,,,,Y,Y,A,01,0,0,0,0,0,0,0,0,0,"- ","- ",,,"SAN MATEO","PORTOLA VALLEY",-122.24332455,37.393111380000001
6678374,2017,2018-01-30,4127,2017-06-16,1450,2166,4127,5,5,4,4127,0,0,0,,0,001,"UNIVERSITY AV","KAVANAUGH DR",0.00,,Y,A,-,N,,,,,,,,,,Y,1,1,3,3,A,-,12,21453,A,N,D,C,A,A,H,-,A,A,0,,,,,Y,,A,01,2,1,0,0,0,0,0,0,0,"- ","- ",,,"SAN MATEO","EAST PALO ALTO",-122.13965996,37.475499880000001
6678387,2017,2019-04-05,4117,2017-11-12,0004,17BH03,10AE,7,5,5,4117,0,0,0,,0,002,"RT 82","HAZELWOOD DR",181.00,N,N,A,-,Y,SM,4,82,-,-,19.690,H,-,S,N,1,1,0,2,A,-,11,21955,,F,G,B,D,A,H,-,C,A,0,Y,,,,Y,Y,A,01,0,0,0,1,0,0,0,0,0,"- ","- ",37.642679999999999,-122.42501,"SAN MATEO","SOUTH SAN FRANCISCO",-122.42538326,37.64305512
6695783,2014,2016-06-18,4109,2014-10-13,0840,1894,18,1,5,4,4109,0,0,0,,0,003,"RT 114","RT 84",104.00,W,N,A,-,Y,SM,4,114,-,-,5.910,H,-,N,Y,2,0,1,2,A,-,08,22107,,N,B,C,A,A,H,-,A,A,0,,,Y,,Y,,A,07,1,0,0,0,0,0,0,0,1,"- ","- ",,,"SAN MATEO","MENLO PARK",-122.15020088999999,37.48186999
6703818,2014,2015-01-12,4104,2014-11-05,0800,0216,8,3,5,4,4104,0,0,0,,0,00A,"CALIFORNIA DR","SANCHEZ AV",269.00,S,N,A,-,N,,,,,,,,,,Y,2,0,1,2,A,-,"- ",,,N,H,C,A,A,H,-,A,D,0,,,,Y,Y,,F,87,1,0,0,0,0,0,0,0,0,"- ","- ",,,"SAN MATEO",BURLINGAME,-122.35873243,37.585555159999998
6707784,2014,2014-11-25,4104,2014-10-09,0622,0216,4,4,5,4,4104,0,0,0,,0,00A,"RT 82","BURLINGAME AV",110.00,S,N,B,-,Y,,,82,,,,,,,N,2,0,1,2,A,-,11,21954,A,N,G,B,D,A,H,-,C,D,0,Y,,,,Y,,N,60,1,0,0,0,1,0,0,0,0,"- ","- ",37.576860000000003,-122.3498,"SAN MATEO",BURLINGAME,-122.34993052999999,37.576365260000003
6714752,2014,2014-12-30,4117,2014-10-22,0542,09RA03,05AB,3,5,5,4117,0,0,0,,0,001,"SAN MATEO AV","LOWRIE AV",336.00,S,N,A,-,N,,,,,,,,,,N,2,0,1,2,A,-,21,22106,,N,D,C,A,A,H,-,C,D,0,,,,Y,Y,,F,24,1,0,0,0,0,0,0,0,0,"- ","- ",,,"SAN MATEO","SOUTH SAN FRANCISCO",-122.41164564,37.641759139999998
6718173,2014,2015-03-12,9330,2014-11-03,1030,16184,,1,1,9,4100,0,1,3,,2,031,"RT 92","RALSTON AV",2112.00,W,N,A,-,Y,SM,4,92,-,R,7.680,H,-,W,Y,1,1,0,2,A,-,07,21658,A,N,B,C,A,A,H,-,A,D,1,,,,,Y,,A,01,0,0,0,0,0,0,0,0,0,"- ","- ",37.509459999999997,-122.33426,"SAN MATEO",UNINCORPORATED,-122.33388169,37.509525519999997
6718793,2017,2019-04-08,4114,2017-12-16,1410,0035,SNB33,6,5,4,4114,0,0,0,,0,003,"SKYLINE BL","BERKSHIRE DR",1584.00,N,N,A,-,Y,SM,4,35,-,-,25.810,H,-,N,N,1,1,0,2,A,-,11,21956,A,F,G,B,E,A,H,-,D,D,0,Y,,,,Y,,N,60,0,0,0,1,0,0,0,0,0,"- ","- ",,,"SAN MATEO","SAN BRUNO",-122.45842193,37.634850659999998
6725230,2014,2016-07-07,9335,2014-11-24,1810,015042,,1,2,4,4114,0,1,1,,2,020,"RT 280",SNEATH,135.00,N,N,A,-,Y,SM,4,280,-,R,21.430,H,-,N,Y,2,0,1,2,A,-,03,22350,,N,B,C,A,A,H,-,C,D,1,,,Y,,Y,,C,02,1,0,0,0,0,0,0,0,1,"- ","- ",,,"SAN MATEO","SAN BRUNO",-122.43643336,37.631690460000002
6733690,2014,2016-06-24,4113,2014-11-06,0000,428,5,4,5,5,4113,0,0,0,,0,005,"KENTFIELD AV","WOODSIDE RD",0.00,,Y,A,-,Y,SM,4,84,-,-,23.718,I,5,S,N,2,0,1,2,A,-,11,21456,B,N,G,B,B,A,H,-,A,A,0,Y,,,,Y,,N,60,1,0,0,0,1,0,0,0,0,"- ","- ",37.457459999999998,-122.22693,"SAN MATEO","REDWOOD CITY",-122.22507853,37.462678330000003
6736450,2014,2015-01-05,4113,2014-10-31,1924,424,6,5,5,5,4113,0,0,0,,0,006,"ROOSEVELT AV","EL CAMINO REAL",0.00,,Y,A,-,N,,,,,,,,,,Y,2,0,1,3,A,-,11,21453,D,N,G,B,B,B,H,-,C,A,0,Y,,,,Y,Y,N,60,1,0,0,0,1,0,0,0,0,"- ","- ",37.479889999999997,-122.21899000000001,"SAN MATEO","REDWOOD CITY",-122.2255699,37.479099959999999
6742387,2014,2016-03-08,4106,2014-10-16,1717,1182,3,4,5,6,4106,0,0,0,,0,002,"MISSION ST","EVERGREEN AV",0.00,,Y,A,-,N,,,,,,,,,,N,2,0,2,3,A,-,10,21950,A,N,G,B,B,A,H,-,A,A,0,Y,,,,Y,,A,01,1,1,0,0,2,0,0,0,0,"- ","- ",37.707459999999998,-122.45663,"SAN MATEO","DALY CITY",-122.45672987,37.707419969999997
6754077,2014,2015-02-09,9330,2014-12-20,1515,019478,,6,2,9,4100,0,3,5,,2,305,"CRYSTAL SPRINGS RD","TARTAN TRAIL RD",200.00,W,N,B,-,N,,,,,,,,,,N,2,0,1,1,A,-,08,22107,,N,F,I,A,B,H,-,A,A,0,,Y,,,Y,,L,04,1,0,0,0,0,0,1,0,0,"- ","- ",,,"SAN MATEO",UNINCORPORATED,-122.34984811,37.53747542
6771600,2014,2015-02-05,4101,2014-12-23,0237,14LC01,,2,5,2,4101,0,0,0,,0,001,"MIDDLEFIELD RD","OAK GROVE AV",336.00,S,N,A,-,N,,,,,,,,,,Y,2,0,2,1,A,-,01,23153,A,N,E,I,A,A,H,-,D,D,0,,,,,Y,Y,A,01,2,0,0,0,0,0,0,0,0,"- ","- ",,,"SAN MATEO",ATHERTON,-122.17755428,37.461402929999998
6778658,2014,2016-06-17,9330,2014-12-24,1135,16324,,3,1,9,4100,0,1,3,,1,010,"RT 1","MEDIO AV",0.00,,Y,B,-,Y,SM,4,1,-,-,31.410,I,5,N,Y,2,0,3,2,A,-,09,21802,A,N,D,C,A,A,H,-,A,D,0,,,,,Y,,-,,1,0,2,0,0,0,0,0,0,"- ","- ",37.496040000000001,-122.4577,"SAN MATEO",UNINCORPORATED,-122.45763226,37.495988730000001
6793877,2014,2015-01-30,4100,2014-11-18,1742,17120,5H,2,5,3,4110,0,0,0,,0,061,"EAST MILLBRAE AV","ROLLINS RD",214.00,E,N,A,-,N,,,,,,,,,,Y,2,0,1,2,A,-,11,21950,B,N,G,B,D,A,H,-,C,A,0,Y,,,,Y,Y,N,60,1,0,0,0,1,0,0,0,0,"- ","- ",,,"SAN MATEO",MILLBRAE,-122.38344169,37.600803710000001
6793990,2014,2016-07-07,4100,2014-12-08,1720,12460,3,1,5,4,4115,0,0,0,,0,002,"HOLLY ST","RT 101",0.00,,Y,C,-,Y,SM,4,101,-,-,8.536,R,4,N,Y,2,0,2,3,A,-,03,22350,,N,C,C,A,B,H,-,C,A,0,,,Y,,Y,,A,01,1,0,1,0,0,0,0,0,1,"- ","- ",,,"SAN MATEO","SAN CARLOS",-122.2577343,37.515448329999998
6804868,2015,2016-09-07,9330,2015-01-22,0840,012628,,4,1,9,4100,0,3,5,,2,103,"RT 1","14TH ST",189.00,N,N,A,-,Y,SM,4,1,-,-,36.020,H,-,N,Y,2,0,1,2,A,-,05,21460,A,N,A,C,A,A,H,-,A,D,0,,,,,Y,,A,01,1,0,0,0,0,0,0,0,0,"- ","- ",37.537509999999997,-122.51743,"SAN MATEO",UNINCORPORATED,-122.5173767,37.537885209999999
6811874,2015,2016-10-10,9330,2015-01-26,0930,20786,,1,1,5,4116,0,1,2,,2,038,"RT 101","3RD AV",750.00,N,N,A,-,Y,SM,4,101,-,-,27.460,H,-,S,Y,2,0,1,2,A,-,07,21658,A,N,B,C,A,A,H,-,A,D,0,,,Y,,Y,,A,01,1,0,0,0,0,0,0,0,1,"- ","- ",37.571129999999997,-122.31438,"SAN MATEO","SAN MATEO",-122.31438,37.571129999999997
6815628,2015,2016-10-06,9330,2015-02-02,1810,020106,,1,2,5,4113,0,1,2,,2,058,"RT 101","RT 84",75.00,S,N,A,-,Y,SM,4,101,-,-,5.380,H,-,S,N,2,0,1,1,A,-,08,22107,,N,E,I,A,A,H,-,D,D,1,,,,,Y,,D,22,1,0,0,0,0,0,0,0,0,"- ","- ",,,"SAN MATEO","REDWOOD CITY",-122.2128415,37.488867200000001
6824846,2015,2016-10-19,4100,2015-01-11,0413,17940,MLB,7,5,3,4110,0,0,0,,0,062,"RT 82","CENTER ST",377.00,S,N,A,-,Y,SM,4,82,-,-,16.770,H,-,N,N,2,0,1,2,A,-,11,21955,,N,G,B,D,A,H,-,C,D,0,Y,,,,Y,Y,N,60,1,0,0,0,1,0,0,0,0,"- ","- ",,,"SAN MATEO",MILLBRAE,-122.39808712,37.606945959999997
6835724,2014,2016-03-10,4106,2014-11-09,2500,2048,4,7,5,6,4106,0,0,0,,0,003,"JUNIPERO SERRA BL","CITRUS AV",34.00,S,N,E,-,N,,,,,,,,,,Y,2,0,2,1,A,-,01,23153,A,N,E,I,A,B,H,-,C,A,0,,,,,Y,,A,01,1,1,0,0,0,0,0,0,0,"- ","- ",,,"SAN MATEO","DALY CITY",-122.47070085999999,37.697521930000001
6836470,2015,2016-09-06,9330,2015-02-27,1000,019478,,5,1,9,4100,0,1,3,,2,042,"RT 35","MORSE LN",2640.00,N,N,B,-,Y,SM,4,35,-,-,11.460,H,-,S,N,2,0,1,1,A,-,08,22107,,N,F,I,A,B,H,-,A,A,0,,,Y,,Y,,C,02,1,0,0,0,0,0,0,0,1,"- ","- ",,,"SAN MATEO",UNINCORPORATED,-122.2751511,37.389201059999998
6837648,2015,2015-03-18,4114,2015-02-17,0605,0036,SNB5,2,5,4,4114,0,0,0,,0,001,"SAN BRUNO AV WEST","HENSLEY AV",0.00,,Y,A,-,N,,,,,,,,,,N,2,0,1,2,A,-,10,21950,A,N,G,B,B,A,H,-,C,D,0,Y,,,,Y,,A,01,1,0,0,0,1,0,0,0,0,"- ","- ",,,"SAN MATEO","SAN BRUNO",-122.41591999000001,37.62907998
6840259,2015,2016-10-12,9330,2015-02-25,1640,20922,,3,2,3,4107,0,1,3,,1,011,"RT 92","RT 35",0.00,,Y,A,-,Y,SM,4,92,-,-,5.191,I,5,E,Y,2,0,2,3,A,-,09,21801,A,N,D,C,A,A,H,-,A,A,0,,,,,Y,,D,22,1,0,1,0,0,0,0,0,0,"- ","- ",37.495539999999998,-122.36888999999999,"SAN MATEO","HALF MOON BAY",-122.36890728,37.495546179999998
6844644,2015,2016-09-13,9330,2015-02-24,0105,020894,,2,3,9,4100,0,1,1,,2,044,"RT 280","EDGEWOOD RD",100.00,N,N,A,-,Y,SM,4,280,-,-,6.916,R,2,S,Y,2,0,1,1,A,-,01,23152,A,N,E,J,A,A,H,-,D,D,1,,,,,Y,Y,A,01,1,0,0,0,0,0,0,0,0,"- ","- ",,,"SAN MATEO",UNINCORPORATED,-122.29505313,37.4712435
6850478,2015,2016-09-26,9330,2015-02-26,2200,020013,,4,3,5,4113,0,1,2,,2,048,"RT 101","WHIPPLE AV",1584.00,N,N,A,-,Y,SM,4,101,-,-,6.830,H,-,N,Y,2,0,1,2,A,-,08,22107,,N,C,C,A,A,H,-,D,D,1,,,,,Y,,A,01,1,0,0,0,0,0,0,0,0,"- ","- ",37.49794,-122.2372,"SAN MATEO","REDWOOD CITY",-122.23641698,37.497506170000001
6854116,2014,2015-05-07,4106,2014-12-04,2332,1255,10,4,5,6,4106,0,0,0,,0,004,"RT 35","WESTRIDGE DR",0.00,,Y,B,-,Y,SM,4,35,-,-,30.270,I,5,S,N,1,1,0,2,A,-,11,21456,B,N,G,B,B,A,H,-,C,A,0,Y,,,,Y,,D,72,0,0,0,1,0,0,0,0,0,"- ","- ",37.689689999999999,-122.48909999999999,"SAN MATEO","DALY CITY",-122.49281187,37.690477139999999