CASE_ID,ACCIDENT_YEAR,PROC_DATE,JURIS,COLLISION_DATE,COLLISION_TIME,OFFICER_ID,REPORTING_DISTRICT,DAY_OF_WEEK,CHP_SHIFT,POPULATION,CNTY_CITY_LOC,SPECIAL_COND,BEAT_TYPE,CHP_BEAT_TYPE,CITY_DIVISION_LAPD,CHP_BEAT_CLASS,BEAT_NUMBER,PRIMARY_RD,SECONDARY_RD,DISTANCE,DIRECTION,INTERSECTION,WEATHER_1,WEATHER_2,STATE_HWY_IND,CALTRANS_COUNTY,CALTRANS_DISTRICT,STATE_ROUTE,ROUTE_SUFFIX,POSTMILE_PREFIX,POSTMILE,LOCATION_TYPE,RAMP_INTERSECTION,SIDE_OF_HWY,TOW_AWAY,COLLISION_SEVERITY,NUMBER_KILLED,NUMBER_INJURED,PARTY_COUNT,PRIMARY_COLL_FACTOR,PCF_CODE_OF_VIOL,PCF_VIOL_CATEGORY,PCF_VIOLATION,PCF_VIOL_SUBSECTION,HIT_AND_RUN,TYPE_OF_COLLISION,MVIW,PED_ACTION,ROAD_SURFACE,ROAD_COND_1,ROAD_COND_2,LIGHTING,CONTROL_DEVICE,CHP_ROAD_TYPE,PEDESTRIAN_ACCIDENT,BICYCLE_ACCIDENT,MOTORCYCLE_ACCIDENT,TRUCK_ACCIDENT,NOT_PRIVATE_PROPERTY,ALCOHOL_INVOLVED,STWD_VEHTYPE_AT_FAULT,CHP_VEHTYPE_AT_FAULT,COUNT_SEVERE_INJ,COUNT_VISIBLE_INJ,COUNT_COMPLAINT_PAIN,COUNT_PED_KILLED,COUNT_PED_INJURED,COUNT_BICYCLIST_KILLED,COUNT_BICYCLIST_INJURED,COUNT_MC_KILLED,COUNT_MC_INJURED,PRIMARY_RAMP,SECONDARY_RAMP,LATITUDE,LONGITUDE,COUNTY,CITY,POINT_X,POINT_Y
6854299,2014,2016-01-13,4100,2014-03-21,1618,19190,4100,5,5,3,4107,0,0,0,,0,075,"FILBERT ST","STATION 1",31.00,E,N,A,-,Y,SM,4,1,-,-,28.350,I,6,S,N,1,1,0,2,A,-,09,21802,A,F,H,G,A,A,H,-,A,A,0,,Y,,,Y,,L,04,0,0,0,0,0,1,0,0,0,"- ","- ",,,"SAN MATEO","HALF MOON BAY",-122.43418373999999,37.458390530000003
6854485,2015,2015-05-01,9330,2015-01-25,1430,20337,,7,2,9,4100,0,1,3,,1,021,"RT 84","BEAR GULCH RD",4224.00,W,N,A,-,Y,SM,4,84,-,-,1.990,H,-,S,Y,1,1,0,1,A,-,08,22107,,N,F,I,A,A,H,-,A,D,0,,,Y,,Y,,C,02,0,0,0,0,0,0,0,1,0,"- ","- ",37.197659999999999,-122.21969,"SAN MATEO",UNINCORPORATED,-122.36664532,37.329731690000003
6854597,2015,2015-05-12,4100,2015-02-16,1517,13840,4100,1,5,2,4118,0,0,0,,0,030,"CANADA RD","OLIVE HILL LN",0.00,,Y,A,-,N,,,,,,,,,,Y,1,1,0,2,A,-,01,23152,A,N,D,C,A,A,H,-,A,D,0,,,Y,Y,Y,,C,02,0,0,0,0,0,0,0,1,0,"- ","- ",,,"SAN MATEO",WOODSIDE,-122.26403998000001,37.439519949999998
6856087,2015,2015-03-24,4117,2015-03-14,1516,14JR10,08AF,6,5,5,4117,0,0,0,,0,001,"COMMERCIAL AV","LINDEN AV",230.00,W,N,A,-,N,,,,,,,,,,Y,2,0,1,2,A,-,01,23152,A,N,G,B,D,A,H,-,A,D,0,Y,,,,Y,Y,A,01,1,0,0,0,1,0,0,0,0,"- ","- ",,,"SAN MATEO","SOUTH SAN FRANCISCO",-122.41157455,37.653392439999998
6858272,2015,2016-09-07,4106,2015-02-04,0730,1106,13,3,5,6,4106,0,0,0,,0,006,"SERRAMONTE BL","RT 1",0.00,,Y,A,-,Y,SM,4,1,-,R,47.094,R,4,N,Y,2,0,3,2,A,-,12,22450,,N,A,C,A,A,H,-,A,A,0,,,,,Y,,A,01,1,0,2,0,0,0,0,0,0,"- ",NF,37.669319999999999,-122.47790000000001,"SAN MATEO","DALY CITY",-122.47920492,37.67045907
6859308,2015,2015-03-26,4113,2015-01-05,1245,380,3,1,5,5,4113,0,0,0,,0,003,"CHESTNUT ST","STAMBAUGH ST",0.00,,Y,A,-,N,,,,,,,,,,Y,2,0,1,2,A,-,10,21950,A,N,G,B,B,A,H,-,A,A,0,Y,,,,Y,,A,08,1,0,0,0,1,0,0,0,0,"- ","- ",,,"SAN MATEO","REDWOOD CITY",-122.22103986,37.483059930000003
6860739,2015,2015-03-26,4113,2015-02-09,0505,414,4,1,5,5,4113,0,0,0,,0,004,"WOODSIDE RD","SPRING ST",0.00,W,N,B,-,N,,,,,,,,,,N,2,0,1,2,A,-,09,21804,A,N,A,G,A,B,H,-,C,D,0,,Y,,,Y,,L,04,1,0,0,0,0,0,1,0,0,"- ","- ",,,"SAN MATEO","REDWOOD CITY",-122.21663995999999,37.48388989
6863512,2015,2016-05-02,9330,2015-03-12,0915,20337,,4,1,4,4109,0,3,5,,2,513,"STOWE LN","ALPINE RD",6.00,S,N,A,-,N,,,,,,,,,,N,2,0,1,2,A,-,09,21804,A,N,G,B,D,A,H,-,A,D,0,Y,,,,Y,,A,01,1,0,0,0,1,0,0,0,0,"- ","- ",37.251959999999997,-122.11452,"SAN MATEO","MENLO PARK",-122.19104,37.419939999999997
6865714,2015,2016-09-07,9330,2015-03-18,1715,20191,,3,2,4,4115,0,1,2,,2,048,"RT 101","BRITTAN AV",100.00,N,N,A,-,Y,SM,4,101,-,-,7.610,H,-,S,Y,2,0,1,2,A,-,07,21658,A,N,B,C,A,A,H,-,A,D,1,,,Y,,Y,,A,07,1,0,0,0,0,0,0,0,1,"- ","- ",,,"SAN MATEO","SAN CARLOS",-122.24659016,37.505364659999998
6865784,2015,2015-04-08,4117,2015-03-19,0802,04JL03,15AD,4,5,5,4117,0,0,0,,0,002,"ALIDA WY","COUNTRY CLUB DR",0.00,,Y,A,-,N,,,,,,,,,,N,2,0,1,2,A,-,10,21950,A,N,G,B,B,A,H,-,A,A,0,Y,,,,Y,,A,01,1,0,0,0,1,0,0,0,0,"- ","- ",37.647820000000003,-122.42391000000001,"SAN MATEO","SOUTH SAN FRANCISCO",-122.42940989,37.645059940000003
6865792,2015,2015-04-09,4117,2015-03-18,1632,07RV01,01AF,3,5,5,4117,0,0,0,,0,004,"ALLERTON AV","CABOT RD",337.00,N,N,A,-,N,,,,,,,,,,Y,2,0,1,2,A,-,05,21650,A,N,B,C,A,A,H,-,A,D,0,,,Y,,Y,,C,02,1,0,0,0,0,0,0,0,1,"- ","- ",37.653210000000001,-122.38549999999999,"SAN MATEO","SOUTH SAN FRANCISCO",-122.38988184,37.654834399999999
6865834,2015,2015-04-09,4127,2015-03-09,1548,2183,4127,1,5,4,4127,0,0,0,,0,001,"BAY RD","UNIVERSITY AV",0.00,,Y,A,-,N,,,,,,,,,,N,2,0,1,2,A,-,09,21804,A,N,D,C,A,A,H,-,A,D,0,,,Y,,Y,,A,01,1,0,0,0,0,0,0,0,1,"- ","- ",,,"SAN MATEO","EAST PALO ALTO",-122.13953995,37.471689929999997
6866160,2015,2016-10-19,4101,2015-03-27,1433,14TB01,,5,5,2,4101,0,0,0,,0,003,"RT 82","5TH AV",0.00,,Y,A,-,Y,SM,4,82,-,-,2.486,I,5,S,N,2,0,1,2,A,-,10,21950,A,N,G,B,B,A,H,-,A,A,0,Y,,,,Y,,D,22,1,0,0,0,1,0,0,0,0,"- ","- ",,,"SAN MATEO",ATHERTON,-122.20902599999999,37.467179119999997
6875658,2015,2016-10-19,4108,2015-03-19,1510,1585,,4,5,3,4108,0,0,0,,0,NORTH,"RT 82","FLORIBUNDA AV",461.00,S,N,A,-,Y,SM,4,82,-,-,13.600,H,-,S,Y,2,0,1,1,A,-,08,22107,,N,F,I,A,A,H,-,A,A,0,,,,,Y,,-,,1,0,0,0,0,0,0,0,0,"- ","- ",,,"SAN MATEO",HILLSBOROUGH,-122.3540816,37.577477690000002
6876042,2015,2015-04-20,4117,2015-03-20,2355,06WG04,17AR,5,5,5,4117,0,0,0,,0,003,"JUNIPERO SERRA BL","ARROYO DR",0.00,,Y,A,-,N,,,,,,,,,,Y,2,0,3,2,A,-,09,21802,A,N,D,C,A,A,H,-,C,A,0,,,,,Y,,A,01,1,0,2,0,0,0,0,0,0,"- ","- ",,,"SAN MATEO","SOUTH SAN FRANCISCO",-122.45039985,37.64848997
6878931,2015,2015-04-18,4120,2015-03-03,0410,M125,11,2,5,4,4120,0,0,0,,0,00X,"TRITON DR","FOSTER CITY BL",193.00,E,N,A,-,N,,,,,,,,,,N,2,0,1,2,A,-,09,21801,A,N,A,G,A,A,H,-,C,D,0,,Y,,,Y,,A,01,1,0,0,0,0,0,1,0,0,"- ","- ",,,"SAN MATEO","FOSTER CITY",-122.27115630999999,37.563205289999999
6880310,2015,2015-04-21,4113,2015-04-01,1100,434,7,3,5,5,4113,0,0,0,,0,007,"JEFFERSON AV","FARM HILL BL",0.00,,Y,A,-,N,,,,,,,,,,Y,2,0,1,1,A,-,01,23152,A,N,E,J,A,A,H,-,A,A,0,,,,,Y,,D,22,1,0,0,0,0,0,0,0,0,"- ","- ",37.463940000000001,-122.24238,"SAN MATEO","REDWOOD CITY",-122.24917994,37.465269999999997
6900270,2015,2016-05-02,4109,2015-01-31,0231,15031,16,6,5,4,4109,0,0,0,,0,002,"BAY RD","DEL NORTE AV",52.00,N,N,A,-,N,,,,,,,,,,N,2,0,1,1,A,-,08,22107,,M,E,I,A,A,H,-,D,D,0,,,,,Y,Y,A,01,1,0,0,0,0,0,0,0,0,"- ","- ",,,"SAN MATEO","MENLO PARK",-122.16983317,37.472894189999998
6905624,2015,2016-09-27,9335,2015-04-16,1000,20274,,4,1,6,4106,0,1,1,,2,021,"RT 280","SAN FRANCISCO SAN MATEO COUNTY LINE",612.00,S,N,A,-,Y,SF,4,280,-,R,0.143,R,2,S,Y,1,1,0,1,A,-,08,22107,,N,E,I,A,A,H,-,A,D,1,,,,,Y,,A,01,0,0,0,0,0,0,0,0,0,TO,"- ",37.422490000000003,-122.28149000000001,"SAN MATEO","DALY CITY",-122.46704076,37.709706400000002
6905750,2015,2015-05-27,9330,2015-04-02,1750,19738,,4,2,5,4116,0,1,2,,2,038,"RT 101","MARINERS ISLAND BL",2603.00,W,N,A,-,Y,SM,4,92,-,R,12.366,R,2,E,Y,1,1,0,3,A,-,07,21658,A,N,B,C,A,A,H,-,A,D,1,,,Y,Y,Y,,-,99,0,0,0,0,0,0,0,1,0,TO,"- ",,,"SAN MATEO","SAN MATEO",-122.29227161999999,37.553729439999998
6907157,2015,2015-05-27,4102,2015-04-18,1340,90400,4,6,5,4,4102,0,0,0,,0,002,"RALSTON AV","CHULA VISTA DR",0.00,,Y,A,-,N,,,,,,,,,,Y,2,0,1,2,A,-,09,21801,A,N,D,G,A,A,H,-,A,D,0,,Y,,,Y,,A,01,1,0,0,0,0,0,1,0,0,"- ","- ",,,"SAN MATEO",BELMONT,-122.28347988,37.515319900000001
6908842,2015,2015-05-18,4117,2015-04-06,0736,07AE,1,1,5,5,4117,0,0,0,,0,001,"LINDEN AV","HILLSIDE BL",44.00,N,N,A,-,N,,,,,,,,,,Y,2,0,1,1,A,-,08,22107,,N,D,J,A,A,H,-,A,A,0,,,Y,,Y,,C,02,1,0,0,0,0,0,0,0,1,"- ","- ",37.660640000000001,-122.40483,"SAN MATEO","SOUTH SAN FRANCISCO",-122.40732263,37.662111580000001
6909522,2014,2015-05-18,4113,2014-12-09,2010,327,3,2,5,5,4113,0,0,0,,0,003,"STAMBAUGH ST","SPRUCE ST",0.00,,Y,A,-,N,,,,,,,,,,Y,2,0,2,2,A,-,03,22350,,N,D,C,A,A,H,-,C,D,0,,,,,Y,Y,A,01,1,0,1,0,0,0,0,0,0,"- ","- ",37.479889999999997,-122.21899000000001,"SAN MATEO","REDWOOD CITY",-122.21874988,37.482039970000002
6917949,2015,2015-05-20,4116,2015-04-29,0759,0204,,3,5,5,4116,0,0,0,,0,00A,"PENINSULA AV","DWIGHT RD",0.00,,Y,A,-,N,,,,,,,,,,N,2,0,1,2,A,-,10,21950,A,N,G,B,B,A,H,-,A,A,0,Y,,,,Y,,A,01,1,0,0,0,1,0,0,0,0,"- ","- ",36.778260000000003,-119.41793,"SAN MATEO","SAN MATEO",-122.33455987000001,37.580399960000001
6919828,2015,2016-12-15,9335,2015-05-07,0101,18829,,4,3,9,4100,0,1,2,,2,011,"RT 101","WEST AREA DR",1118.00,S,N,A,-,Y,SM,4,101,-,-,19.880,H,-,S,Y,2,0,2,1,C,-,18,,,N,F,A,A,A,H,-,C,D,1,,,,,Y,,-,"- ",1,0,1,0,0,0,0,0,0,"- ","- ",37.623699999999999,-122.40103000000001,"SAN MATEO",UNINCORPORATED,-122.40100183,37.623515650000002
6931070,2015,2015-06-04,4109,2015-02-19,1458,13347,25,4,5,4,4109,0,0,0,,0,002,"MIDDLEFIELD RD","RINGWOOD AV",36.00,S,N,A,-,N,,,,,,,,,,Y,2,0,1,2,A,-,03,22350,,N,C,C,A,A,H,-,A,A,0,,,,,Y,,A,01,1,0,0,0,0,0,0,0,0,"- ","- ",,,"SAN MATEO","MENLO PARK",-122.17387266999999,37.459472669999997
6935193,2015,2016-12-13,9330,2015-06-27,1255,020580,,6,1,9,4100,0,1,3,,1,021,"RT 84","HILDEBRAND RD",2640.00,W,N,A,-,Y,SM,4,84,-,-,8.510,H,-,N,Y,2,0,1,2,A,-,03,22350,,N,F,A,A,A,H,-,A,D,0,,,Y,,Y,,C,02,1,0,0,0,0,0,0,0,1,"- ","- ",37.33305,-122.2713,"SAN MATEO",UNINCORPORATED,-122.27592873,37.314298979999997
6936370,2015,2016-12-13,9330,2015-05-19,1428,19960,,2,2,9,4100,0,1,3,,1,011,"RT 92","PILARCITOS CREEK",5280.00,W,N,A,-,Y,SM,4,92,-,-,2.280,H,-,W,Y,2,0,2,1,A,-,08,22107,,N,E,I,A,A,H,-,A,D,0,,,,,Y,,D,22,1,1,0,0,0,0,0,0,0,"- ","- ",,,"SAN MATEO",UNINCORPORATED,-122.40044417999999,37.483909920000002
6936390,2015,2016-11-04,9330,2015-05-25,1620,16324,,1,2,9,4100,0,1,1,,2,044,"RT 280","EDGEWOOD RD",6336.00,N,N,A,-,Y,SM,4,280,-,-,7.890,H,-,N,Y,2,0,1,1,A,-,08,22107,,N,E,I,A,A,H,-,A,D,1,,,,,Y,,D,22,1,0,0,0,0,0,0,0,0,"- ","- ",37.299019999999999,-122.17537,"SAN MATEO",UNINCORPORATED,-122.29824617,37.485431040000002
6936820,2015,2015-06-05,4109,2015-05-01,1641,15174,16,5,5,4,4109,0,0,0,,0,002,"BAY RD","POWER POLE #2471",84.00,S,N,A,-,N,,,,,,,,,,Y,2,0,2,3,A,-,03,22350,,N,C,C,A,A,H,-,A,D,0,,,,,Y,,A,01,1,1,0,0,0,0,0,0,0,"- ","- ",,,"SAN MATEO","MENLO PARK",,
6941837,2015,2015-06-23,4120,2015-04-18,0735,097,9,6,5,4,4120,0,0,0,,0,00Y,"EDGEWATER BL","REGULUS ST",0.00,,Y,A,-,N,,,,,,,,,,N,2,0,1,2,A,-,03,22350,,N,D,C,A,A,H,-,A,A,0,,,Y,Y,Y,,C,02,1,0,0,0,0,0,0,0,1,"- ","- ",37.550710000000002,-122.27452,"SAN MATEO","FOSTER CITY",-122.27459996,37.550669900000003
6944491,2015,2016-11-04,9330,2015-05-23,2025,20580,,6,2,9,4100,0,1,3,,1,010,"RT 1","MEDIO AV",0.00,,Y,B,-,Y,SM,4,1,-,-,31.410,I,5,S,N,2,0,1,2,A,-,09,21802,A,N,D,C,A,B,H,-,D,D,0,,,,,Y,Y,A,01,1,0,0,0,0,0,0,0,0,"- ","- ",37.49597,-122.45765,"SAN MATEO",UNINCORPORATED,-122.45763228,37.495988730000001
6960398,2015,2016-11-04,9335,2015-05-30,0145,20772,,6,3,4,4111,0,1,3,,2,041,"RT 1","SHARP PARK RD",496.00,S,N,A,-,Y,SM,4,1,-,R,43.390,H,-,S,Y,2,0,1,1,A,-,01,23152,A,N,E,I,A,A,H,-,C,D,0,,,,,Y,Y,A,01,1,0,0,0,0,0,0,0,0,"- ","- ",37.62473,-122.48672999999999,"SAN MATEO",PACIFICA,-122.48705545999999,37.625033160000001
6964394,2015,2015-07-10,4104,2015-06-08,1852,0227,5,1,5,4,4104,0,0,0,,0,00S,"CALIFORNIA DR","PALM DR",0.00,,Y,A,-,N,,,,,,,,,,N,2,0,1,2,A,-,09,21801,A,N,D,G,A,A,H,-,A,D,0,,Y,,,Y,,A,01,1,0,0,0,0,0,1,0,0,"- ","- ",37.583530000000003,-122.35409,"SAN MATEO",BURLINGAME,-122.35409989,37.583530000000003
6968687,2015,2015-07-11,4117,2015-06-10,0013,04CD02,08AF,3,5,5,4117,0,0,0,,0,001,"LINDEN AV","RAILROAD AV",8.00,N,N,A,-,N,,,,,,,,,,N,2,0,1,2,A,-,08,22100,B,F,A,G,A,A,H,-,C,A,0,,Y,,,Y,,L,04,1,0,0,0,0,0,1,0,0,"- ","- ",37.643140000000002,-122.40676999999999,"SAN MATEO","SOUTH SAN FRANCISCO",-122.41110181000001,37.652380989999997
6973809,2015,2016-11-04,9330,2015-05-29,2045,20191,3,5,2,9,4100,0,3,5,,2,109,"RT 1","CORAL REEF AV",156.00,S,N,A,-,Y,SM,4,1,-,-,33.170,H,-,N,N,2,0,1,2,A,-,11,21954,A,N,G,B,D,A,H,-,D,D,0,Y,,,,Y,,N,60,1,0,0,0,1,0,0,0,0,"- ","- ",,,"SAN MATEO",UNINCORPORATED,-122.48557618,37.508000580000001
6981487,2015,2015-07-21,4102,2015-06-24,0839,13400,7,3,5,4,4102,0,0,0,,0,003,"ALAMEDA DE LAS PULGAS","CARLMONT DR",0.00,,Y,A,-,N,,,,,,,,,,N,2,0,1,2,A,-,09,21800,B,N,H,G,A,A,H,-,A,A,0,,Y,,,Y,,L,04,1,0,0,0,0,0,1,0,0,"- ","- ",,,"SAN MATEO",BELMONT,-122.29341993,37.510059929999997
6983514,2015,2016-11-21,9330,2015-06-29,1053,015268,,1,1,9,4100,0,1,3,,2,052,"RT 35","PORTOLA HEIGHTS RD",1056.00,S,N,A,-,Y,SM,4,35,-,-,0.430,H,-,N,Y,2,0,1,1,A,-,03,22350,,N,F,A,A,A,H,-,A,D,0,,,Y,,Y,,C,02,1,0,0,0,0,0,0,0,1,"- ","- ",37.292029999999997,-122.15688,"SAN MATEO",UNINCORPORATED,-122.15702927,37.292050430000003
6989563,2015,2015-07-21,9330,2015-06-21,2145,20577,,7,2,9,4100,0,3,5,,2,505,"MIDDLEFIELD RD","7TH ST",10.00,N,N,A,-,N,,,,,,,,,,Y,2,0,1,2,A,-,10,21950,A,N,G,B,C,A,H,-,C,D,0,Y,,,,Y,Y,A,01,1,0,0,0,1,0,0,0,0,"- ","- ",37.471159999999998,-122.20292999999999,"SAN MATEO",UNINCORPORATED,-122.20288644,37.471037629999998
7000372,2015,2015-07-28,4120,2015-05-12,2035,114-2,9,2,5,4,4120,0,0,0,,0,00Y,"BEACH PARK BL","LIGHT STANDARD #5158",12.00,S,N,A,-,N,,,,,,,,,,N,2,0,1,2,-,-,"- ",,,N,G,B,D,A,H,-,C,D,0,Y,,,,Y,,-,"- ",1,0,0,0,1,0,0,0,0,"- ","- ",37.54766,-122.2795,"SAN MATEO","FOSTER CITY",,
7000724,2015,2015-07-25,4127,2015-06-18,1401,279,4127,4,5,4,4127,0,0,0,,0,004,"EUCLID AV","WOODLAND AV",180.00,E,N,A,-,N,,,,,,,,,,N,2,0,1,1,A,-,21,22106,,N,F,A,A,A,H,-,A,A,0,,,Y,,Y,,C,02,1,0,0,0,0,0,0,0,1,"- ","- ",,,"SAN MATEO","EAST PALO ALTO",-122.14493672,37.458897589999999
7002462,2015,2015-07-24,4113,2015-07-01,0119,414,9,3,5,5,4113,0,0,0,,0,003,"EL CAMINO REAL","JEFFERSON AV",12.00,N,N,A,-,N,,,,,,,,,,Y,2,0,1,1,A,-,01,23152,E,M,E,I,A,A,H,-,C,D,0,,,,,Y,,A,07,1,0,0,0,0,0,0,0,0,"- ","- ",,,"SAN MATEO","REDWOOD CITY",-122.23062039,37.482722369999998
7006110,2015,2015-08-26,4100,2015-07-15,0002,25027,38,3,5,4,4115,0,0,0,,0,005,"CRESTVIEW DR","MARIGOLD LN",235.00,N,N,B,-,N,,,,,,,,,,Y,1,1,0,1,A,-,03,22350,,N,E,I,A,A,H,-,C,D,0,,,,,Y,,A,08,0,0,0,0,0,0,0,0,0,"- ","- ",,,"SAN MATEO","SAN CARLOS",-122.29603383,37.494197669999998
7006326,2015,2015-11-25,9330,2015-07-26,0758,20319,,7,1,9,4100,0,3,5,,2,505,"DOUGLAS AV","MIDDLEFIELD RD",0.00,,Y,A,-,N,,,,,,,,,,N,1,1,0,2,A,-,10,21950,A,N,G,B,B,A,H,-,A,A,0,Y,,,,Y,,A,07,0,0,0,1,0,0,0,0,0,"- ","- ",37.477699999999999,-122.21284,"SAN MATEO",UNINCORPORATED,-122.21285989,37.477649939999999
7006774,2015,2016-01-25,4100,2015-07-12,1433,19720,MLB,7,5,3,4110,0,0,0,,0,065,"MILLBRAE AV","MINORCA AVE",168.00,S,N,A,-,N,,,,,,,,,,N,1,1,0,1,A,-,03,22350,,N,E,I,A,A,H,-,A,D,0,,,Y,,Y,,C,02,0,0,0,0,0,0,0,1,0,"- ","- ",,,"SAN MATEO",MILLBRAE,-122.39824912,37.592680440000002
7008438,2015,2015-08-26,4127,2015-07-20,0212,252,4127,1,5,4,4127,0,0,0,,0,004,"WEST BAYSHORE RD","OAKWOOD DR",149.00,N,N,B,-,N,,,,,,,,,,Y,2,0,2,4,A,-,00,23153,E,N,A,E,A,A,H,-,C,D,0,,,,,Y,,-,,1,0,1,0,0,0,0,0,0,"- ","- ",,,"SAN MATEO","EAST PALO ALTO",-122.14833805000001,37.464477719999998
7017454,2015,2016-11-03,4106,2015-06-29,2107,2085,5,1,5,6,4106,0,0,0,,0,003,"MISSION ST","VALE ST",0.00,,Y,B,-,Y,SM,4,82,-,-,23.911,I,5,S,Y,2,0,2,2,A,-,09,21801,A,N,D,C,A,A,H,-,C,D,0,,,Y,,Y,,A,01,1,1,0,0,0,0,0,0,1,"- ","- ",37.691940000000002,-122.46481,"SAN MATEO","DALY CITY",-122.46541328000001,37.691542810000001
7022158,2015,2015-08-29,4127,2015-07-28,1521,2228,4127,2,5,4,4127,0,0,0,,0,003,"MYRTLE ST","MYRTLE PL",4.00,N,N,A,-,N,,,,,,,,,,N,2,0,1,1,A,-,08,22107,,N,E,J,A,A,H,-,A,D,0,,,Y,,Y,,C,02,1,0,0,0,0,0,0,0,1,"- ","- ",,,"SAN MATEO","EAST PALO ALTO",-122.13329,37.463270000000001
7022765,2015,2017-01-14,9330,2015-08-03,1010,020379,,1,1,5,4113,0,1,2,,2,058,"RT 101","WOODSIDE RD",1655.00,S,N,A,-,Y,SM,4,101,-,-,5.070,H,-,S,Y,2,0,1,1,A,-,03,22350,,N,F,I,A,A,H,-,A,D,1,,,Y,,Y,,C,02,1,0,0,0,0,0,0,0,1,"- ","- ",,,"SAN MATEO","REDWOOD CITY",-122.20731197000001,37.487658840000002
7023330,2015,2015-08-25,4117,2015-07-25,1020,13DZ05,01AK,6,5,5,4117,0,0,0,,0,001,"S AIRPORT","MITCHELL AV",32.00,S,N,B,-,N,,,,,,,,,,Y,2,0,1,1,A,-,03,22350,,N,B,A,A,A,H,-,A,D,0,,,Y,,Y,,C,02,1,0,0,0,0,0,0,0,1,"- ","- ",37.649700000000003,-122.40553,"SAN MATEO","SOUTH SAN FRANCISCO",-122.40551486,37.649560389999998
7028260,2015,2015-08-27,4106,2015-07-16,2151,1183,8,4,5,6,4106,0,0,0,,0,004,"JOHN DALY BL","SKYLINE BL",200.00,E,N,A,-,N,,,,,,,,,,N,2,0,1,2,A,-,11,21955,,N,A,B,D,A,H,-,D,D,0,Y,,,,Y,,N,60,1,0,0,0,1,0,0,0,0,"- ","- ",,,"SAN MATEO","DALY CITY",-122.49441005,37.698576940000002
7050100,2015,2015-09-19,4102,2015-08-31,0852,53200,99,1,5,4,4102,0,0,0,,0,099,"ISLAND PK","RALSTON AV",0.00,,Y,A,-,N,,,,,,,,,,N,2,0,2,2,A,-,08,22107,,N,H,G,A,A,H,-,A,A,0,,Y,,,Y,,-,,1,0,1,0,0,0,2,0,0,"- ","- ",37.52863,-122.26766000000001,"SAN MATEO",BELMONT,-122.26900994,37.527179959999998
7058319,2015,2017-01-27,4100,2015-09-26,2230,15380,1J,6,5,2,4118,0,0,0,,0,003,"RT 84","MILE MARKER 17 47",1056.00,E,N,A,-,Y,SM,4,84,-,-,17.670,H,-,S,Y,2,0,1,1,A,-,03,22350,,N,E,I,A,A,H,-,D,D,0,,,,,Y,,A,01,1,0,0,0,0,0,0,0,0,"- ","- ",,,"SAN MATEO",WOODSIDE,-122.26119121000001,37.398824730000001
7060660,2015,2015-10-10,4108,2015-09-20,1749,2934,,7,5,3,4108,0,0,0,,0,NORTH,"MACADAMIA DR","CHURCHILL DR",893.00,E,N,A,-,N,,,,,,,,,,N,2,0,1,1,A,-,03,22350,,N,H,I,A,A,H,-,A,A,0,,Y,,,Y,,L,04,1,0,0,0,0,0,1,0,0,"- ","- ",,,"SAN MATEO",HILLSBOROUGH,-122.38081081,37.571423060000001
7086327,2015,2017-01-19,4104,2015-09-20,0945,0204,9,7,5,4,4104,0,0,0,,0,00B,"RT 82","CARMELITA AV",0.00,,Y,A,-,Y,SM,4,82,-,-,14.266,I,5,N,N,2,0,1,2,A,-,11,21456,B,N,G,B,B,A,H,-,A,A,0,Y,,,,Y,,N,60,1,0,0,0,1,0,0,0,0,"- ","- ",37.582979999999999,-122.36407,"SAN MATEO",BURLINGAME,-122.36403051000001,37.582938040000002
7092343,2015,2015-10-24,4113,2015-08-13,2110,436,4,4,5,5,4113,0,0,0,,0,004,"MIDDLEFIELD RD","MIDDLEFIELD RD 2500",0.00,,N,A,-,N,,,,,,,,,,Y,2,0,1,2,A,-,11,21954,A,N,G,B,D,A,H,-,E,D,0,Y,,,,Y,,N,60,1,0,0,0,1,0,0,0,0,"- ","- ",,,"SAN MATEO","REDWOOD CITY",-122.20759928,37.486001479999999
7105200,2015,2017-01-14,9330,2015-09-03,0720,18089,,4,1,4,4109,0,1,2,,2,058,"RT 101","RINGWOOD AV",5.00,S,N,A,-,Y,SM,4,101,-,-,2.570,H,-,N,Y,2,0,3,2,A,-,07,21658,A,N,B,C,A,A,H,-,A,D,1,,,,Y,Y,,F,26,1,1,1,0,0,0,0,0,0,"- ","- ",37.475079999999998,-122.16548,"SAN MATEO","MENLO PARK",-122.16546819,37.475021730000002
7111528,2015,2017-01-14,4114,2015-10-01,1218,0033,SNB29,4,5,4,4114,0,0,0,,0,003,"WEST SAN BRUNO AV",RT280,0.00,,Y,A,-,Y,SM,4,280,-,R,20.941,R,4,S,Y,2,0,5,3,A,-,12,21453,A,N,D,C,A,A,H,-,A,A,0,,,,Y,Y,,A,01,1,2,2,0,0,0,0,0,0,"- ",SF,37.623359999999998,-122.42898,"SAN MATEO","SAN BRUNO",-122.43040633,37.62667527
7124257,2015,2016-01-11,4117,2015-11-17,1343,6AP03,10AB,2,5,5,4117,0,0,0,,0,001,"VICTORY AV","RYAN WY",173.00,E,N,A,-,N,,,,,,,,,,Y,2,0,2,3,A,-,21,22106,,N,D,C,A,A,H,-,A,D,0,,,,Y,Y,,F,24,1,1,0,0,0,0,0,0,0,"- ","- ",37.647539999999999,-122.41694,"SAN MATEO","SOUTH SAN FRANCISCO",-122.41714399,37.647663049999998
7125209,2015,2015-12-18,4111,2015-09-26,1719,P5137,P08,6,5,4,4111,0,0,0,,0,0P2,"PALOMA AV","MIRADOR TER",0.00,,Y,A,-,N,,,,,,,,,,N,2,0,1,1,A,-,03,22350,,N,E,I,A,A,H,-,A,A,0,,,Y,,Y,Y,C,02,1,0,0,0,0,0,0,0,1,"- ","- ",,,"SAN MATEO",PACIFICA,-122.4881199,37.636799979999999
7143763,2015,2017-02-03,4100,2015-10-28,1952,17680,SNC,3,5,4,4115,0,0,0,,0,053,"EL CAMINO REAL","OAK ST",0.00,,Y,A,-,Y,SM,4,82,-,-,6.760,I,5,S,N,2,0,1,2,A,-,10,21950,A,N,G,B,B,A,H,-,C,D,0,Y,,,,Y,,A,01,1,0,0,0,1,0,0,0,0,"- ","- ",,,"SAN MATEO","SAN CARLOS",-122.2644327,37.510586930000002