CASE_ID,ACCIDENT_YEAR,PROC_DATE,JURIS,COLLISION_DATE,COLLISION_TIME,OFFICER_ID,REPORTING_DISTRICT,DAY_OF_WEEK,CHP_SHIFT,POPULATION,CNTY_CITY_LOC,SPECIAL_COND,BEAT_TYPE,CHP_BEAT_TYPE,CITY_DIVISION_LAPD,CHP_BEAT_CLASS,BEAT_NUMBER,PRIMARY_RD,SECONDARY_RD,DISTANCE,DIRECTION,INTERSECTION,WEATHER_1,WEATHER_2,STATE_HWY_IND,CALTRANS_COUNTY,CALTRANS_DISTRICT,STATE_ROUTE,ROUTE_SUFFIX,POSTMILE_PREFIX,POSTMILE,LOCATION_TYPE,RAMP_INTERSECTION,SIDE_OF_HWY,TOW_AWAY,COLLISION_SEVERITY,NUMBER_KILLED,NUMBER_INJURED,PARTY_COUNT,PRIMARY_COLL_FACTOR,PCF_CODE_OF_VIOL,PCF_VIOL_CATEGORY,PCF_VIOLATION,PCF_VIOL_SUBSECTION,HIT_AND_RUN,TYPE_OF_COLLISION,MVIW,PED_ACTION,ROAD_SURFACE,ROAD_COND_1,ROAD_COND_2,LIGHTING,CONTROL_DEVICE,CHP_ROAD_TYPE,PEDESTRIAN_ACCIDENT,BICYCLE_ACCIDENT,MOTORCYCLE_ACCIDENT,TRUCK_ACCIDENT,NOT_PRIVATE_PROPERTY,ALCOHOL_INVOLVED,STWD_VEHTYPE_AT_FAULT,CHP_VEHTYPE_AT_FAULT,COUNT_SEVERE_INJ,COUNT_VISIBLE_INJ,COUNT_COMPLAINT_PAIN,COUNT_PED_KILLED,COUNT_PED_INJURED,COUNT_BICYCLIST_KILLED,COUNT_BICYCLIST_INJURED,COUNT_MC_KILLED,COUNT_MC_INJURED,PRIMARY_RAMP,SECONDARY_RAMP,LATITUDE,LONGITUDE,COUNTY,CITY,POINT_X,POINT_Y
7143775,2015,2017-01-30,4100,2015-10-06,0635,15190,5H,2,5,3,4110,0,0,0,,0,006,MILLBRAE,"RT 101",18.00,E,N,A,-,Y,SM,4,101,-,-,17.828,R,3,S,N,2,0,1,2,A,-,10,21950,A,N,G,B,B,A,H,-,B,D,0,Y,,,,Y,,A,01,1,0,0,0,1,0,0,0,0,TO,SO,,,"SAN MATEO",MILLBRAE,-122.382603,37.601081000000001
7157216,2015,2016-01-19,4106,2015-10-04,2141,2081,6,7,5,6,4106,0,0,0,,0,002,"MISSION ST","VALE ST",35.00,N,N,A,-,N,,,82,,,,,,,N,2,0,1,2,A,-,03,22350,,F,G,B,B,A,H,-,C,D,0,Y,,,,Y,,A,07,1,0,0,0,1,0,0,0,0,"- ","- ",37.691920000000003,-122.46495,"SAN MATEO","DALY CITY",-122.46527804,37.692005700000003
7157272,2015,2016-01-19,4106,2015-10-29,0648,1124,5,4,5,6,4106,0,0,0,,0,003,"SAN PEDRO RD","MISSION ST",89.00,W,N,A,-,N,,,,,,,,,,N,2,0,1,2,A,-,11,21954,A,N,G,B,D,A,H,-,C,A,0,Y,,,,Y,,N,60,1,0,0,0,1,0,0,0,0,"- ","- ",37.689540000000001,-122.46593,"SAN MATEO","DALY CITY",-122.46628641,37.689296280000001
7159870,2015,2016-01-19,4117,2015-11-22,1819,15WO07,11AE,7,5,5,4117,0,0,0,,0,004,"HILLSIDE BL","KEARNEY ST",0.00,,Y,A,-,N,,,,,,,,,,Y,2,0,1,1,A,-,01,21200,5,N,A,I,A,A,H,-,C,A,0,,Y,,,Y,Y,L,04,1,0,0,0,0,0,1,0,0,"- ","- ",,,"SAN MATEO","SOUTH SAN FRANCISCO",-122.42129994,37.669129900000001
7179845,2016,2016-02-11,4106,2016-01-22,1912,2104,12,5,5,6,4106,0,0,0,,0,005,"SOUTHGATE AV",CARLTON,0.00,,Y,A,-,N,,,,,,,,,,N,2,0,1,2,A,-,10,21950,A,N,G,B,B,B,H,-,C,D,0,Y,,,,Y,,A,08,1,0,0,0,1,0,0,0,0,"- ","- ",37.682250000000003,-122.48719,"SAN MATEO","DALY CITY",-122.48708996000001,37.682369919999999
7179861,2016,2016-02-11,4106,2016-01-17,2241,2082,5,7,5,6,4106,0,0,0,,0,003,"SCHOOL ST","BRUNO AV",0.00,,Y,C,-,N,,,,,,,,,,Y,2,0,2,2,A,-,09,21802,A,N,D,C,A,B,H,-,C,A,0,,,Y,,Y,,C,02,1,0,1,0,0,0,0,0,1,"- ","- ",37.693269999999998,-122.46557,"SAN MATEO","DALY CITY",-122.46589998,37.693379970000002
7190283,2016,2018-09-26,4100,2016-04-23,2234,18260,SC,6,5,4,4115,0,0,0,,0,053,"SAN CARLOS AV","ARUNDEL RD",55.00,W,N,A,-,N,,,,,,,,,,N,1,1,0,2,A,-,01,23153,A,F,G,B,E,A,H,-,C,D,0,Y,,,,Y,Y,D,22,0,0,0,1,0,0,0,0,0,"- ","- ",,,"SAN MATEO","SAN CARLOS",-122.27486594,37.502090250000002
7190549,2016,2016-11-17,4102,2016-04-29,1539,65000,7,5,5,4,4102,0,0,0,,0,003,"CARLMONT DR","ALAMEDA DE LAS PULGAS",120.00,W,N,A,-,N,,,,,,,,,,N,1,1,0,2,A,-,21,22106,,N,G,B,D,A,H,-,A,D,0,Y,,,,Y,,A,01,0,0,0,1,0,0,0,0,0,"- ","- ",37.510069999999999,-122.29343,"SAN MATEO",BELMONT,-122.29379392,37.509918740000003
7190587,2016,2016-12-01,4114,2016-04-11,0137,0033,SNB22,1,5,4,4114,0,0,0,,0,003,"RT 35","COLLEGE DR",1180.00,S,N,A,-,Y,SM,4,35,-,-,25.290,H,-,S,N,1,1,0,2,A,-,11,21954,A,F,G,B,E,A,H,-,C,D,0,Y,,,,Y,,N,60,0,0,0,1,0,0,0,0,0,"- ","- ",,,"SAN MATEO","SAN BRUNO",-122.45191785,37.629539800000003
7190677,2016,2018-09-27,4106,2016-10-06,1044,1180,13,4,5,6,4106,0,0,0,,0,006,"CALLAN BL","SOUTHGATE AV",0.00,,Y,A,-,N,,,,,,,,,,N,1,1,0,2,A,-,10,21950,A,N,G,B,B,A,H,-,A,D,0,Y,,,,Y,,A,01,0,0,0,1,0,0,0,0,0,"- ","- ",37.67521,-122.47213000000001,"SAN MATEO","DALY CITY",-122.47184991,37.675739989999997
7196694,2016,2016-03-09,4104,2016-01-17,1736,0221,4,7,5,4,4104,0,0,0,,0,00A,"PRIMROSE RD","BURLINGAME AV",0.00,,Y,C,-,N,,,,,,,,,,N,2,0,1,2,A,-,10,21950,A,N,G,B,B,B,H,-,C,A,0,Y,,,,Y,,A,01,1,0,0,0,1,0,0,0,0,"- ","- ",,,"SAN MATEO",BURLINGAME,-122.34811989000001,37.57782993
7199607,2016,2016-05-20,4117,2016-01-30,1835,15WO07,28AD,6,5,5,4117,0,0,0,,0,003,"HILTON AV","HICKEY BL",40.00,N,N,A,-,N,,,,,,,,,,Y,1,2,1,1,A,-,08,22107,,N,A,I,A,A,H,-,C,A,0,,,,,Y,,A,01,0,0,1,0,0,0,0,0,0,"- ","- ",37.665950000000002,-122.45632999999999,"SAN MATEO","SOUTH SAN FRANCISCO",-122.45598726,37.665753270000003
7199938,2017,2017-10-27,4106,2017-01-13,1843,2063,04,5,5,6,4106,0,0,0,,0,003,"RT 82",COMO,0.00,,Y,A,-,Y,SM,4,82,-,-,24.510,I,5,S,N,1,1,0,2,A,-,01,23153,A,N,G,B,C,A,H,-,C,D,0,Y,,,,Y,,D,22,0,0,0,1,0,0,0,0,0,"- ","- ",,,"SAN MATEO","DALY CITY",-122.46371794,37.700206420000001
7199990,2016,2017-04-11,4100,2016-11-20,0055,18710,5A,7,5,3,4107,0,0,0,,0,075,"RT 1","REDONDO BEACH RD",900.00,S,N,B,-,Y,SM,4,1,-,-,26.950,H,-,N,Y,1,1,0,1,A,-,01,23152,,N,E,I,A,B,H,-,D,D,0,,,,,Y,Y,A,07,0,0,0,0,0,0,0,0,0,"- ","- ",,,"SAN MATEO","HALF MOON BAY",-122.4276124,37.438883439999998
7200041,2016,2017-05-05,4104,2016-04-19,0850,0230,5,2,5,4,4104,0,0,0,,0,00A,"FLORIBUNDA AV","EL CAMINO REAL",10.00,E,N,A,-,Y,SM,4,82,-,-,13.690,I,5,N,N,1,1,0,2,A,-,08,22107,,N,D,G,A,A,H,-,A,A,0,,Y,,Y,Y,,L,04,0,0,0,0,0,1,0,0,0,"- ","- ",37.578539999999997,-122.35495,"SAN MATEO",BURLINGAME,-122.35544412,37.578177969999999
7200235,2017,2019-04-08,4109,2017-03-04,0314,15031,,6,5,4,4109,0,0,0,,0,003,"BAYFRONT EXPWY","WILLOW RD",0.00,,Y,A,-,Y,SM,4,84,-,R,27.240,H,-,N,N,1,1,0,1,A,-,01,23152,A,N,E,J,A,A,H,-,C,A,0,,,,,Y,Y,A,01,0,0,0,0,0,0,0,0,0,"- ","- ",37.465589999999999,-122.15729,"SAN MATEO","MENLO PARK",-122.15784695000001,37.481974540000003
7203757,2016,2017-02-13,4114,2016-02-26,1645,0069,SNB32,5,5,4,4114,0,0,0,,0,003,"RT 35","SAN BRUNO AV",315.00,S,N,B,C,Y,SM,4,35,-,-,24.290,H,-,N,Y,2,0,2,5,A,-,03,22350,,N,C,C,A,B,H,-,A,A,0,,,,,Y,,A,01,1,0,1,0,0,0,0,0,0,"- ","- ",,,"SAN MATEO","SAN BRUNO",-122.44134127,37.617761420000001
7210642,2016,2016-03-28,4103,2016-03-01,1210,OL400,1,2,5,2,4103,0,0,0,,0,00U,"N HILL RD","GUADALUPE CANYON",997.00,S,N,A,-,N,,,,,,,,,,Y,2,0,2,1,A,-,03,22350,,N,F,A,A,A,H,-,A,D,0,,,,,Y,,A,01,1,1,0,0,0,0,0,0,0,"- ","- ",37.690890000000003,-122.4062,"SAN MATEO",BRISBANE,-122.4075026,37.690243520000003
8000641,2016,2016-03-28,4116,2016-02-23,1556,04RC07,08AH,2,5,5,4116,0,0,0,,0,001,"SPRUCE AV","106TH AV",44.00,S,N,A,-,N,,,,,,,,,,Y,2,0,1,2,A,-,03,22350,,N,C,C,A,A,H,-,A,A,0,,,Y,,Y,,C,02,1,0,0,0,0,0,0,0,1,"- ","- ",37.656480000000002,-122.41602,"SAN MATEO","SAN MATEO",,
8000645,2016,2016-03-28,4117,2016-02-18,1959,04RC07,15AA,4,5,5,4117,0,0,0,,0,002,"ALIDA WY","PONDEROSA RD",352.00,S,N,A,-,N,,,,,,,,,,N,2,0,1,2,A,-,10,21950,A,N,A,B,C,A,H,-,E,D,0,Y,,,,Y,,A,07,1,0,0,0,1,0,0,0,0,"- ","- ",37.64508,-122.42944,"SAN MATEO","SOUTH SAN FRANCISCO",-122.4308947,37.646880000000003
8000649,2016,2016-03-28,4104,2016-02-14,1726,0237,1,7,5,4,4104,0,0,0,,0,00A,"CALIFORNIA DR","HOWARD AV",0.00,,Y,A,-,N,,,,,,,,,,N,2,0,1,1,A,-,03,22350,,N,H,A,A,A,H,-,A,A,0,,Y,,,Y,,L,04,1,0,0,0,0,0,1,0,0,"- ","- ",,,"SAN MATEO",BURLINGAME,-122.34345991000001,37.578799920000002
8003099,2015,2016-03-24,4102,2015-12-28,2320,81264,2,1,5,4,4102,0,0,0,,0,002,"RALSTON AV","CHULA VISTA DR",460.00,E,N,A,-,N,,,,,,,,,,Y,2,0,1,2,A,-,09,21804,A,N,H,A,A,A,H,-,C,A,0,,,Y,,Y,,A,01,1,0,0,0,0,0,0,0,1,"- ","- ",37.517060000000001,-122.28465,"SAN MATEO",BELMONT,-122.28258151,37.516351370000002
8006358,2016,2016-04-06,4113,2016-03-14,1806,351,5,1,5,5,4113,0,0,0,,0,005,"CYPRESS ST","NORTHUMBERLAND AV",0.00,,Y,A,-,N,,,,,,,,,,Y,2,0,1,2,A,-,01,23153,B,N,G,B,D,A,H,-,A,D,0,Y,,,,Y,Y,D,22,1,0,0,0,1,0,0,0,0,"- ","- ",37.469990000000003,-122.21896,"SAN MATEO","REDWOOD CITY",-122.21895997999999,37.469979899999998
8030237,2016,2017-02-11,4100,2016-03-29,2302,19900,5T,2,5,3,4110,0,0,0,,0,062,"RT 82","MEADOW GLEN AV",461.00,S,N,A,-,Y,SM,4,82,-,-,16.580,H,-,N,N,2,0,1,2,A,-,11,21954,A,F,G,B,D,A,H,-,C,D,0,Y,,,,Y,Y,N,60,1,0,0,0,1,0,0,0,0,"- ","- ",,,"SAN MATEO",MILLBRAE,-122.3955797,37.605023979999999
8032881,2016,2016-05-05,4106,2016-03-16,2215,1280,14,3,5,6,4106,0,0,0,,0,006,"KING DR","SHIPLEY AV",0.00,,Y,A,-,N,,,,,,,,,,N,2,0,1,2,A,-,10,21950,A,N,G,B,B,A,H,-,C,A,0,Y,,,,Y,,A,01,1,0,0,0,1,0,0,0,0,"- ","- ",37.650399999999998,-122.4676,"SAN MATEO","DALY CITY",-122.46758988000001,37.650399899999996
8032933,2016,2016-05-05,4106,2016-03-06,0800,2070,5,7,5,6,4106,0,0,0,,0,003,"SAN PEDRO RD","ALLEMANY ST",0.00,,Y,A,-,N,,,,,,,,,,N,2,0,2,3,A,-,10,21950,A,N,G,B,B,A,H,-,A,A,0,Y,,,,Y,,A,01,1,0,1,0,2,0,0,0,0,"- ","- ",37.688389999999998,-122.4676,"SAN MATEO","DALY CITY",-122.46761993,37.688349979999998
8032937,2016,2016-05-05,4106,2016-03-06,1400,1107,9A,7,5,6,4106,0,0,0,,0,004,"BEL MAR","PARK PLAZA",203.00,W,N,A,-,N,,,,,,,,,,N,2,0,1,2,A,-,09,21800,A,N,D,G,A,A,H,-,A,D,0,,Y,,,Y,,L,04,1,0,0,0,0,0,1,0,0,"- ","- ",37.700319999999998,-122.48054999999999,"SAN MATEO","DALY CITY",-122.48121999999999,37.700119999999998
8032988,2016,2017-02-09,4106,2016-03-19,1607,2087,4,6,5,6,4106,0,0,0,,0,003,"JOHN DALY BL","JUNIPERO SERRO",0.00,,Y,A,-,Y,SM,4,1,-,-,48.554,R,4,N,N,2,0,1,3,A,-,00,23153,E,N,D,C,A,A,H,-,A,A,0,,,,,Y,,A,01,1,0,0,0,0,0,0,0,0,"- ","- ",37.704999999999998,-122.47076,"SAN MATEO","DALY CITY",-122.47104495000001,37.708209940000003
8042804,2016,2016-05-18,4117,2016-04-22,0815,12PF06,19BB,5,5,5,4117,0,0,0,,0,002,"SHANNON DR","OLYMPIC DR",128.00,W,N,B,-,N,,,,,,,,,,Y,2,0,1,4,A,-,08,22107,,N,B,E,A,A,H,-,A,A,0,,,,,Y,,A,01,1,0,0,0,0,0,0,0,0,"- ","- ",37.639009999999999,-122.45479,"SAN MATEO","SOUTH SAN FRANCISCO",-122.4549524,37.639004540000002
8058746,2016,2017-02-09,4106,2016-02-21,1712,2063,4,7,5,6,4106,0,0,0,,0,003,"MISSION ST","EASTLAKE BL",6.00,N,N,A,-,Y,SM,4,82,-,-,24.470,H,-,N,N,2,0,1,2,A,-,11,21950,B,N,G,B,B,A,-,-,C,B,0,Y,,,,Y,,N,60,1,0,0,0,1,0,0,0,0,"- ","- ",37.699570000000001,-122.46387,"SAN MATEO","DALY CITY",-122.46387175,37.69963843
8059591,2016,2016-06-15,4101,2016-05-15,1233,14JG01,,7,5,2,4101,0,0,0,,0,001,"MIDDLEFIELD RD","WATKINS AV",94.00,N,N,A,-,N,,,,,,,,,,Y,2,0,2,1,A,-,08,22107,,N,E,I,A,A,H,-,A,D,0,,,,,Y,,A,01,1,1,0,0,0,0,0,0,0,"- ","- ",,,"SAN MATEO",ATHERTON,-122.18996377000001,37.467668099999997
8059674,2016,2016-06-15,4106,2016-03-19,0800,2035,6,6,5,6,4106,0,0,0,,0,002,"HILLSIDE BL","TALLWOOD DR",13.00,N,N,A,-,N,,,,,,,,,,N,2,0,1,1,A,-,13,22515,A,N,G,B,A,A,H,-,A,D,0,,,,,Y,,D,22,1,0,0,0,0,0,0,0,0,"- ","- ",,,"SAN MATEO","DALY CITY",-122.46214181000001,37.699495679999998
8062066,2016,2016-07-13,4117,2016-06-16,1019,06AP03,01AD,4,5,5,4117,0,0,0,,0,004,"EAST GRAND AV","GATEWAY BL",0.00,,Y,A,-,N,,,,,,,,,,Y,2,0,3,2,A,-,09,21453,C,N,D,C,A,A,H,-,A,A,0,,,,,Y,,A,01,1,1,1,0,0,0,0,0,0,"- ","- ",37.654640000000001,-122.40226,"SAN MATEO","SOUTH SAN FRANCISCO",-122.40223987,37.654629960000001
8064831,2016,2017-02-11,4100,2016-05-21,2130,18970,5S,6,5,3,4110,0,0,0,,0,062,"EL CAMINO REAL","PARK BL",0.00,,Y,A,-,Y,SM,4,82,-,-,17.268,I,5,S,N,2,0,1,2,A,-,10,21950,A,N,G,B,B,A,H,-,C,D,0,Y,,,,Y,,A,01,1,0,0,0,1,0,0,0,0,"- ","- ",,,"SAN MATEO",MILLBRAE,-122.40371020000001,37.612604930000003
8072731,2016,2017-02-11,4100,2016-06-18,1742,14610,WSD,6,5,2,4118,0,0,0,,0,030,"LA HONDA RD","MILE MARKER 1517",146.00,W,N,A,-,Y,SM,4,84,-,-,15.140,H,-,N,N,2,0,1,1,A,-,01,23152,A,N,E,I,A,A,H,-,A,D,0,,,Y,,Y,Y,C,02,1,0,0,0,0,0,0,0,1,"- ","- ",,,"SAN MATEO",WOODSIDE,-122.26127395,37.385247630000002
8075909,2016,2017-02-04,4101,2016-06-20,1701,01DD01,,1,5,2,4101,0,0,0,,0,003,"RT 82","SELBY LN",0.00,,Y,A,-,Y,SM,4,82,-,-,2.614,I,5,S,Y,2,0,4,3,A,-,09,21801,A,N,D,C,A,A,H,-,A,A,0,,,,Y,Y,,A,08,2,0,2,0,0,0,0,0,0,"- ","- ",37.468389999999999,-122.21079,"SAN MATEO",ATHERTON,-122.21078125,37.468449589999999
8078580,2016,2016-07-19,4108,2016-06-03,2041,1654,1,5,5,3,4108,0,0,0,,0,"N    N","NEW PLACE RD","EUCALYPTUS AV",12.00,N,N,A,-,N,,,,,,,,,,Y,2,0,1,1,A,-,01,23152,A,N,E,I,A,A,H,-,C,D,0,,,,,Y,Y,-,,1,0,0,0,0,0,0,0,0,"- ","- ",37.569319999999998,-122.36234,"SAN MATEO",HILLSBOROUGH,-122.36195887,37.569191379999999
8085050,2016,2016-07-27,4114,2016-06-20,1008,0062,SNB24,1,5,4,4114,0,0,0,,0,003,"CRESTWOOD DR","VALLEYWOOD DR",600.00,S,N,A,-,N,,,,,,,,,,Y,2,0,1,3,C,-,18,,,N,C,E,A,A,H,-,A,D,0,,,,,Y,,-,"- ",1,0,0,0,0,0,0,0,0,"- ","- ",,,"SAN MATEO","SAN BRUNO",-122.43952111999999,37.634516949999998
8089293,2016,2016-09-16,4106,2016-07-29,0000,2035,4,5,5,6,4106,0,0,0,,0,003,"MIRIAM ST","PARKVIEW AVE",23.00,N,N,A,-,N,,,,,,,,,,N,2,0,1,7,C,-,18,,,N,H,J,E,A,H,-,A,D,0,Y,,,,Y,,-,"- ",1,0,0,0,1,0,0,0,0,"- ","- ",37.701949999999997,-122.46498,"SAN MATEO","DALY CITY",-122.46535,37.70133319
8091898,2016,2016-08-01,4109,2016-03-26,1350,145601,26,6,5,4,4109,0,0,0,,0,001,"HOOVER ST","VALPARAISO AV",15.00,S,N,A,-,N,,,,,,,,,,N,2,0,1,2,A,-,10,21950,A,N,G,B,B,A,H,-,A,A,0,Y,,,,Y,,A,01,1,0,0,0,1,0,0,0,0,"- ","- ",37.454920000000001,-122.18841999999999,"SAN MATEO","MENLO PARK",-122.18836718,37.454906909999998
8098336,2016,2016-08-05,4100,2016-07-16,2055,18970,5H,6,5,3,4110,0,0,0,,0,061,"EAST MILLBRAE AV","ROLLINS RD",75.00,W,N,A,-,N,,,,,,,,,,Y,2,0,1,2,A,-,11,21955,,N,G,B,D,A,H,-,C,A,0,Y,,,,Y,,N,60,1,0,0,0,1,0,0,0,0,"- ","- ",,,"SAN MATEO",MILLBRAE,-122.38428798,37.600390840000003
8108207,2016,2017-01-28,4113,2016-07-23,0533,351,6,6,5,5,4113,0,0,0,,0,006,"EL CAMINO REAL","ROOSEVELT AV",0.00,,Y,A,-,Y,SM,4,82,-,-,3.672,I,5,N,N,2,0,1,2,A,-,11,21956,A,N,G,B,D,A,H,-,B,A,0,Y,,,,Y,Y,N,60,1,0,0,0,1,0,0,0,0,"- ","- ",37.479179999999999,-122.22548,"SAN MATEO","REDWOOD CITY",-122.22502286,37.478772769999999
8121991,2016,2016-09-19,4103,2016-08-15,0816,GU350,1,1,5,2,4103,0,0,0,,0,00U,"GUADALUPE CANYON PKWY","MISSION BLUE DR",528.00,W,N,B,-,N,,,,,,,,,,N,2,0,1,2,A,-,08,22107,,F,B,G,A,A,H,-,A,D,0,,Y,,,Y,,-,,1,0,0,0,0,0,1,0,0,"- ","- ",37.695279999999997,-122.40832,"SAN MATEO",BRISBANE,-122.40910948,37.69662538
8131733,2016,2017-02-18,4114,2016-08-24,0017,0828,,3,5,4,4114,0,0,0,,0,002,"RT 82","JENEVEIN AV",373.00,S,N,A,-,Y,SM,4,82,-,-,18.070,H,-,N,Y,2,0,1,2,A,-,11,21954,A,N,G,B,D,A,H,-,C,D,0,Y,,,,Y,Y,N,60,1,0,0,0,1,0,0,0,0,"- ","- ",,,"SAN MATEO","SAN BRUNO",-122.41201422,37.622118620000002
8138056,2016,2017-01-28,4100,2016-09-07,0610,25079,5C,3,5,3,4107,0,0,0,,0,075,"RT 1","KELLY AV",585.00,N,N,A,-,Y,SM,4,1,-,-,28.860,H,-,N,N,2,0,1,2,A,-,09,21804,A,N,H,G,A,A,H,-,C,D,0,,Y,,,Y,,L,04,1,0,0,0,0,0,1,0,0,"- ","- ",,,"SAN MATEO","HALF MOON BAY",-122.43389175999999,37.465614109999997
81432055,2020,2021-03-22,4109,2020-08-13,1646,146332,25,4,5,4,4109,0,0,0,,0,002,"RAVENSWOOD AVENUE","LAUREL ST",0.00,,Y,A,-,N,,,,,,,,,,Y,2,0,3,2,A,-,12,21453,A,N,D,C,A,A,H,-,A,A,0,,,,,Y,,A,07,1,2,0,0,0,0,0,0,0,"- ","- ",37.455638885498047,-122.17904663085938,"SAN MATEO","MENLO PARK",-122.17909240722656,37.455650329589844
81432523,2021,2021-03-22,4109,2021-03-03,1655,145879,17B,3,5,4,4109,0,0,0,,0,004,"HIGHWAY SR-84","CHILCO STREET",0.00,,Y,A,-,Y,,,,,,,,,,N,2,0,1,2,A,-,03,22350,,N,C,C,A,A,H,-,A,A,0,,,,,Y,,A,01,1,0,0,0,0,0,0,0,0,"- ","- ",37.452960968017578,-122.18171691894531,"SAN MATEO","MENLO PARK",-122.16709899902344,37.483280181884766
81453608,2020,2021-04-19,4109,2020-07-19,1253,15157,25,7,5,4,4109,0,0,0,,0,002,"LUAREL STREET","BURGESS DR",45.00,N,-,A,-,N,,,,,,,,,,N,2,0,1,1,A,-,03,22350,,N,H,G,A,A,B,-,A,D,0,,Y,,,Y,,L,04,1,0,0,0,0,0,1,0,0,"- ","- ",37.452808380126953,-122.17424011230469,"SAN MATEO","MENLO PARK",-122.17435455322266,37.452865600585938
81458213,2021,2021-04-26,4117,2021-04-20,1222,04JL03,10AB,2,5,5,4117,0,0,0,,0,001,"SOUTH MAPLE AV","VICTORY AV",889.00,S,-,B,-,N,,,,,,,,,,Y,1,1,2,3,A,-,03,22350,,N,A,C,A,A,H,-,A,D,0,,,,Y,Y,,A,01,2,0,0,0,0,0,0,0,0,"- ","- ",37.645168304443359,-122.41580963134766,"SAN MATEO","SOUTH SAN FRANCISCO",-122.41618347167969,37.644924163818359
81468184,2021,2021-05-07,4117,2021-02-16,1533,04JL03,08AC,2,5,5,4117,0,0,0,,0,004,"MILLER AV","MAPLE AV",0.00,,Y,A,-,N,,,,,,,,,,N,2,0,1,2,A,-,10,21950,A,N,G,B,B,A,H,-,A,D,0,Y,,,,Y,,A,01,1,0,0,0,1,0,0,0,0,"- ","- ",37.656669616699219,-122.41216278076172,"SAN MATEO","SOUTH SAN FRANCISCO",-122.412109375,37.656646728515625
81471855,2021,2021-07-29,4100,2021-04-23,2230,25274,N,5,5,5,4117,0,0,0,,0,00N,"WESTBOROUGH BL","CALLEN BL",0.00,,Y,B,-,N,,,,,,,,,,Y,1,1,0,2,A,-,12,21453,A,N,D,C,A,A,H,-,C,A,0,,,Y,,Y,,C,02,0,0,0,0,0,0,0,1,0,"- ","- ",,,"SAN MATEO","SOUTH SAN FRANCISCO",-122.46219635009766,37.642753601074219
81473827,2021,2021-08-24,4100,2021-03-09,0601,19750,4100,2,5,3,4110,0,0,0,,0,062,"SR-82 (EL CAMINO REAL)","SILVA AV",0.00,,Y,A,-,Y,,,,,,,,,,Y,1,1,0,2,A,-,12,21453,A,N,G,B,B,A,H,-,C,A,0,Y,,,,Y,,A,01,0,0,0,1,0,0,0,0,0,"- ","- ",,,"SAN MATEO",MILLBRAE,-122.39441680908203,37.604053497314453
81489697,2021,2021-06-04,4100,2021-05-21,0858,25067,4100,5,5,4,4115,0,0,0,,0,051,"BRITTAN AV","CORDILLERAS AV",8.00,E,-,A,-,N,,,,,,,,,,N,2,0,1,2,A,-,10,21950,A,N,G,B,B,A,H,-,A,D,0,Y,,,,Y,,A,01,1,0,0,0,1,0,0,0,0,"- ","- ",,,"SAN MATEO","SAN CARLOS",-122.26082611083984,37.494556427001953
81497497,2021,2021-06-15,4114,2021-05-19,0649,0098,SNB5,3,5,4,4114,0,0,0,,0,001,"WEST SAN BRUNO AV","GREEN AV",0.00,,Y,A,-,N,,,,,,,,,,N,1,1,0,2,A,-,10,21950,,N,G,B,B,A,H,-,A,D,0,Y,,,,Y,,A,01,0,0,0,1,0,0,0,0,0,"- ","- ",,,"SAN MATEO","SAN BRUNO",-122.41516876220703,37.629367828369141
81497705,2021,2021-06-15,4100,2021-05-23,1053,13150,,7,5,3,4110,0,0,0,,0,,"E MILLBRAE AVE","RT 101",43.00,E,-,A,-,Y,,,,,,,,,,Y,2,0,1,1,A,-,03,22350,,N,E,J,A,A,H,-,A,A,0,,,Y,,Y,,C,03,1,0,0,0,0,0,0,0,1,"- ","- ",,,"SAN MATEO",MILLBRAE,-122.38651275634766,37.599109649658203
81499933,2021,2021-06-18,4117,2021-05-21,1324,06KW06,14AC,5,5,5,4117,0,0,0,,0,001,"SOUTH SPRUCE AV","MYRTLE AV",120.00,W,-,A,-,N,,,,,,,,,,N,2,0,1,2,A,-,05,21202,A,N,B,C,A,A,H,-,A,D,0,,,,,Y,,L,04,1,0,0,0,0,0,0,0,0,"- ","- ",37.647830963134766,-122.41892242431641,"SAN MATEO","SOUTH SAN FRANCISCO",-122.41996002197266,37.647300720214844
81502829,2021,2021-06-22,4100,2021-06-11,0857,25242,WDS,5,5,2,4118,0,0,0,,0,030,"KINGS MOUNTAIN RD","ENTRANCE WY",4224.00,W,-,A,-,N,,,,,,,,,,N,2,0,1,1,A,-,03,22350,,N,F,A,A,A,B,-,A,D,0,,Y,,,Y,,L,04,1,0,0,0,0,0,1,0,0,"- ","- ",,,"SAN MATEO",WOODSIDE,-122.28974151611328,37.430450439453125
81516937,2021,2021-07-09,4117,2021-06-29,1340,06KW06,01AQ,2,5,5,4117,0,0,0,,0,001,"EAST GRAND AV","SYLVESTER RD",92.00,W,-,A,-,N,,,,,,,,,,Y,2,0,1,2,A,-,07,21658,,N,C,E,A,A,D,-,A,D,0,,,Y,Y,Y,,C,02,1,0,0,0,0,0,0,0,1,"- ","- ",37.653678894042969,-122.40531158447266,"SAN MATEO","SOUTH SAN FRANCISCO",-122.40519714355469,37.654403686523438
81526517,2021,2021-07-22,4100,2021-05-15,1353,25932,PV,6,5,2,4112,0,0,0,,0,031,"ALPINE RD","WILLOWBROOK AV",347.00,S,-,A,-,N,,,,,,,,,,N,2,0,1,1,A,-,03,22350,,N,F,A,A,A,H,-,A,D,0,,Y,,,Y,,L,04,1,0,0,0,0,0,1,0,0,"- ","- ",,,"SAN MATEO","PORTOLA VALLEY",-122.21463012695312,37.364021301269531