CASE_ID,ACCIDENT_YEAR,PROC_DATE,JURIS,COLLISION_DATE,COLLISION_TIME,OFFICER_ID,REPORTING_DISTRICT,DAY_OF_WEEK,CHP_SHIFT,POPULATION,CNTY_CITY_LOC,SPECIAL_COND,BEAT_TYPE,CHP_BEAT_TYPE,CITY_DIVISION_LAPD,CHP_BEAT_CLASS,BEAT_NUMBER,PRIMARY_RD,SECONDARY_RD,DISTANCE,DIRECTION,INTERSECTION,WEATHER_1,WEATHER_2,STATE_HWY_IND,CALTRANS_COUNTY,CALTRANS_DISTRICT,STATE_ROUTE,ROUTE_SUFFIX,POSTMILE_PREFIX,POSTMILE,LOCATION_TYPE,RAMP_INTERSECTION,SIDE_OF_HWY,TOW_AWAY,COLLISION_SEVERITY,NUMBER_KILLED,NUMBER_INJURED,PARTY_COUNT,PRIMARY_COLL_FACTOR,PCF_CODE_OF_VIOL,PCF_VIOL_CATEGORY,PCF_VIOLATION,PCF_VIOL_SUBSECTION,HIT_AND_RUN,TYPE_OF_COLLISION,MVIW,PED_ACTION,ROAD_SURFACE,ROAD_COND_1,ROAD_COND_2,LIGHTING,CONTROL_DEVICE,CHP_ROAD_TYPE,PEDESTRIAN_ACCIDENT,BICYCLE_ACCIDENT,MOTORCYCLE_ACCIDENT,TRUCK_ACCIDENT,NOT_PRIVATE_PROPERTY,ALCOHOL_INVOLVED,STWD_VEHTYPE_AT_FAULT,CHP_VEHTYPE_AT_FAULT,COUNT_SEVERE_INJ,COUNT_VISIBLE_INJ,COUNT_COMPLAINT_PAIN,COUNT_PED_KILLED,COUNT_PED_INJURED,COUNT_BICYCLIST_KILLED,COUNT_BICYCLIST_INJURED,COUNT_MC_KILLED,COUNT_MC_INJURED,PRIMARY_RAMP,SECONDARY_RAMP,LATITUDE,LONGITUDE,COUNTY,CITY,POINT_X,POINT_Y
81526520,2021,2021-07-22,4100,2021-03-24,2125,25277,,3,5,5,4117,0,0,0,,0,,"EL CAMINO REAL","MCLELLAN DR",1755.00,S,-,A,-,Y,,,,,,,,,,Y,2,0,1,2,A,-,11,21956,A,N,G,B,D,A,H,-,C,D,0,Y,,,,Y,,N,60,1,0,0,0,1,0,0,0,0,"- ","- ",,,"SAN MATEO","SOUTH SAN FRANCISCO",-122.44193267822266,37.660205841064453
81526523,2021,2021-07-22,4100,2021-05-30,1147,25886,WDS,7,5,2,4118,0,0,0,,0,030,"SR-84 (WOODSIDE RD)","OAKHILL DR",391.00,S,-,A,-,Y,,,,,,,,,,N,2,0,1,2,A,-,05,21460,A,F,H,G,A,A,H,-,A,D,0,,Y,,,Y,,E,72,1,0,0,0,0,0,1,0,0,"- ","- ",,,"SAN MATEO",WOODSIDE,-122.26742553710938,37.41754150390625
81534907,2021,2021-08-02,4100,2021-07-24,0902,89434,PV,6,5,2,4112,0,0,0,,0,031,"ALPINE RD","GOLDEN OAK DR",0.00,,Y,A,-,N,,,,,,,,,,N,2,0,1,2,A,-,09,21802,A,N,F,A,A,A,H,-,A,A,0,,Y,,,Y,,A,01,1,0,0,0,0,0,1,0,0,"- ","- ",,,"SAN MATEO","PORTOLA VALLEY",-122.19943237304688,37.377262115478516
81534932,2021,2021-08-02,4100,2021-07-18,1355,25274,WDS,7,5,2,4118,0,0,0,,0,030,"OLD LA HONDA RD","PG&E POWER POLE 8329",298.00,E,-,A,-,N,,,,,,,,,,Y,2,0,1,2,A,-,06,21751,,N,B,C,A,A,H,-,A,D,0,,,Y,,Y,,-,"- ",1,0,0,0,0,0,0,0,1,"- ","- ",,,"SAN MATEO",WOODSIDE,,
81535680,2021,2021-08-03,4100,2021-07-24,1038,25274,WDS,6,5,2,4118,0,0,0,,0,030,"PORTOLA RD","SAND HILL RD",199.00,N,-,A,-,N,,,,,,,,,,N,2,0,2,2,A,-,05,21460,A,N,F,A,A,A,H,-,A,D,0,,Y,,,Y,,L,04,1,1,0,0,0,0,2,0,0,"- ","- ",,,"SAN MATEO",WOODSIDE,-122.24564361572266,37.402702331542969
81554437,2021,2021-08-26,4117,2021-07-21,1549,11HV11,05AE,3,5,5,4117,0,0,0,,0,001,"AIRPORT BL","SAN MATEO AVE",0.00,,Y,A,-,N,,,,,,,,,,Y,2,0,1,2,A,-,12,21453,A,N,D,C,A,A,H,-,A,A,0,,,Y,,Y,,A,07,1,0,0,0,0,0,0,0,1,"- ","- ",37.649669647216797,-122.40804290771484,"SAN MATEO","SOUTH SAN FRANCISCO",-122.40821838378906,37.649673461914062
81558836,2021,2021-09-28,4100,2021-06-26,1335,15370,,6,5,3,4107,0,0,0,,0,,"MAIN ST","MIRAMONTES ST",119.00,N,-,A,-,N,,,,,,,,,,Y,2,0,1,2,A,-,08,22107,,N,C,E,A,A,H,-,A,D,0,,,Y,,Y,,C,02,1,0,0,0,0,0,0,0,1,"- ","- ",,,"SAN MATEO","HALF MOON BAY",-122.42932891845703,37.462932586669922
81564410,2021,2021-09-07,4117,2021-08-17,1649,20CH06,17AR,2,5,5,4117,0,0,0,,0,003,"JUNIPERO SERRA BL","ARROYO DR",805.00,N,-,A,-,N,,,,,,,,,,Y,2,0,1,2,A,-,03,22350,A,N,D,C,A,A,H,-,A,D,0,,,Y,Y,Y,,C,02,1,0,0,0,0,0,0,0,1,"- ","- ",37.654701232910156,-122.45292663574219,"SAN MATEO","SOUTH SAN FRANCISCO",-122.45131683349609,37.650577545166016
81572384,2021,2021-09-16,4114,2021-08-18,2137,0941,SNB3,3,5,4,4114,0,0,0,,0,001,HUNTINGTON,"NOOR AV",43.00,S,-,A,-,N,,,,,,,,,,N,2,0,1,2,A,-,11,21954,A,N,G,B,D,A,H,-,C,D,0,Y,,,,Y,,N,60,1,0,0,0,1,0,0,0,0,"- ","- ",,,"SAN MATEO","SAN BRUNO",-122.41993713378906,37.6417236328125
8157566,2016,2016-11-03,4113,2016-10-05,0755,382,4,3,5,5,4113,0,0,0,,0,004,"ROLISON RD","HAVEN AV",135.00,S,N,A,-,N,,,,,,,,,,N,2,0,1,2,A,-,08,22107,,N,C,E,A,A,H,-,A,D,0,,,,,Y,,A,01,1,0,0,0,0,0,0,0,0,"- ","- ",37.484999999999999,-122.18926999999999,"SAN MATEO","REDWOOD CITY",-122.18945392000001,37.485256130000003
81581488,2021,2021-09-28,4100,2021-09-18,2500,25242,WDS,6,5,2,4118,0,0,0,,0,030,"SR-84 (LA HONDA RD)","SR-35 (SKYLINE BLVD)",94.00,N,-,A,-,Y,,,,,,,,,,N,2,0,1,1,A,-,03,22350,,N,F,A,A,A,H,-,A,D,0,,Y,,,Y,Y,L,04,1,0,0,0,0,0,1,0,0,"- ","- ",,,"SAN MATEO",WOODSIDE,-122.26432800292969,37.386390686035156
81581841,2021,2021-09-28,4117,2021-08-22,0123,20AB05,06AJ,7,5,5,4117,0,0,0,,0,004,"AIRPORT BL","TOWER PL",192.00,N,Y,A,-,N,,,,,,,,,,Y,2,0,1,1,A,-,05,21651,A,N,A,I,A,A,H,-,C,D,0,,,,,Y,,D,22,1,0,0,0,0,0,0,0,0,"- ","- ",37.666431427001953,-122.39694976806641,"SAN MATEO","SOUTH SAN FRANCISCO",-122.39649963378906,37.666831970214844
81587216,2021,2021-11-03,4100,2021-09-25,2159,25058,MLB,6,5,3,4110,0,0,0,,0,062,"SR-82 (EL CAMINO REAL)","MEADOW GLENN",320.00,S,-,A,-,Y,,,,,,,,,,Y,2,0,1,1,A,-,08,22107,,N,E,I,A,A,H,-,C,D,0,,,,,Y,Y,A,01,1,0,0,0,0,0,0,0,0,"- ","- ",,,"SAN MATEO",MILLBRAE,-122.39603424072266,37.605258941650391
81606828,2021,2021-10-26,4100,2021-10-14,1209,25189,SNC,4,5,4,4115,0,0,0,,0,051,"BRITTAN AVENUE","STATE HIGHWAY 82",12.00,E,-,A,-,Y,,,,,,,,,,N,2,0,2,2,A,-,12,21453,A,N,D,C,A,A,H,-,A,A,0,,,,,Y,,A,01,1,1,0,0,0,0,0,0,0,"- ","- ",,,"SAN MATEO","SAN CARLOS",-122.25249481201172,37.500705718994141
81607448,2021,2022-03-15,4100,2021-10-26,1335,25189,SNC,2,5,4,4115,0,0,0,,0,052,"INDUSTRIAL RD","BRANSTEN RD",7.00,S,-,B,-,N,,,,,,,,,,N,2,0,1,2,A,-,01,23153,F,N,G,B,B,A,H,-,A,A,0,Y,,,,Y,,A,01,1,0,0,0,1,0,0,0,0,"- ","- ",,,"SAN MATEO","SAN CARLOS",-122.25179290771484,37.507472991943359
8163033,2016,2016-11-18,4104,2016-10-25,1303,0230,10,2,5,4,4104,0,0,0,,0,00B,"CORTEZ AV","SHERMAN AV",195.00,N,N,A,-,N,,,,,,,,,,Y,2,0,1,3,A,-,03,22350,,N,A,E,A,A,H,-,A,D,0,,,,,Y,,A,01,1,0,0,0,0,0,0,0,0,"- ","- ",,,"SAN MATEO",BURLINGAME,-122.36981711999999,37.58414209
81631585,2021,2021-11-22,4100,2021-11-03,1609,25242,WDS,3,5,2,4118,0,0,0,,0,030,"OLD LA HONDA RD","MARTINEZ RD",1584.00,E,-,A,-,N,,,,,,,,,,N,2,0,1,1,A,-,03,22350,,N,F,A,A,B,H,-,A,D,0,,Y,,,Y,,L,04,1,0,0,0,0,0,1,0,0,"- ","- ",,,"SAN MATEO",WOODSIDE,-122.25170135498047,37.378536224365234
81646467,2021,2021-12-08,4109,2021-10-11,1009,15262,16,1,5,4,4109,0,0,0,,0,002,"BAY RD","GREENWOOD DRIVE",0.00,,Y,A,-,N,,,,,,,,,,Y,2,0,3,2,A,-,"- ",,,N,A,C,A,A,H,-,A,D,0,,,,,Y,,A,07,1,2,0,0,0,0,0,0,0,"- ","- ",37.475570678710938,-122.17548370361328,"SAN MATEO","MENLO PARK",-122.17530822753906,37.475467681884766
81654656,2021,2021-12-17,4114,2021-11-25,2003,0941,SNB6,4,5,4,4114,0,0,0,,0,002,"HUNTINGTON AV","SAN MATEO AV",8.00,E,-,A,-,N,,,,,,,,,,N,2,0,1,2,A,-,10,21950,A,N,G,B,B,A,H,-,C,A,0,Y,,,,Y,,A,01,1,0,0,0,1,0,0,0,0,"- ","- ",,,"SAN MATEO","SAN BRUNO",-122.411376953125,37.629508972167969
81659811,2021,2021-12-23,4100,2021-12-18,1108,25274,WDS,6,5,2,4118,0,0,0,,0,030,"CANADA RD","EUCALYPTUS CT",230.00,S,-,A,-,N,,,,,,,,,,N,2,0,1,1,A,-,03,22350,,N,H,A,A,A,H,-,A,D,0,,Y,,,Y,,L,04,1,0,0,0,0,0,1,0,0,"- ","- ",,,"SAN MATEO",WOODSIDE,-122.26587677001953,37.441230773925781
81663495,2021,2021-12-28,4114,2021-11-29,1918,1222,SNB10,1,5,4,4114,0,0,0,,0,001,"EL CAMINO REAL","COMMODORE DR",0.00,,-,A,-,Y,,,,,,,,,,Y,2,0,3,2,A,-,05,21651,B,N,A,C,A,A,H,-,C,D,0,,,,,Y,,A,01,1,2,0,0,0,0,0,0,0,"- ","- ",,,"SAN MATEO","SAN BRUNO",-122.42047882080078,37.635200500488281
8166564,2016,2017-01-12,4100,2016-10-15,1908,25131,5H,6,5,3,4110,0,0,0,,0,061,"ROLLINS RD","ADRIAN RD",0.00,,Y,C,-,N,,,,,,,,,,N,1,1,0,2,A,-,03,22350,,F,A,B,B,B,G,-,C,A,0,Y,,,,Y,,-,"- ",0,0,0,1,0,0,0,0,0,"- ","- ",,,"SAN MATEO",MILLBRAE,-122.38291989,37.599459920000001
81670959,2021,2022-01-05,4117,2021-12-27,2103,10SM11,27AO,1,5,5,4117,0,0,0,,0,002,"GALWAY DR","WILLIAMSBURG CT",135.00,S,-,A,-,N,,,,,,,,,,Y,2,0,1,3,A,-,01,23152,A,N,C,E,A,A,H,-,C,D,0,,,,,Y,Y,A,01,1,0,0,0,0,0,0,0,0,"- ","- ",37.646518707275391,-122.45613098144531,"SAN MATEO","SOUTH SAN FRANCISCO",-122.45599365234375,37.646175384521484
81671390,2021,2022-01-05,4117,2021-11-20,0815,14JP02,08AI,6,5,5,4117,0,0,0,,0,004,"MILLER AV","MAPLE AV",0.00,,Y,A,-,N,,,,,,,,,,N,2,0,1,2,A,-,10,21950,A,N,G,B,B,A,H,-,A,A,0,Y,,,,Y,,A,01,1,0,0,0,1,0,0,0,0,"- ","- ",37.656669616699219,-122.41216278076172,"SAN MATEO","SOUTH SAN FRANCISCO",-122.412109375,37.656646728515625
81672701,2021,2022-01-06,4100,2021-12-19,1430,25289,PV,7,5,2,4112,0,0,0,,0,031,"ALPINE RD","LOS TRANCOS RD",0.00,,Y,A,-,N,,,,,,,,,,N,2,0,1,2,A,-,09,21801,A,N,H,G,A,A,H,-,A,D,0,,Y,,,Y,,A,01,1,0,0,0,0,0,1,0,0,"- ","- ",,,"SAN MATEO","PORTOLA VALLEY",-122.20046234130859,37.376827239990234
8167548,2017,2018-04-09,4114,2017-10-21,2156,0063,SNB32,6,5,4,4114,0,0,0,,0,003,"SKYLINE BL","COLLEGE DR",1584.00,S,N,A,-,Y,SM,4,35,-,-,25.210,H,-,N,Y,1,1,0,1,A,-,03,22350,,N,E,I,A,A,H,-,D,D,0,,,,,Y,Y,A,01,0,0,0,0,0,0,0,0,0,"- ","- ",,,"SAN MATEO","SAN BRUNO",-122.45111953999999,37.628557399999998
81685369,2022,2022-01-26,4100,2022-01-20,1221,25289,PV,4,5,2,4112,0,0,0,,0,031,"PORTOLA RD","PORTOLA  GREEN CIRCLE",137.00,E,-,A,-,N,,,,,,,,,,N,2,0,1,1,A,-,03,22350,,N,H,A,A,A,H,-,A,D,0,,Y,,,Y,,L,04,1,0,0,0,0,0,1,0,0,"- ","- ",,,"SAN MATEO","PORTOLA VALLEY",-122.2130126953125,37.373874664306641
81686786,2022,2022-01-27,4109,2022-01-12,1455,14782,28,3,5,4,4109,0,0,0,,0,001,"SANTA CRUZ AV","LEMON AV",0.00,,Y,A,-,N,,,,,,,,,,N,2,0,1,2,A,-,09,21801,,N,H,G,A,A,H,-,A,D,0,,Y,,,Y,,D,73,1,0,0,0,0,0,1,0,0,"- ","- ",37.436691284179688,-122.19698333740234,"SAN MATEO","MENLO PARK",-122.19699096679688,37.436695098876953
81706197,2022,2022-02-22,4117,2022-01-27,0625,16AP10,01AG,4,5,5,4117,0,0,0,,0,001,"EAST GRAND AV","HARBOR WY",0.00,,Y,B,-,N,,,,,,,,,,N,1,1,0,2,A,-,11,21456,B,N,G,B,D,A,H,-,C,A,0,Y,,,,Y,,N,60,0,0,0,1,0,0,0,0,0,"- ","- ",37.654560089111328,-122.39997100830078,"SAN MATEO","SOUTH SAN FRANCISCO",-122.39992523193359,37.654380798339844
81712205,2022,2022-03-01,4100,2022-01-23,1737,25954,MLB,7,5,3,4110,0,0,0,,0,062,"MEADOW GLEN AV",BROADWAY,0.00,,Y,A,-,N,,,,,,,,,,N,2,0,1,2,A,-,10,21950,A,N,G,B,B,A,H,-,C,A,0,Y,,,,Y,,A,01,1,0,0,0,1,0,0,0,0,"- ","- ",,,"SAN MATEO",MILLBRAE,-122.39756011962891,37.605266571044922
81713576,2022,2023-06-02,4100,2022-02-21,0308,25871,MLB,1,5,3,4110,0,0,0,,0,061,"SR-82 (EL CAMINO REAL)","HILLCREST BOULEVARD",0.00,,Y,A,-,N,,,,,,,,,,Y,2,0,1,2,A,-,11,21954,A,N,G,B,D,A,H,-,C,A,0,Y,,,,Y,Y,N,60,1,0,0,0,1,0,0,0,0,"- ","- ",,,"SAN MATEO",MILLBRAE,-122.39177703857422,37.602207183837891
81736387,2022,2022-03-29,4100,2022-03-24,1422,25869,WDS,4,5,2,4118,0,0,0,,0,030,"KINGS MOUNTAIN RD","GREER RD",0.00,,Y,A,-,N,,,,,,,,,,N,2,0,1,2,A,-,09,21804,A,N,A,C,A,A,H,-,A,A,0,,Y,,,Y,,A,01,1,0,0,0,0,0,1,0,0,"- ","- ",,,"SAN MATEO",WOODSIDE,-122.2786865234375,37.430271148681641
81745407,2022,2022-04-11,4109,2022-03-10,1241,146427,30,4,5,4,4109,0,0,0,,0,001,"325 SHARON PARK DR","SHARON PARK DR",130.00,S,-,A,-,N,,,,,,,,,,N,2,0,2,4,A,-,03,22350,,N,G,B,F,A,H,-,A,D,0,Y,,,,Y,,A,01,1,1,0,0,2,0,0,0,0,"- ","- ",37.423820495605469,-122.1971435546875,"SAN MATEO","MENLO PARK",,
81748420,2022,2022-04-14,4100,2022-03-13,1610,25195,WDS,7,5,2,4118,0,0,0,,0,030,"SR-84 (LA HONDA RD)","GRANDVIEW AVENUE",1230.00,E,-,A,-,Y,,,,,,,,,,N,2,0,1,1,A,-,03,22350,,N,F,A,A,A,H,-,A,D,0,,Y,,,Y,,L,04,1,0,0,0,0,0,1,0,0,"- ","- ",,,"SAN MATEO",WOODSIDE,-122.26129150390625,37.385997772216797
81750921,2022,2022-04-19,4100,2022-02-22,1853,25081,N,2,5,4,4104,0,0,0,,0,00N,"OLD BAYSHORE HWY","1390 OLD BAYSHORE HWY",0.00,,Y,B,-,N,,,,,,,,,,N,2,0,1,2,A,-,06,21951,,N,B,B,E,A,H,-,C,D,0,Y,,,,Y,,N,60,1,0,0,0,1,0,0,0,0,"- ","- ",,,"SAN MATEO",BURLINGAME,-122.36476135253906,37.592338562011719
81750930,2022,2022-04-19,4100,2022-03-12,0213,25277,SNC,6,5,4,4115,0,0,0,,0,053,"SAN CARLOS AV","DARTMOUTH AV",551.00,E,-,A,-,N,,,,,,,,,,Y,2,0,3,2,A,-,01,23152,A,N,B,C,A,A,H,-,C,D,0,,,,,Y,Y,A,01,3,0,0,0,0,0,0,0,0,"- ","- ",,,"SAN MATEO","SAN CARLOS",-122.28378295898438,37.507705688476562
81755863,2022,2022-04-25,4100,2022-04-16,1619,25956,WDS,6,5,2,4118,0,0,0,,0,030,"KINGS MOUNTAIN RD","GREER RD",75.00,E,-,A,-,N,,,,,,,,,,N,2,0,1,1,C,-,18,,,N,H,H,A,A,H,-,A,D,0,,Y,,,Y,,-,"- ",1,0,0,0,0,0,1,0,0,"- ","- ",,,"SAN MATEO",WOODSIDE,-122.2784423828125,37.430316925048828
81774468,2022,2022-05-17,4100,2022-05-03,0827,25281,NCTY,2,5,4,4104,0,0,0,,0,060,"SEQUOIA AV","GARDEN DR",0.00,,Y,A,-,N,,,,,,,,,,N,2,0,1,2,A,-,08,22107,,N,G,B,D,A,H,-,A,D,0,Y,,,,Y,,A,01,1,0,0,0,1,0,0,0,0,"- ","- ",,,"SAN MATEO",BURLINGAME,-122.38916015625,37.591804504394531
81788324,2022,2022-06-06,4100,2022-05-25,0830,25924,MLB,3,5,3,4110,0,0,0,,0,061,"MILLBRAE AV","LOREE LN",69.00,E,-,A,-,N,,,,,,,,,,N,2,0,1,1,A,-,03,22350,,N,E,I,A,A,H,-,A,D,0,,,Y,,Y,,C,02,1,0,0,0,0,0,0,0,1,"- ","- ",,,"SAN MATEO",MILLBRAE,-122.40184783935547,37.592144012451172
81793047,2022,2022-06-10,4117,2022-05-19,1915,14MN05,19AW,4,5,5,4117,0,0,0,,0,002,"WESTBOROUGH BL","GELLERT BL",75.00,W,-,A,-,N,,,,,,,,,,Y,2,0,1,1,A,-,03,22350,,N,H,A,A,A,H,-,A,A,0,,,Y,,Y,,C,02,1,0,0,0,0,0,0,0,1,"- ","- ",37.643310546875,-122.45291137695312,"SAN MATEO","SOUTH SAN FRANCISCO",-122.45322418212891,37.643321990966797
81796963,2022,2022-06-16,4117,2022-05-19,2158,14MN05,14AF,4,5,5,4117,0,0,0,,0,002,SR-82,"HAZELWOOD DR",480.00,N,-,A,-,Y,SM,,82,,,20.655,H,,R,N,2,0,1,2,A,-,11,21954,A,N,G,B,D,A,H,-,C,A,0,Y,,,Y,Y,Y,N,60,1,0,0,0,1,0,0,0,0,"- ","- ",37.6551513671875,-122.43448638916016,"SAN MATEO","SOUTH SAN FRANCISCO",-122.43437957763672,37.655246734619141
8179977,2016,2016-12-09,4101,2016-11-16,1719,14TB01,,3,5,2,4101,0,0,0,,0,004,"ALAMEDA DE LAS PULGAS","CALLADO WY",0.00,,Y,A,-,N,,,,,,,,,,N,2,0,1,2,A,-,08,22107,,N,H,G,A,A,H,-,D,D,0,,Y,,,Y,,A,01,1,0,0,0,0,0,1,0,0,"- ","- ",37.438549999999999,-122.21516,"SAN MATEO",ATHERTON,-122.21513992,37.438439889999998
81804857,2022,2022-06-28,4100,2022-06-19,1229,89434,PVY,7,5,2,4112,0,0,0,,0,031,"ALPINE RD","ARASTREDERO RD",0.00,,Y,A,-,N,,,,,,,,,,N,2,0,1,1,A,-,03,22350,,N,H,G,A,A,H,-,A,D,0,,Y,,,Y,,L,04,1,0,0,0,0,0,1,0,0,"- ","- ",,,"SAN MATEO","PORTOLA VALLEY",-122.19358062744141,37.382968902587891
81815432,2022,2022-07-12,4109,2022-06-29,0120,14771,25A,3,5,4,4109,0,0,0,,0,001,"EL CAMINO REAL","GLENWOOD AV",0.00,,Y,A,-,Y,SM,,82,,,1.069,H,,R,N,1,1,0,2,A,-,11,21950,B,N,G,B,E,A,H,-,D,D,0,Y,,,,Y,,N,60,0,0,0,1,0,0,0,0,0,"- ","- ",37.455818176269531,-122.18762969970703,"SAN MATEO","MENLO PARK",-122.18753814697266,37.4559326171875
81821272,2022,2022-07-20,4114,2022-06-21,1613,0035,SNB33,2,5,4,4114,0,0,0,,0,003,"SKYLINE BLVD (SR-35)","SAN BRUNO AVE",5280.00,N,-,A,-,Y,,,,,,,,,,N,2,0,1,2,A,-,11,21954,A,N,G,B,D,A,H,-,A,D,0,Y,,,,Y,,N,60,1,0,0,0,1,0,0,0,0,"- ","- ",,,"SAN MATEO","SAN BRUNO",-122.45243835449219,37.630271911621094
81825311,2022,2022-07-26,4114,2022-06-23,1247,0048,SNB1,4,5,4,4114,0,0,0,,0,001,"SAN MATEO AV","SAN BRUNO AVENUE",170.00,N,-,A,-,N,,,,,,,,,,Y,2,0,2,3,A,-,09,21804,A,N,B,C,A,A,H,-,A,D,0,,,,,Y,,A,01,1,1,0,0,0,0,0,0,0,"- ","- ",,,"SAN MATEO","SAN BRUNO",-122.41139984130859,37.631275177001953
81834070,2022,2022-08-05,4117,2022-07-08,1330,21MC03,28AH,5,5,5,4117,0,0,0,,0,003,"CAMARITAS AV","HICKEY BL",196.00,S,-,A,-,N,,,,,,,,,,N,2,0,1,2,A,-,09,21801,A,N,H,G,A,A,H,-,A,A,0,,Y,,,Y,,A,07,1,0,0,0,0,0,1,0,0,"- ","- ",37.665988922119141,-122.45346832275391,"SAN MATEO","SOUTH SAN FRANCISCO",-122.45326995849609,37.665523529052734
81838736,2022,2022-08-12,4100,2022-07-23,1945,25241,WDS,6,5,9,4100,0,0,0,,0,030,"LA HONDA RD","PORTOLA RD",0.00,,Y,A,-,N,,,,,,,,,,N,2,0,2,2,A,-,09,21801,A,N,D,C,A,A,H,-,A,A,0,,,Y,,Y,,A,01,1,1,0,0,0,0,0,0,2,"- ","- ",,,"SAN MATEO",UNINCORPORATED,-122.25703430175781,37.407474517822266
81852985,2022,2022-08-30,4117,2022-07-29,1718,21BP02,08AO,5,5,5,4117,0,0,0,,0,004,"AIRPORT BL","PINE ST",0.00,,Y,A,-,N,,,,,,,,,,Y,2,0,1,2,A,-,09,21801,A,N,D,C,A,A,H,-,A,D,0,,,,,Y,,A,01,1,0,0,0,0,0,0,0,0,"- ","- ",37.658370971679688,-122.40586853027344,"SAN MATEO","SOUTH SAN FRANCISCO",-122.40598297119141,37.658374786376953
81868199,2022,2022-09-19,4100,2022-09-15,1459,18230,SNC,4,5,4,4115,0,0,0,,0,052,"CHESTNUT ST","BAYTREE RD",208.00,S,-,A,-,N,,,,,,,,,,Y,2,0,2,1,A,-,03,22350,,N,E,I,A,A,H,-,A,D,0,,,,,Y,,A,01,1,0,1,0,0,0,0,0,0,"- ","- ",,,"SAN MATEO","SAN CARLOS",-122.25945281982422,37.498424530029297
81868644,2022,2022-09-20,4117,2022-08-26,2111,21LR14,01AH,5,5,5,4117,0,0,0,,0,001,"HASKINS WY","E JAMIE CT",334.00,S,-,B,-,N,,,,,,,,,,Y,2,0,1,1,A,-,08,22107,,N,E,I,A,A,A,-,C,D,0,,,Y,,Y,,C,02,1,0,0,0,0,0,0,0,1,"- ","- ",37.649158477783203,-122.38725280761719,"SAN MATEO","SOUTH SAN FRANCISCO",-122.38729095458984,37.648338317871094
81873834,2022,2022-09-26,4100,2022-09-16,1405,25932,,5,5,3,4107,0,0,0,,0,075,"STATE ROUTE 1","KEHOE AVE",0.00,,Y,A,-,Y,,,,,,,,,,N,2,0,1,2,A,-,16,27155,,N,D,C,A,A,H,-,A,D,0,,,Y,,Y,,C,02,1,0,0,0,0,0,0,0,1,"- ","- ",,,"SAN MATEO","HALF MOON BAY",-122.43955993652344,37.4764404296875
8189366,2016,2016-12-15,4106,2016-08-28,1617,1180,,7,5,6,4106,0,0,0,,0,003,"JUNIPERO SERRA BL","CITRUS AV",0.00,,Y,A,-,N,,,,,,,,,,Y,2,0,1,2,A,-,17,21451,A,N,G,B,B,A,H,-,A,A,0,Y,,,,Y,,A,08,1,0,0,0,1,0,0,0,0,"- ","- ",,,"SAN MATEO","DALY CITY",-122.47073989,37.697609890000003
8189382,2016,2017-02-28,4106,2016-08-25,2318,2116,,4,5,6,4106,0,0,0,,0,003,"MISSION ST","VALE ST",5.00,S,N,A,-,N,,,,,,,,,,N,2,0,1,2,A,-,11,21954,A,N,G,B,D,A,H,-,C,D,0,Y,,,,Y,Y,N,60,1,0,0,0,1,0,0,0,0,"- ","- ",,,"SAN MATEO","DALY CITY",-122.46547384,37.691586610000002
81916403,2022,2024-03-13,4100,2022-10-29,0123,89432,,6,5,2,4118,0,0,0,,0,4100,"WHISKEY HILL RD","WOODSIDE RD",3168.00,S,-,A,-,N,,,,,,,,,,Y,2,0,2,1,A,-,01,23152,A,N,E,J,A,A,H,-,D,D,0,,,,,Y,Y,A,07,1,1,0,0,0,0,0,0,0,"- ","- ",,,"SAN MATEO",WOODSIDE,-122.24486541748047,37.422863006591797
81917423,2022,2022-11-14,4117,2022-10-19,2026,18RR07,06AJ,3,5,5,4117,0,0,0,,0,004,"AIRPORT BL","OYSTER POINT BL",0.00,,Y,A,-,N,,,,,,,,,,N,2,0,1,2,A,-,11,21456,B,N,G,B,B,A,H,-,C,A,0,Y,,,,Y,,A,01,1,0,0,0,1,0,0,0,0,"- ","- ",37.664329528808594,-122.39929962158203,"SAN MATEO","SOUTH SAN FRANCISCO",-122.39922332763672,37.664344787597656
81925897,2022,2023-06-05,4100,2022-10-26,1017,25154,HMB,3,5,3,4107,0,0,0,,0,075,"SR-1 (N CABRILLO HWY)","ROOSEVELT BL",0.00,,Y,A,-,Y,,,,,,,,,,Y,2,0,1,2,A,-,00,21775,,N,B,C,A,A,H,-,A,D,0,,Y,,,Y,,A,01,1,0,0,0,0,0,1,0,0,"- ","- ",,,"SAN MATEO","HALF MOON BAY",-122.45167541503906,37.491138458251953
81958769,2022,2023-01-03,4117,2022-12-13,1044,18JA13,28AG,2,5,5,4117,0,0,0,,0,003,"JUNIPERO SERRA BLVD","CLAY AV",44.00,S,-,A,-,N,,,,,,,,,,N,2,0,1,1,A,-,03,22350,A,N,E,I,A,A,H,-,A,D,0,,Y,,,Y,,L,04,1,0,0,0,0,0,1,0,0,"- ","- ",37.662181854248047,-122.45717620849609,"SAN MATEO","SOUTH SAN FRANCISCO",-122.45734405517578,37.662078857421875
81963854,2022,2023-01-09,4100,2022-12-24,1056,25283,,6,5,3,4110,0,0,0,,0,,"HELEN DR","MAGNOLIA AV",491.00,W,-,A,-,N,,,,,,,,,,Y,2,0,1,1,A,-,08,22107,,N,B,E,A,A,H,-,A,D,0,,,,,Y,,A,01,1,0,0,0,0,0,0,0,0,"- ","- ",,,"SAN MATEO",MILLBRAE,-122.40042114257812,37.604598999023438
81969773,2022,2023-01-17,4100,2022-11-29,1557,25195,MLB,2,5,3,4110,0,0,0,,0,062,"LUDEMAN LANE","MADRID CT",62.00,E,-,A,-,N,,,,,,,,,,Y,2,0,1,2,A,-,03,22350,,N,G,B,D,A,H,-,A,D,0,Y,,,,Y,,A,01,1,0,0,0,1,0,0,0,0,"- ","- ",,,"SAN MATEO",MILLBRAE,-122.402587890625,37.607002258300781