CASE_ID,ACCIDENT_YEAR,PROC_DATE,JURIS,COLLISION_DATE,COLLISION_TIME,OFFICER_ID,REPORTING_DISTRICT,DAY_OF_WEEK,CHP_SHIFT,POPULATION,CNTY_CITY_LOC,SPECIAL_COND,BEAT_TYPE,CHP_BEAT_TYPE,CITY_DIVISION_LAPD,CHP_BEAT_CLASS,BEAT_NUMBER,PRIMARY_RD,SECONDARY_RD,DISTANCE,DIRECTION,INTERSECTION,WEATHER_1,WEATHER_2,STATE_HWY_IND,CALTRANS_COUNTY,CALTRANS_DISTRICT,STATE_ROUTE,ROUTE_SUFFIX,POSTMILE_PREFIX,POSTMILE,LOCATION_TYPE,RAMP_INTERSECTION,SIDE_OF_HWY,TOW_AWAY,COLLISION_SEVERITY,NUMBER_KILLED,NUMBER_INJURED,PARTY_COUNT,PRIMARY_COLL_FACTOR,PCF_CODE_OF_VIOL,PCF_VIOL_CATEGORY,PCF_VIOLATION,PCF_VIOL_SUBSECTION,HIT_AND_RUN,TYPE_OF_COLLISION,MVIW,PED_ACTION,ROAD_SURFACE,ROAD_COND_1,ROAD_COND_2,LIGHTING,CONTROL_DEVICE,CHP_ROAD_TYPE,PEDESTRIAN_ACCIDENT,BICYCLE_ACCIDENT,MOTORCYCLE_ACCIDENT,TRUCK_ACCIDENT,NOT_PRIVATE_PROPERTY,ALCOHOL_INVOLVED,STWD_VEHTYPE_AT_FAULT,CHP_VEHTYPE_AT_FAULT,COUNT_SEVERE_INJ,COUNT_VISIBLE_INJ,COUNT_COMPLAINT_PAIN,COUNT_PED_KILLED,COUNT_PED_INJURED,COUNT_BICYCLIST_KILLED,COUNT_BICYCLIST_INJURED,COUNT_MC_KILLED,COUNT_MC_INJURED,PRIMARY_RAMP,SECONDARY_RAMP,LATITUDE,LONGITUDE,COUNTY,CITY,POINT_X,POINT_Y
8197041,2016,2017-01-09,4111,2016-11-29,0059,P5119,08,2,5,4,4111,0,0,0,,0,0P2,"OCEANA BL","CLARENDON RD",0.00,,Y,B,-,N,,,,,,,,,,Y,2,0,4,4,A,-,01,23152,A,N,A,C,A,A,H,-,C,A,0,,,Y,,Y,Y,A,07,1,0,3,0,0,0,0,0,2,"- ","- ",,,"SAN MATEO",PACIFICA,-122.48904991000001,37.629879969999998
81970624,2023,2023-01-18,4116,2023-01-07,1420,28536,13,6,5,5,4116,0,0,0,,0,0DT,"4TH AVE","SOUTH SAN MATEO DR",0.00,,Y,B,-,N,,,,,,,,,,N,2,0,2,3,A,-,10,21950,A,N,G,B,B,A,H,-,A,A,0,Y,,,,Y,,A,01,1,1,0,0,2,0,0,0,0,"- ","- ",37.563529968261719,-122.32335662841797,"SAN MATEO","SAN MATEO",-122.3233642578125,37.563541412353516
81970776,2022,2023-01-18,4114,2022-11-30,1602,1090,SNB5,3,5,4,4114,0,0,0,,0,001,"WEST SAN BRUNO AV","MASSON AV",0.00,,Y,A,-,N,,,,,,,,,,N,2,0,1,2,A,-,10,21950,,N,G,B,B,A,H,-,A,D,0,Y,,,,Y,,A,01,1,0,0,0,1,0,0,0,0,"- ","- ",,,"SAN MATEO","SAN BRUNO",-122.41358184814453,37.629981994628906
81971038,2022,2023-01-18,4114,2022-12-16,1643,1283,SNB40,5,5,4,4114,0,0,0,,0,003,"MONTEREY DR","AMADOR AV",98.00,N,-,A,-,N,,,,,,,,,,N,2,0,1,1,C,-,18,,,N,E,I,A,A,A,-,B,D,0,,Y,,,Y,,-,"- ",1,0,0,0,0,0,1,0,0,"- ","- ",,,"SAN MATEO","SAN BRUNO",-122.44819641113281,37.623420715332031
81999312,2023,2023-02-21,4100,2023-01-26,1630,25273,4100,4,5,2,4112,0,0,0,,0,031,"ALPINE RD","ARASTRADERO RD",0.00,,Y,A,-,N,,,,,,,,,,N,2,0,1,2,A,-,09,21801,,N,H,G,A,A,H,-,A,A,0,,Y,,,Y,,A,01,1,0,0,0,0,0,1,0,0,"- ","- ",,,"SAN MATEO","PORTOLA VALLEY",-122.19358062744141,37.382968902587891
82013624,2022,2023-03-09,4100,2022-06-05,1114,25984,WDS,7,5,2,4118,0,0,0,,0,030,"SR-84 (LA HONDA RD)","PORTOLA ROAD",0.00,,Y,C,-,Y,,,,,,,,,,N,2,0,1,1,A,-,03,22350,,N,H,G,A,B,H,-,A,A,0,,Y,,,Y,,L,04,1,0,0,0,0,0,1,0,0,"- ","- ",,,"SAN MATEO",WOODSIDE,-122.25703430175781,37.407474517822266
82016235,2023,2023-03-13,4117,2023-02-09,2140,07JL03,21AK,4,5,5,4117,0,0,0,,0,003,SR-82,"KAISER HOSPITAL",203.30,N,-,A,-,Y,SM,,82," "," ",21.057,H,,R,N,2,0,1,2,A,-,08,22107,,F,H,G,A,A,H,-,C,D,0,,Y,,,Y,,A,01,1,0,0,0,0,0,1,0,0,"- ","- ",37.658641815185547,-122.43994903564453,"SAN MATEO","SOUTH SAN FRANCISCO",-122.43989562988281,37.658699035644531
82023563,2023,2023-03-21,4100,2023-03-04,1659,25924,HMB,6,5,3,4107,0,0,0,,0,075,SR-92,"MAIN ST",2420.00,E,-,A,-,Y,,,,,,,,,,Y,2,0,1,1,A,-,03,22350,,N,F,A,A,A,H,-,A,D,0,,,Y,,Y,Y,C,02,1,0,0,0,0,0,0,0,1,"- ","- ",,,"SAN MATEO","HALF MOON BAY",-122.42247772216797,37.470417022705078
82024241,2023,2023-03-22,4116,2023-03-14,1905,28536,23,2,5,5,4116,0,0,0,,0,00A,"PALM AV","17TH AV",0.00,,Y,B,-,N,,,,,,,,,,N,2,0,1,2,A,-,09,21800,A,N,H,G,A,B,H,-,C,A,0,,Y,,,Y,,A,01,1,0,0,0,0,0,1,0,0,"- ","- ",37.553138732910156,-122.31272888183594,"SAN MATEO","SAN MATEO",-122.31270599365234,37.553146362304688
82031101,2023,2023-03-29,4116,2023-03-23,1018,28307,52,4,5,5,4116,0,0,0,,0,00D,"S NORFOLK ST","NEWBRIDGE AVE",0.00,,Y,B,G,N,,,,,,,,,,Y,2,0,1,2,A,-,10,21950,A,N,G,B,B,A,H,-,A,A,0,Y,,,,Y,,A,01,1,0,0,0,1,0,0,0,0,"- ","- ",37.568809509277344,-122.30660247802734,"SAN MATEO","SAN MATEO",-122.30663299560547,37.568798065185547
82046812,2023,2023-05-31,4100,2023-04-15,1547,26042,WDS,6,5,2,4118,0,0,0,,0,2B30,"SKYLINE BL","LA HONDA RD",0.00,,Y,A,-,N,,,,,,,,,,N,2,0,1,2,A,-,08,22107,,N,D,C,A,A,H,-,A,D,0,,,Y,,Y,,A,01,1,0,0,0,0,0,0,0,1,"- ","- ",,,"SAN MATEO",WOODSIDE,-122.26432800292969,37.386386871337891
82047066,2023,2023-04-18,4116,2023-04-06,1815,28536,23,4,5,5,4116,0,0,0,,0,00A,"17TH AV","IVY ST",0.00,,Y,A,-,N,,,,,,,,,,N,2,0,1,2,A,-,12,22450,A,N,D,C,A,A,H,-,A,A,0,,,Y,,Y,,C,03,1,0,0,0,0,0,0,0,1,"- ","- ",37.552700042724609,-122.31340026855469,"SAN MATEO","SAN MATEO",-122.31338500976562,37.552680969238281
82048950,2023,2023-04-19,4117,2023-04-05,"106 ",12JP07,21AK,3,5,5,4117,0,0,0,,0,003,"SR-82 EL CAMINO REAL","1600 EL CAMINO REAL",0.00,,Y,A,-,Y,SM,,82," "," ",21.642,H,,R,N,1,1,0,2,A,-,10,21950,A,F,G,B,B,A,H,-,C,A,0,Y,,,,Y,,D,22,0,0,0,1,0,0,0,0,0,"- ","- ",37.663459777832031,-122.447021484375,"SAN MATEO","SOUTH SAN FRANCISCO",-122.44695281982422,37.663719177246094
82058301,2023,2023-05-01,4117,2023-03-24,1844,22JN03,21AF,5,5,5,4117,0,0,0,,0,003,"MISSION RD","OAK AV",63.00,E,-,A,-,N,,,,,,,,,,N,2,0,1,2,A,-,10,21950,A,N,G,B,B,A,H,-,A,D,0,Y,,,,Y,,A,01,1,0,0,0,1,0,0,0,0,"- ","- ",37.657539367675781,-122.43434906005859,"SAN MATEO","SOUTH SAN FRANCISCO",-122.43409729003906,37.657516479492188
82061781,2023,2023-05-31,4100,2023-04-30,"932 ",25869,MLB,7,5,3,4110,0,0,0,,0,061,"SR-82 (EL CAMINO REAL)","EAST HILLCREST BL",19.00,S,-,B,-,Y,,,,,,,,,,N,2,0,2,3,A,-,03,22350,,F,A,C,A,A,H,-,A,A,0,,,,,Y,,A,01,1,1,0,0,0,0,0,0,0,"- ","- ",,,"SAN MATEO",MILLBRAE,-122.39173126220703,37.6021728515625
82065247,2023,2023-05-09,4116,2023-04-13,2153,26199,13A,4,5,5,4116,0,0,0,,0,00A,"3RD AV","US 101 SB ON RAMP",0.00,,Y,A,-,N,,,,,,,,,,Y,2,0,1,1,A,-,01,23152,A,N,E,I,A,A,H,-,C,D,0,,,,,Y,Y,A,01,1,0,0,0,0,0,0,0,0,"- ","- ",37.570648193359375,-122.29512023925781,"SAN MATEO","SAN MATEO",-122.31405639648438,37.570770263671875
82066782,2023,2023-05-11,4116,2023-04-23,"129 ",26888,12,7,5,5,4116,0,0,0,,0,00A,"S AMPHLETT BL","2ND AVENUE",0.00,,Y,A,-,N,,,,,,,,,,Y,2,0,2,2,A,-,01,23153,A,N,A,C,A,A,H,-,C,D,0,,,,,Y,Y,A,08,1,1,0,0,0,0,0,0,0,"- ","- ",37.571731567382812,-122.31568908691406,"SAN MATEO","SAN MATEO",-122.31593322753906,37.572181701660156
82071226,2023,2023-05-17,4114,2023-03-31,2004,0058,SNB17,5,5,4,4114,0,0,0,,0,004,"WEST SAN BRUNO AV","NB INTERSTATE HIGHWAY 280 OFFRAMP",200.00,E,-,A,-,N,,,,,,,,,,N,2,0,2,2,A,-,01,23152,A,N,A,C,A,A,H,-,C,D,0,,,,,Y,Y,A,01,2,0,0,0,0,0,0,0,0,"- ","- ",,,"SAN MATEO","SAN BRUNO",,
82082819,2023,2023-06-27,4100,2023-04-26,"740 ",25952,HMB,3,5,3,4107,0,0,0,,0,075,"FILBERT ST","THIRD AV",0.00,,Y,A,-,N,,,,,,,,,,N,2,0,1,2,A,-,12,22450,A,N,G,B,B,A,H,-,A,A,0,Y,,,,Y,,D,72,1,0,0,0,1,0,0,0,0,"- ","- ",,,"SAN MATEO","HALF MOON BAY",-122.43505859375,37.458244323730469
82087384,2023,2023-06-06,4109,2023-05-22,"808 ",145990,17B,1,5,4,4109,0,0,0,,0,004,"BAYFRONT EX",CHILCO,0.00,,Y,A,-,Y,,,,,,,,,,Y,2,0,2,3,A,-,08,22107,,N,B,C,A,A,H,-,A,A,0,,,,,Y,,A,01,1,1,0,0,0,0,0,0,0,"- ","- ",37.4798583984375,-122.16419219970703,"SAN MATEO","MENLO PARK",-122.16709899902344,37.483280181884766
82087452,2023,2023-06-07,4100,2023-05-30,1940,25273,WDS,2,5,2,4118,0,0,0,,0,030,"OLD LA HONDA RD","600 OLD LA HONDA RD",52.00,E,-,A,-,N,,,,,,,,,,Y,2,0,1,2,A,-,05,21650,,N,A,C,A,A,G,-,B,D,0,,,Y,,Y,,C,02,1,0,0,0,0,0,0,0,1,"- ","- ",,,"SAN MATEO",WOODSIDE,-122.26539611816406,37.357635498046875
82089326,2022,2023-06-08,4116,2022-05-19,2500,28536,23,4,5,5,4116,0,0,0,,0,00A,"176 SOUTH BL","16TH AVE",280.00,S,-,A,-,N,,,,,,,,,,N,1,1,1,2,A,-,03,22350,,N,A,E,A,A,H,-,C,D,0,,,,,Y,,A,01,0,1,0,0,0,0,0,0,0,"- ","- ",37.555068969726562,-122.31101226806641,"SAN MATEO","SAN MATEO",-122.31118011474609,37.555149078369141
82095136,2023,2023-06-15,4117,2023-05-29,1738,21MC03,14AC,1,5,5,4117,0,0,0,,0,001,"SOUTH SPRUCE AV","STARLITE ST",100.00,W,-,A,-,N,,,,,,,,,,N,2,0,1,2,A,-,08,22108,,N,H,G,A,A,H,-,A,D,0,,Y,,,Y,,L,04,1,0,0,0,0,0,1,0,0,"- ","- ",37.649410247802734,-122.41851043701172,"SAN MATEO","SOUTH SAN FRANCISCO",-122.41858673095703,37.649143218994141
82119287,2023,2023-10-09,4100,2023-06-12,1136,25923,4100,1,5,3,4107,0,0,0,,0,075,"STATE ROUTE HWY 1","CAPISTRANO ROAD",1926.00,S,-,A,-,Y,,,,,,,,,,N,2,0,1,2,A,-,08,22107,,N,D,C,A,A,H,-,A,D,0,,,Y,,Y,,A,01,1,0,0,0,0,0,0,0,1,"- ","- ",,,"SAN MATEO","HALF MOON BAY",-122.48321533203125,37.506305694580078
82124722,2023,2023-07-24,4109,2023-07-05,2019,146399,18,3,5,4,4109,0,0,0,,0,004,"BAYFRONT EXPRESSWAY BIKE PATH","UNIVERSITY AVENUE",2500.00,E,-,A,-,N,,,,,,,,,,N,2,0,1,1,A,-,"- ",,,N,H,A,A,A,G,-,B,D,0,,Y,,,Y,,L,04,1,0,0,0,0,0,1,0,0,"- ","- ",37.505210876464844,-122.11940765380859,"SAN MATEO","MENLO PARK",,
82138666,2023,2023-08-08,4114,2023-07-04,1938,0941,SNB19,2,5,4,4114,0,0,0,,0,002,"CUNNINGHAM WY","CRYSTAL SPRINGS RD",54.00,N,-,A,-,N,,,,,,,,,,Y,2,0,1,2,A,-,08,22107,,N,A,C,A,A,H,-,A,D,0,,,Y,,Y,,C,02,1,0,0,0,0,0,0,0,1,"- ","- ",,,"SAN MATEO","SAN BRUNO",-122.42033386230469,37.614143371582031
82148070,2023,2023-08-21,4100,2023-08-02,1230,25906,4100,3,5,4,4115,0,0,0,,0,052,"OLD COUNTY RD","BRAGATO RD",197.00,S,-,A,-,N,,,,,,,,,,N,2,0,1,2,A,-,08,22107,,N,H,G,A,A,H,-,A,D,0,,Y,,,Y,,L,04,1,0,0,0,0,0,1,0,0,"- ","- ",,,"SAN MATEO","SAN CARLOS",-122.2672119140625,37.5142822265625
82150047,2023,2023-08-22,4109,2023-08-15,"700 ",200061,17B,2,5,4,4109,0,0,0,,0,004,"BAYFRONT EX","CHRYSLER DRIVE",0.00,,Y,A,-,N,,,,,,,,,,N,2,0,2,3,A,-,"- ",,,N,C,C,A,A,H,-,A,A,0,,,,,Y,,A,01,1,1,0,0,0,0,0,0,0,"- ","- ",37.483081817626953,-122.17516326904297,"SAN MATEO","MENLO PARK",-122.17401123046875,37.485397338867188
82163996,2023,2023-09-07,4100,2023-08-25,1948,25283,4100,5,5,3,4110,0,0,0,,0,062,"STATE HIGHWAY 82 HWY","MILLWOOD DR",0.00,,Y,A,-,Y,,,,,,,,,,N,2,0,1,2,A,-,21,22106,,F,H,G,A,A,H,-,B,D,0,,Y,,,Y,,A,01,1,0,0,0,0,0,1,0,0,"- ","- ",,,"SAN MATEO",MILLBRAE,-122.40161895751953,37.610397338867188
82169369,2023,2023-09-13,0400,2023-08-01,"939 ",0248,4,2,5,4,4104,0,0,0,,0,00A,"NORTH LN","CALIFORNIA DR",52.00,E,-,A,-,N,,,,,,,,,,N,2,0,1,2,A,-,11,21954,A,N,G,B,D,A,H,-,A,D,0,Y,,,,Y,,N,60,1,0,0,0,1,0,0,0,0,"- ","- ",37.580001831054688,-122.34574127197266,"SAN MATEO",BURLINGAME,-122.34564971923828,37.580127716064453
82171218,2023,2023-09-15,4117,2023-08-31,1722,16SE09,28AH,4,5,5,4117,0,0,0,,0,003,"HICKEY BL","CAMARITAS AV",80.00,E,-,A,-,N,,,,,,,,,,Y,2,0,2,2,A,-,05,21651,B,N,A,C,A,A,H,-,A,A,0,,,,,Y,,A,08,1,1,0,0,0,0,0,0,0,"- ","- ",37.665988922119141,-122.45348358154297,"SAN MATEO","SOUTH SAN FRANCISCO",-122.45319366455078,37.666088104248047
82172687,2023,2023-09-18,4116,2023-09-07,1647,28536,32,4,5,5,4116,0,0,0,,0,00C,"HILLSDALE BL","CURTISS ST",0.00,,Y,A,-,N,,,,,,,,,,Y,2,0,1,2,A,-,10,21950,A,F,G,B,B,A,H,-,A,A,0,Y,,,,Y,,D,22,1,0,0,0,1,0,0,0,0,"- ","- ",37.539451599121094,-122.29389953613281,"SAN MATEO","SAN MATEO",-122.29390716552734,37.539432525634766
82194725,2023,2023-10-09,4117,2023-10-07,1522,22BD02,11AL,6,5,5,4117,0,0,0,,0,004,"HILLSIDE BL","FRANKLIN AV",0.00,,Y,A,-,N,,,,,,,,,,N,2,0,1,2,A,-,01,23152,A,N,D,C,A,A,H,-,A,D,0,,,,,Y,Y,A,01,1,0,0,0,0,0,0,0,0,"- ","- ",37.666370391845703,-122.41245269775391,"SAN MATEO","SOUTH SAN FRANCISCO",-122.41243743896484,37.666358947753906
82201052,2023,2023-10-17,4117,2023-09-28,"645 ",12JP07,13AI,4,5,5,4117,0,0,0,,0,001,"4 S SPRUCE AV","CENTENNIAL WAY",0.00,,Y,A,-,N,,,,,,,,,,N,2,0,2,2,B,-,22,,,N,G,B,F,A,H,-,A,D,0,Y,,,,Y,,-,"- ",1,0,1,0,1,0,0,0,0,"- ","- ",37.653659820556641,-122.41719818115234,"SAN MATEO","SOUTH SAN FRANCISCO",,
82202440,2023,2023-10-18,4117,2023-10-03,1915,14MN05,14AE,2,5,5,4117,0,0,0,,0,002,"SOUTH SPRUCE AV","HHUNTINGTON AV",0.00,,Y,A,-,N,,,,,,,,,,N,2,0,1,2,A,-,00,21221,,N,B,C,A,A,H,-,C,A,0,,,,,Y,,M,94,1,0,0,0,0,0,0,0,0,"- ","- ",37.645099639892578,-122.42356872558594,"SAN MATEO","SOUTH SAN FRANCISCO",-122.42266082763672,37.644985198974609
82207345,2023,2023-10-24,4109,2023-10-07,1436,146399,22,6,5,4,4109,0,0,0,,0,002,"WILLOW RD","BLACKBURN AVE",7.00,E,-,A,-,N,,,,,,,,,,N,2,0,1,2,A,-,08,22107,,N,D,C,A,A,H,-,A,D,0,,Y,,Y,Y,,F,26,1,0,0,0,0,0,1,0,0,"- ","- ",37.456031799316406,-122.16327667236328,"SAN MATEO","MENLO PARK",-122.16323089599609,37.456039428710938
82209506,2023,2024-01-17,4100,2023-10-09,1705,19810,,1,5,4,4115,0,0,0,,0,052,"OLD COUNTY RD","COMMERICAL ST",7.60,N,-,A,-,N,,,,,,,,,,N,2,0,1,2,A,-,08,22107,,N,H,G,A,A,H,-,A,D,0,,Y,,,Y,,L,04,1,0,0,0,0,0,1,0,0,"- ","- ",,,"SAN MATEO","SAN CARLOS",-122.25461578369141,37.503406524658203
82227470,2023,2023-11-03,0400,2023-10-25,1812,0271,21,3,5,4,4104,0,0,0,,0,00C,"1333 OLD BAYSHORE BL","NORTHERN ENTRANCE 1333 OLD BAYSHORE BL",0.00,,Y,A,-,N,,,,,,,,,,N,2,0,4,2,A,-,09,21802,A,N,D,C,A,A,H,-,B,A,0,,,,,Y,Y,A,01,1,2,1,0,0,0,0,0,0,"- ","- ",37.593959808349609,-122.36504364013672,"SAN MATEO",BURLINGAME,,
82227671,2023,2023-11-03,4117,2023-10-18,1046,12JP07,20AA,3,5,5,4117,0,0,0,,0,003,"HICKEY BL","LONGFORD DR",406.00,W,-,A,-,N,,,,,,,,,,Y,2,0,1,5,A,-,08,22107,,N,B,C,A,A,H,-,A,A,0,,,Y,,Y,,A,07,1,0,0,0,0,0,0,0,1,"- ","- ",37.665481567382812,-122.45997619628906,"SAN MATEO","SOUTH SAN FRANCISCO",-122.4609375,37.664653778076172
82230578,2023,2023-11-22,4100,2023-10-31,1200,25195,MLB,2,5,3,4110,0,0,0,,0,060,"SR-82 (EL CAMINO REAL)","HILLCREST BL",0.00,,Y,A,-,Y,,,,,,,,,,N,2,0,1,2,A,-,10,21950,A,N,G,B,B,A,H,-,A,A,0,Y,,,,Y,,A,08,1,0,0,0,1,0,0,0,0,"- ","- ",,,"SAN MATEO",MILLBRAE,-122.39177703857422,37.602207183837891
82230580,2023,2023-11-08,4100,2023-08-18,1432,25195,MLB,5,5,3,4110,0,0,0,,0,062,"HELEN DR","EVERGREEN WY",14.10,W,-,A,-,N,,,,,,,,,,Y,2,0,2,2,C,-,18,,,N,C,E,A,A,H,-,A,D,0,,,,,Y,,-,"- ",2,0,0,0,0,0,0,0,0,"- ","- ",,,"SAN MATEO",MILLBRAE,-122.41596221923828,37.600349426269531
82234758,2023,2023-11-13,4116,2023-11-07,1845,28444,11,2,5,5,4116,0,0,0,,0,00A,"N DELAWARE ST","STATE ST",0.00,,Y,A,-,N,,,,,,,,,,N,2,0,1,2,A,-,10,21950,,N,G,B,B,A,H,-,C,D,0,Y,,,,Y,,A,01,1,0,0,0,1,0,0,0,0,"- ","- ",37.579299926757812,-122.33245849609375,"SAN MATEO","SAN MATEO",-122.33268737792969,37.578697204589844
82242229,2023,2023-11-21,4100,2023-10-22,"537 ",25254,TRAN,7,5,4,4104,0,0,0,,0,00N,"OLD BAYSHORE HWY","MITTEN RD",351.00,S,-,A,-,N,,,,,,,,,,Y,2,0,8,2,A,-,13,22500,,N,C,C,A,B,H,-,E,D,0,,,,,Y,,I,11,4,4,0,0,0,0,0,0,0,"- ","- ",,,"SAN MATEO",BURLINGAME,-122.37124633789062,37.602165222167969
82243603,2023,2023-11-24,4100,2023-11-11,2006,25273,WDS,6,5,2,4118,0,0,0,,0,030,"SR-84 (LA HONDA RD)","PORTOLA RD",0.00,,Y,A,-,Y,,,,,,,,,,Y,2,0,3,6,A,-,03,22350,,N,E,I,A,A,H,-,D,D,0,,,,,Y,,A,01,1,2,0,0,0,0,0,0,0,"- ","- ",,,"SAN MATEO",WOODSIDE,-122.25703430175781,37.407474517822266
82252278,2023,2023-12-04,4100,2023-11-11,1410,25869,MLB,6,5,3,4110,0,0,0,,0,,"EAST MILLBRAE AV","ROLLINS RD",0.00,,Y,A,-,N,,,,,,,,,,Y,2,0,1,1,A,-,03,22350,,N,E,I,A,A,H,-,A,A,0,,,Y,,Y,,C,02,1,0,0,0,0,0,0,0,1,"- ","- ",,,"SAN MATEO",MILLBRAE,-122.38404846191406,37.600471496582031
82252886,2023,2023-12-05,4117,2023-11-22,1033,99ID13,01AG,3,5,5,4117,0,0,0,,0,001,"EAST GRAND AV","LITTLEFIELD AV",0.00,,Y,A,-,N,,,,,,,,,,Y,2,0,2,2,A,-,12,21453,A,N,D,C,A,A,H,-,A,A,0,,,,,Y,,A,01,1,1,0,0,0,0,0,0,0,"- ","- ",37.652679443359375,-122.39388275146484,"SAN MATEO","SOUTH SAN FRANCISCO",-122.39388275146484,37.652606964111328
82261445,2023,2023-12-13,4116,2023-11-24,1512,28536,35,5,5,5,4116,0,0,0,,0,00C,"EL CAMINO REAL","36TH AVE",0.00,,Y,A,-,N,,,,,,,,,,Y,2,0,1,2,A,-,01,23152,A,N,D,C,A,A,H,-,A,D,0,,,Y,,Y,Y,C,02,1,0,0,0,0,0,0,0,1,"- ","- ",37.535198211669922,-122.29564666748047,"SAN MATEO","SAN MATEO",-122.29534149169922,37.535129547119141
82285349,2023,2024-04-08,4100,2023-12-24,"654 ",26066,SNC,7,5,4,4115,0,0,0,,0,051,"SR-82 (EL CAMINO REAL)","BELMONT AV",0.00,,Y,A,-,Y,,,,,,,,,,N,1,1,0,2,A,-,11,21955,,N,G,B,B,A,H,-,C,A,0,Y,,,,Y,,N,60,0,0,0,1,0,0,0,0,0,"- ","- ",,,"SAN MATEO","SAN CARLOS",-122.24890899658203,37.497509002685547
82287144,2023,2024-01-15,4117,2023-12-24,2320,13DF04,,7,5,5,4117,0,0,0,,0,004,"CYPRESS AV","MILLER AV",0.00,,Y,A,-,N,,,,,,,,,,N,2,0,1,2,A,-,12,22450,,N,D,C,A,A,H,-,C,A,0,,,Y,,Y,,C,03,1,0,0,0,0,0,0,0,1,"- ","- ",37.655769348144531,-122.40809631347656,"SAN MATEO","SOUTH SAN FRANCISCO",-122.40813446044922,37.655784606933594
82296396,2023,2024-01-24,4114,2023-12-20,1739,1354,,3,5,4,4114,0,0,0,,0,003,"SAN BRUNO AV","GLENVIEW DR",58.00,E,-,A,-,N,,,,,,,,,,N,2,0,1,2,A,-,03,22350,,F,G,B,B,A,H,-,C,D,0,Y,,,,Y,Y,-,99,1,0,0,0,1,0,0,0,0,"- ","- ",,,"SAN MATEO","SAN BRUNO",-122.44088745117188,37.619129180908203
82317457,2024,2024-02-19,4114,2024-01-26,1559,1260,,5,5,4,4114,0,0,0,,0,003,"SKYLINE BL","SAN BRUNO AV",1156.00,S,-,A,-,Y,,,,,,,,,,N,2,0,1,3,A,-,04,21703,,N,C,C,A,A,H,-,A,D,0,,,Y,,Y,,A,07,1,0,0,0,0,0,0,0,1,"- ","- ",,,"SAN MATEO","SAN BRUNO",-122.43961334228516,37.615924835205078
82326608,2024,2024-02-29,0400,2024-02-17,2154,0274,,6,5,4,4104,0,0,0,,0,00A,"CALIFORNIA DR","FLORIBUNDA AV",0.00,,Y,C,-,N,,,,,,,,,,N,2,0,1,2,A,-,08,22107,,N,G,B,D,B,H,-,C,D,0,Y,,,,Y,,A,01,1,0,0,0,1,0,0,0,0,"- ","- ",37.581840515136719,-122.35008239746094,"SAN MATEO",BURLINGAME,-122.35006713867188,37.581832885742188
82335985,2024,2024-03-12,4116,2024-03-08,1830,28536,,5,5,5,4116,0,0,0,,0,00C,"SOUTH EL CAMINO REAL","25TH AVE",217.00,S,-,A,-,N,,,,,,,,,,Y,2,0,1,2,A,-,03,22350,,N,B,C,A,A,H,-,B,D,0,,,Y,,Y,,C,02,1,0,0,0,0,0,0,0,1,"- ","- ",37.543891906738281,-122.30499267578125,"SAN MATEO","SAN MATEO",-122.30504608154297,37.543964385986328
82337180,2024,2024-03-13,4117,2024-03-05,1219,12JP07,25AH,2,5,5,4117,0,0,0,,0,003,"MISSION RD","CHESTNUT AV",10.00,N,-,A,-,N,,,,,,,,,,N,2,0,1,2,A,-,10,21950,A,N,G,B,B,A,H,-,A,A,0,Y,,,,Y,,A,01,1,0,0,0,1,0,0,0,0,"- ","- ",37.656570434570312,-122.43193054199219,"SAN MATEO","SOUTH SAN FRANCISCO",-122.43202972412109,37.656574249267578
82345088,2024,2024-03-22,4117,2024-03-07,2303,12JP07,,4,5,5,4117,0,0,0,,0,003,"EL CAMINO REAL HY",BART,0.00,,Y,A,-,Y,SM,,82," "," ",21.641,H,,L,N,2,0,1,2,A,-,11,21950,B,N,G,B,B,A,H,-,C,A,0,Y,,,,Y,,N,60,1,0,0,0,1,0,0,0,0,"- ","- ",37.663459777832031,-122.447021484375,"SAN MATEO","SOUTH SAN FRANCISCO",-122.44699859619141,37.663566589355469
82351186,2024,2024-04-01,4114,2024-03-18,1019,0066,SNB7,1,5,4,4114,0,0,0,,0,002,"JENEVEIN AV","SAN MATEO AVENUE",0.00,,Y,A,-,N,,,,,,,,,,N,2,0,1,2,A,-,10,21950,,N,G,B,B,A,H,-,A,A,0,Y,,,,Y,,A,07,1,0,0,0,1,0,0,0,0,"- ","- ",,,"SAN MATEO","SAN BRUNO",-122.41124725341797,37.623527526855469
82379859,2024,2024-05-01,4100,2024-04-12,1843,19590,,5,5,5,4113,0,0,0,,0,00N,"1 JAMES AV","CURBLINE OF BUS BAY B",2.00,E,-,A,-,N,,,,,,,,,,N,2,0,1,2,A,-,11,21954,A,N,G,B,E,A,H,-,A,D,0,Y,,,,Y,,N,60,1,0,0,0,1,0,0,0,0,"- ","- ",,,"SAN MATEO","REDWOOD CITY",,
82388804,2024,2024-05-14,4100,2024-04-26,"54  ",25242,,5,5,2,4118,0,0,0,,0,031,"SR-84 (LA HONDA RD)","SKYWOOD WY",302.00,S,-,A,-,Y,,,,,,,,,,Y,2,0,1,1,A,-,03,22350,,N,F,A,A,D,B,-,D,D,0,,,Y,,Y,,C,02,1,0,0,0,0,0,0,0,1,"- ","- ",,,"SAN MATEO",WOODSIDE,-122.26226043701172,37.392185211181641