CASE_ID,ACCIDENT_YEAR,PROC_DATE,JURIS,COLLISION_DATE,COLLISION_TIME,OFFICER_ID,REPORTING_DISTRICT,DAY_OF_WEEK,CHP_SHIFT,POPULATION,CNTY_CITY_LOC,SPECIAL_COND,BEAT_TYPE,CHP_BEAT_TYPE,CITY_DIVISION_LAPD,CHP_BEAT_CLASS,BEAT_NUMBER,PRIMARY_RD,SECONDARY_RD,DISTANCE,DIRECTION,INTERSECTION,WEATHER_1,WEATHER_2,STATE_HWY_IND,CALTRANS_COUNTY,CALTRANS_DISTRICT,STATE_ROUTE,ROUTE_SUFFIX,POSTMILE_PREFIX,POSTMILE,LOCATION_TYPE,RAMP_INTERSECTION,SIDE_OF_HWY,TOW_AWAY,COLLISION_SEVERITY,NUMBER_KILLED,NUMBER_INJURED,PARTY_COUNT,PRIMARY_COLL_FACTOR,PCF_CODE_OF_VIOL,PCF_VIOL_CATEGORY,PCF_VIOLATION,PCF_VIOL_SUBSECTION,HIT_AND_RUN,TYPE_OF_COLLISION,MVIW,PED_ACTION,ROAD_SURFACE,ROAD_COND_1,ROAD_COND_2,LIGHTING,CONTROL_DEVICE,CHP_ROAD_TYPE,PEDESTRIAN_ACCIDENT,BICYCLE_ACCIDENT,MOTORCYCLE_ACCIDENT,TRUCK_ACCIDENT,NOT_PRIVATE_PROPERTY,ALCOHOL_INVOLVED,STWD_VEHTYPE_AT_FAULT,CHP_VEHTYPE_AT_FAULT,COUNT_SEVERE_INJ,COUNT_VISIBLE_INJ,COUNT_COMPLAINT_PAIN,COUNT_PED_KILLED,COUNT_PED_INJURED,COUNT_BICYCLIST_KILLED,COUNT_BICYCLIST_INJURED,COUNT_MC_KILLED,COUNT_MC_INJURED,PRIMARY_RAMP,SECONDARY_RAMP,LATITUDE,LONGITUDE,COUNTY,CITY,POINT_X,POINT_Y
82419793,2024,2024-06-21,4100,2024-05-25,1745,25136,,6,5,9,4100,0,0,0,,0,075,"N CABRILLO HWY","MIRADA RD",0.00,,Y,A,-,Y,,,,,,,,,,Y,1,1,1,2,A,-,09,21804,,N,D,C,A,A,H,-,A,D,0,,,Y,,Y,,A,01,0,1,0,0,0,0,0,1,0,"- ","- ",,,"SAN MATEO",UNINCORPORATED,-122.4542236328125,37.494361877441406
82423030,2024,2024-06-25,4117,2024-06-12,1620,12JP07,,3,5,5,4117,0,0,0,,0,001,"SAN MATEO AV","LOWRIE AV",638.00,S,-,A,-,N,,,,,,,,,,Y,2,0,1,2,A,-,07,21658,A,N,B,C,A,A,H,-,A,D,0,,,Y,,Y,,C,02,1,0,0,0,0,0,0,0,1,"- ","- ",37.642650604248047,-122.41117858886719,"SAN MATEO","SOUTH SAN FRANCISCO",-122.41159820556641,37.641033172607422
82439488,2024,2024-07-15,4109,2024-07-12,1846,145812,,5,5,4,4109,0,0,0,,0,002,"MARSH RD","SOUTHBOUND US HIGHWAY 101 OFF RAMP",0.00,,Y,A,-,N,,,,,,,,,,N,2,0,5,3,A,-,12,21453,,F,D,C,A,A,H,-,A,A,0,,,,,Y,,D,73,2,2,1,0,0,0,0,0,0,"- ","- ",37.482379913330078,-122.1829833984375,"SAN MATEO","MENLO PARK",,
8281661,2016,2017-03-06,4117,2016-12-11,0150,14JP02,17AX,7,5,5,4117,0,0,0,,0,003,"WESTBOROUGH BL","RT 82",20.00,W,N,A,-,Y,SM,4,82,-,-,20.650,I,5,S,Y,2,0,2,1,A,-,01,23152,A,N,E,I,A,A,H,-,C,A,0,,,,,Y,Y,A,01,1,1,0,0,0,0,0,0,0,"- ","- ",37.774929999999998,-122.41942,"SAN MATEO","SOUTH SAN FRANCISCO",-122.4343732,37.655144929999999
8286412,2017,2017-03-14,4106,2017-01-02,1728,1180,,1,5,6,4106,0,0,0,,0,004,"PARK PLAZA DR","SOUTHGATE AV",352.00,N,N,A,-,N,,,,,,,,,,Y,2,0,1,2,A,-,10,21950,A,N,G,B,C,A,H,-,C,D,0,Y,,,,Y,,A,01,1,0,0,0,1,0,0,0,0,"- ","- ",,,"SAN MATEO","DALY CITY",-122.48085825,37.699325170000002
8303689,2017,2017-08-04,4100,2017-01-27,1851,25168,MLB,5,5,3,4110,0,0,0,,0,062,"EL CAMINO REAL","LUDEMAN LN",0.00,,Y,A,-,Y,SM,4,82,-,-,16.910,I,5,N,N,2,0,1,2,A,-,10,21950,,N,G,B,B,A,H,-,C,D,0,Y,,,,Y,,A,01,1,0,0,0,1,0,0,0,0,"- ","- ",,,"SAN MATEO",MILLBRAE,-122.39969619,37.608548929999998
8312563,2016,2017-05-22,4110,2016-12-29,1448,19910,MLB,4,5,3,4110,0,0,0,,0,061,"EL CAMINO REAL","MILLBRAE AV",0.00,,Y,A,-,Y,SM,4,82,-,-,15.930,H,-,S,Y,2,0,1,1,A,-,"- ",,,N,E,I,A,A,H,-,A,A,0,,,,,Y,,A,01,1,0,0,0,0,0,0,0,0,"- ","- ",,,"SAN MATEO",MILLBRAE,-122.38724295999999,37.598309579999999
8326414,2016,2017-03-21,4117,2016-10-25,0948,01CG09,,2,5,5,4117,0,0,0,,0,002,"GRANADA DR","MIRA VISTA WY",85.00,W,N,B,-,N,,,,,,,,,,Y,2,0,2,2,A,-,21,22106,,N,H,C,A,B,H,-,A,D,0,,,,,Y,,A,01,1,0,1,0,0,0,0,0,0,"- ","- ",,,"SAN MATEO","SOUTH SAN FRANCISCO",-122.43913538,37.639534740000002
8327629,2017,2017-06-22,4113,2017-03-10,1939,380,5,5,5,5,4113,0,0,0,,0,005,"KENTFIELD AV","WOODSIDE RD",0.00,,Y,A,-,Y,SM,4,84,-,-,23.718,I,5,N,Y,2,0,1,2,A,-,12,21453,A,N,H,G,A,A,H,-,C,A,0,,Y,,,Y,Y,L,04,1,0,0,0,0,0,1,0,0,"- ","- ",37.462699999999998,-122.22499999999999,"SAN MATEO","REDWOOD CITY",-122.22507853,37.462678330000003
8334611,2017,2017-03-30,4117,2017-02-22,2056,15AC08,01AQ,3,5,5,4117,0,0,0,,0,001,"EAST GRAND AV","DUBUQUE AV",302.00,E,N,A,-,N,,,,,,,,,,Y,2,0,2,2,A,-,05,21651,B,N,A,C,A,A,H,-,C,D,0,,,,,Y,,A,01,1,1,0,0,0,0,0,0,0,"- ","- ",37.65551,-122.40479000000001,"SAN MATEO","SOUTH SAN FRANCISCO",-122.40528574,37.655767660000002
8334669,2017,2017-03-30,4117,2017-03-14,0556,15GR13,01AG,2,5,5,4117,0,0,0,,0,001,"EAST GRAND AV","ROEBLING RD",68.00,E,N,A,-,N,,,,,,,,,,Y,2,0,1,1,A,-,03,22350,,N,E,I,A,A,H,-,C,D,0,,,Y,,Y,,C,02,1,0,0,0,0,0,0,0,1,"- ","- ",37.654389999999999,-122.39776999999999,"SAN MATEO","SOUTH SAN FRANCISCO",-122.39749528999999,37.654481310000001
8334673,2017,2017-03-30,4117,2017-03-11,0026,16LT04,01AQ,6,5,5,4117,0,0,0,,0,001,"HARBOR WY","EAST GRAND AV",371.00,S,N,A,-,N,,,,,,,,,,Y,2,0,1,1,A,-,01,23152,A,N,H,A,A,A,H,-,C,D,0,,,Y,,Y,Y,C,02,1,0,0,0,0,0,0,0,1,"- ","- ",37.65372,-122.40076000000001,"SAN MATEO","SOUTH SAN FRANCISCO",-122.40014988,37.653395340000003
8335371,2017,2017-04-11,4113,2017-03-22,1223,351,8,3,5,5,4113,0,0,0,,0,008,"TWIN OAKS CT","EDEN BOWER LN",82.00,E,N,A,-,N,,,,,,,,,,N,2,0,1,1,C,-,18,,,N,H,I,A,A,H,-,A,D,0,,,,,Y,,-,"- ",1,0,0,0,0,0,0,0,0,"- ","- ",37.451259999999998,-122.2581,"SAN MATEO","REDWOOD CITY",-122.2580086,37.451465720000002
8350583,2017,2017-04-25,4100,2017-04-08,0104,14610,MILL,6,5,3,4110,0,0,0,,0,001,"EAST MILLBRAE AV","ROLLINS RD",0.00,,Y,B,-,N,,,,,,,,,,Y,2,0,1,2,A,-,00,21456,1,N,G,B,B,B,H,-,C,A,0,Y,,,,Y,Y,N,60,1,0,0,0,1,0,0,0,0,"- ","- ",,,"SAN MATEO",MILLBRAE,-122.38404991,37.600469949999997
8356694,2017,2017-05-19,4114,2017-04-29,1344,0043,SNB4,6,5,4,4114,0,0,0,,0,001,"HUNTINGTON AV","HERMAN ST",0.00,,Y,A,-,N,,,,,,,,,,Y,2,0,1,2,A,-,00,22459,A,F,G,B,B,A,H,-,A,A,0,Y,,,,Y,,D,22,1,0,0,0,1,0,0,0,0,"- ","- ",,,"SAN MATEO","SAN BRUNO",-122.41379988,37.633919949999999
8359092,2017,2017-05-08,4104,2017-04-20,0621,0230,6,4,5,4,4104,0,0,0,,0,00A,"ROLLINS RD","MORRELL AV",0.00,,Y,A,-,N,,,,,,,,,,Y,2,0,1,2,A,-,09,21802,A,N,D,C,A,A,H,-,C,A,0,,,Y,,Y,,A,08,1,0,0,0,0,0,0,0,1,"- ","- ",37.586930000000002,-122.3514,"SAN MATEO",BURLINGAME,-122.35137996,37.586919889999997
8377332,2017,2017-06-09,4117,2017-05-13,0923,15GR13,17BL,6,5,5,4117,0,0,0,,0,003,"JUNIPER SERRA BL","WESTBOROUGH BL",25.00,N,N,A,-,N,,,,,,,,,,Y,2,0,1,2,A,-,03,22350,,N,H,A,A,A,H,-,A,A,0,,,Y,,Y,,C,02,1,0,0,0,0,0,0,0,1,"- ","- ",37.646320000000003,-122.44891,"SAN MATEO","SOUTH SAN FRANCISCO",-122.44863850999999,37.646166829999999
8379930,2017,2018-03-08,4117,2017-06-22,2309,04CD02,17B1,4,5,5,4117,0,0,0,,0,002,"WEST ORANGE AV","RT 82",23.00,W,N,A,-,Y,SM,4,82,-,-,20.265,I,5,S,Y,2,0,1,2,A,-,10,21950,A,F,G,B,B,A,H,-,C,A,0,Y,,,,Y,,A,01,1,0,0,0,1,0,0,0,0,"- ","- ",37.650069999999999,-122.43065,"SAN MATEO","SOUTH SAN FRANCISCO",-122.43059679,37.65028762
8384163,2017,2017-06-26,4117,2017-05-29,1931,16AK08,15AH,1,5,5,4117,0,0,0,,0,002,"ROCKWOOD DR","MANOR DR",168.00,S,N,A,-,N,,,,,,,,,,N,2,0,2,2,A,-,01,23152,A,N,E,E,A,A,H,-,B,D,0,,,Y,,Y,Y,C,03,1,1,0,0,0,0,0,0,2,"- ","- ",37.64087,-122.42424,"SAN MATEO","SOUTH SAN FRANCISCO",-122.42435569,37.640623269999999
8391022,2017,2018-04-23,4109,2017-04-12,1438,145756,17,3,5,4,4109,0,0,0,,0,003,"RT 84","CHRYSLER DR",0.00,,Y,A,-,Y,SM,4,84,-,R,26.320,I,5,S,Y,2,0,2,2,A,-,12,21453,A,N,D,D,A,A,H,-,A,A,0,,,,,Y,,A,01,1,0,1,0,0,0,0,0,0,"- ","- ",37.452959999999997,-122.18172,"SAN MATEO","MENLO PARK",-122.17399313999999,37.485334940000001
8404382,2017,2017-07-28,4106,2017-06-18,1907,2092,14,7,5,6,4106,0,0,0,,0,006,"GELLERT BL","HICKEY BL",439.00,N,N,A,-,N,,,,,,,,,,Y,1,1,1,1,A,-,01,23153,A,N,A,J,A,A,H,-,A,D,0,,,,,Y,Y,A,01,0,1,0,0,0,0,0,0,0,"- ","- ",,,"SAN MATEO","DALY CITY",-122.46895101,37.665645130000001
8404435,2017,2019-04-09,4116,2017-03-09,2200,27308,34,4,5,5,4116,0,0,0,,0,00C,"EL CAMINO REAL","22ND AV",0.00,,Y,A,-,Y,SM,4,82,-,-,10.194,I,5,S,Y,1,1,0,2,A,-,10,21950,A,N,G,B,B,A,H,-,C,D,0,Y,,,,Y,Y,A,07,0,0,0,1,0,0,0,0,0,"- ","- ",37.546129999999998,-122.30798,"SAN MATEO","SAN MATEO",-122.30766127,37.546287640000003
8404614,2017,2018-06-05,4106,2017-07-01,0355,2035,5,6,5,6,4106,0,0,0,,0,003,"MISSION ST","SAN PEDRO RD",21.00,S,N,A,-,Y,SM,4,82,-,-,23.780,I,5,S,Y,1,1,0,6,A,-,01,23152,B,N,E,I,A,A,H,-,C,D,0,,,,,Y,Y,A,01,0,0,0,0,0,0,0,0,0,"- ","- ",,,"SAN MATEO","DALY CITY",-122.46598821000001,37.689549929999998
8404695,2017,2018-09-14,4116,2017-08-13,0734,26724,52,7,5,5,4116,0,0,0,,0,00D,"SHOREVIEW AV","NORFOLK ST",3.00,E,N,A,-,N,,,,,,,,,,N,1,1,0,2,A,-,10,21950,,N,G,B,B,A,H,-,A,A,0,Y,,,,Y,,A,01,0,0,0,1,0,0,0,0,0,"- ","- ",37.571730000000002,-122.30987,"SAN MATEO","SAN MATEO",-122.30979213000001,37.571755359999997
8404869,2018,2020-05-26,4117,2018-02-01,0618,05RR05,10AF,4,5,5,4117,0,0,0,,0,002,"RT 82","NOOR AV",32.00,N,N,B,-,Y,,,82,,,,,,,Y,1,1,0,2,A,-,11,21954,A,N,G,B,D,A,H,-,C,D,0,Y,,,,Y,Y,N,60,0,0,0,1,0,0,0,0,0,"- ","- ",37.640869140625,-122.42391204833984,"SAN MATEO","SOUTH SAN FRANCISCO",-122.42385101318359,37.640914916992188
8404932,2018,2018-07-18,4100,2018-04-02,0927,17980,22,1,5,4,4115,0,0,0,,0,005,"INDUSTRIAL RD","E SAN CARLOS AV",0.00,,Y,A,-,N,,,,,,,,,,N,1,1,0,2,A,-,06,21951,,N,G,B,C,A,D,-,A,D,0,Y,,,,Y,,A,01,0,0,0,1,0,0,0,0,0,"- ","- ",,,"SAN MATEO","SAN CARLOS",-122.25585174560547,37.510570526123047
8412937,2017,2017-09-01,4106,2017-07-20,1352,1222,,4,5,6,4106,0,0,0,,0,003,"JOHN DALY BL","SANTA BARBARA AV",0.00,,Y,A,-,N,,,,,,,,,,Y,2,0,2,2,A,-,12,22450,A,N,D,C,A,A,H,-,A,B,0,,,,,Y,,-,,1,0,1,0,0,0,0,0,0,"- ","- ",,,"SAN MATEO","DALY CITY",-122.46411987,37.705219990000003
8415926,2017,2017-12-06,4104,2017-10-18,0930,237,20,3,5,4,4104,0,0,0,,0,00C,BROADWAY,"ROLLINS RD",0.00,,Y,A,-,N,,,,,,,,,,N,2,0,1,2,A,-,12,21453,A,N,D,G,A,A,H,-,A,A,0,,Y,,,Y,,A,01,1,0,0,0,0,0,1,0,0,"- ","- ",,,"SAN MATEO",BURLINGAME,-122.36232986,37.588969910000003
8416423,2017,2017-08-03,4117,2017-07-16,1655,17BH03,17AO,7,5,5,4117,0,0,0,,0,003,"ARROYO DR","ALTA MESA DR",380.00,N,N,A,-,N,,,,,,,,,,N,2,0,2,3,A,-,10,21950,A,N,D,B,C,A,H,-,A,A,0,Y,,,,Y,,A,01,2,0,0,0,2,0,0,0,0,"- ","- ",37.653059999999996,-122.44148,"SAN MATEO","SOUTH SAN FRANCISCO",-122.44838271,37.648648139999999
8416431,2017,2017-08-03,4117,2017-07-13,1400,15PN05,11AL,4,5,5,4117,0,0,0,,0,004,"LARCH AV","ASH AV",0.00,,Y,A,-,N,,,,,,,,,,Y,2,0,1,3,A,-,08,22107,,M,B,C,A,A,H,-,A,A,0,,,,,Y,,A,01,1,0,0,0,0,0,0,0,0,"- ","- ",37.664230000000003,-122.41240999999999,"SAN MATEO","SOUTH SAN FRANCISCO",-122.41280998000001,37.664279950000001
8420336,2017,2017-08-09,4116,2017-01-17,2124,27914,32,2,5,5,4116,0,0,0,,0,00C,"EAST HILLSDALE BL","FRANKLIN PKWY",23.00,E,N,A,-,N,,,,,,,,,,Y,2,0,1,1,A,-,08,22107,,N,E,I,A,A,H,-,C,A,0,,,Y,,Y,,C,02,1,0,0,0,0,0,0,0,1,"- ","- ",37.562989999999999,-122.32552,"SAN MATEO","SAN MATEO",-122.28895068,37.543959170000001
8420394,2017,2017-08-11,4116,2017-05-08,1200,28071,14,1,5,5,4116,0,0,0,,0,00A,"N RAILROAD AV","NORTH CLAREMONT AV",240.00,W,N,A,-,N,,,,,,,,,,N,2,0,1,2,A,-,10,21950,A,F,G,B,B,A,H,-,A,D,0,Y,Y,,,Y,,L,04,1,0,0,0,1,0,0,0,0,"- ","- ",37.569989999999997,-122.3257,"SAN MATEO","SAN MATEO",,
8420398,2017,2017-08-11,4116,2017-05-08,1641,27308,38,1,5,5,4116,0,0,0,,0,00C,"SUNSET TER","SUNSET TER 2931",0.00,,Y,A,-,N,,,,,,,,,,N,2,0,1,1,A,-,03,22350,,N,E,J,A,A,H,-,A,A,0,,Y,,,Y,,L,04,1,0,0,0,0,0,1,0,0,"- ","- ",37.532249999999998,-122.31846,"SAN MATEO","SAN MATEO",-122.31872319999999,37.532218929999999
8421844,2017,2017-08-11,4116,2017-06-17,2101,27914,31,6,5,5,4116,0,0,0,,0,00C,"DELAWARE ST","DERBY ST",65.00,S,N,A,-,N,,,,,,,,,,N,2,0,1,2,A,-,01,23152,A,M,B,E,A,A,H,-,C,D,0,,,,,Y,Y,-,"- ",1,0,0,0,0,0,0,0,0,"- ","- ",37.541319999999999,-122.29886999999999,"SAN MATEO","SAN MATEO",-122.29941254000001,37.541983070000001
8425706,2017,2017-09-27,4100,2017-08-05,1005,18060,4100,6,5,2,4112,0,0,0,,0,031,"PORTOLA RD","FARM RD",238.00,N,N,A,-,N,,,,,,,,,,Y,2,0,5,6,A,-,09,21801,A,N,H,G,A,A,D,-,A,D,0,,Y,,,Y,,A,07,1,2,2,0,0,0,5,0,0,"- ","- ",,,"SAN MATEO","PORTOLA VALLEY",-122.22972982,37.382693979999999
8425942,2017,2017-08-16,4116,2017-07-18,0941,26724,35,2,5,5,4116,0,0,0,,0,00C,"HILLSDALE BL","ALAMEDA DE LAS PULGAS",275.00,E,N,A,-,N,,,,,,,,,,Y,2,0,1,1,A,-,08,22107,,N,E,I,A,A,H,-,A,D,0,,,,,Y,,A,01,1,0,0,0,0,0,0,0,0,"- ","- ",37.532620000000001,-122.30701000000001,"SAN MATEO","SAN MATEO",-122.30743576,37.532196859999999
84372168,2024,2024-08-27,4100,2024-06-21,1557,26112,,5,5,2,4118,0,0,0,,0,030,SR-84,"TRIPP RD",0.00,,Y,A,-,Y,,,,,,,,,,Y,2,0,1,2,A,-,05,21460,A,N,A,C,A,A,H,-,A,D,0,,,Y,,Y,,C,02,1,0,0,0,0,0,0,0,1,"- ","- ",,,"SAN MATEO",WOODSIDE,-122.26937103271484,37.420055389404297
84381646,2024,2024-09-04,4117,2024-08-26,"801 ",04JL03,,1,5,5,4117,0,0,0,,0,004,"CHESTNUT AV","GRAND AV",0.00,,Y,A,-,N,,,,,,,,,,N,2,0,1,2,A,-,12,21453,A,N,D,C,A,A,H,-,A,A,0,,,,,Y,,A,07,1,0,0,0,0,0,0,0,0,"- ","- ",37.659618377685547,-122.43016815185547,"SAN MATEO","SOUTH SAN FRANCISCO",-122.43013763427734,37.659599304199219
84383083,2024,2024-09-05,4117,2024-08-12,2144,18CM04,,1,5,5,4117,0,0,0,,0,002,"WESTBOROUGH BL","SKYLINE BL",356.00,W,-,A,-,N,,,,,,,,,,Y,2,0,1,1,A,-,08,22107,,N,E,I,A,A,H,-,C,D,0,,,Y,,Y,,C,02,1,0,0,0,0,0,0,0,1,"- ","- ",37.638950347900391,-122.46404266357422,"SAN MATEO","SOUTH SAN FRANCISCO",-122.46411895751953,37.638919830322266
84388734,2024,2024-09-10,4117,2024-08-28,1338,18JY16,,3,5,5,4117,0,0,0,,0,003,"WESTBOROUGH BL","JUNIPERO SERRA BL",397.00,W,-,A,-,Y,,,,,,,,,,Y,2,0,1,1,A,-,03,22350,,N,E,I,A,A,H,-,A,D,0,,,Y,,Y,,C,03,1,0,0,0,0,0,0,0,1,"- ","- ",37.6461181640625,-122.44857788085938,"SAN MATEO","SOUTH SAN FRANCISCO",-122.44954681396484,37.645332336425781
84415416,2024,2024-10-01,0400,2024-09-10,2041,0274,,2,5,4,4104,0,0,0,,0,00B,BROADWAY,"CALIFORNIA DR",0.00,,Y,A,-,N,,,,,,,,,,N,2,0,1,2,A,-,05,21460,A,N,B,C,A,A,H,-,C,A,0,,,Y,,Y,,A,01,1,0,0,0,0,0,0,0,1,"- ","- ",37.587490081787109,-122.36406707763672,"SAN MATEO",BURLINGAME,-122.36349487304688,37.587574005126953
84435692,2024,2024-10-17,4114,2024-09-18,1432,0941,,3,5,4,4114,0,0,0,,0,003,"OAKMONT DR","BERKSHIRE DR",77.00,S,-,A,-,Y,,,,,,,,,,N,2,0,2,2,A,-,08,22107,,N,A,E,A,A,H,-,A,D,0,,,Y,,Y,,C,02,1,1,0,0,0,0,0,0,2,"- ","- ",,,"SAN MATEO","SAN BRUNO",-122.45119476318359,37.634723663330078
84463832,2024,2024-11-08,4116,2024-10-29,1555,28444,,2,5,5,4116,0,0,0,,0,00C,"28TH AV","SUNSET TER",0.00,,Y,E,F,N,,,,,,,,,,Y,2,0,1,2,A,-,03,22350,,N,G,B,B,A,H,-,B,D,0,Y,,,,Y,,A,01,1,0,0,0,1,0,0,0,0,"- ","- ",37.534580230712891,-122.32018280029297,"SAN MATEO","SAN MATEO",-122.32018280029297,37.534580230712891
84470289,2024,2024-11-15,4100,2024-10-04,1647,25244,,5,5,3,4110,0,0,0,,0,062,"LUDEMAN LN","SEVILLE CT",39.00,W,-,A,-,N,,,,,,,,,,N,2,0,1,2,A,-,08,22107,,N,C,C,A,A,H,-,A,A,0,,,Y,,Y,,O,05,1,0,0,0,0,0,0,0,1,"- ","- ",,,"SAN MATEO",MILLBRAE,-122.40358734130859,37.606513977050781
84485946,2024,2024-11-27,4100,2024-10-13,1208,26053,,7,5,4,4115,0,0,0,,0,051,"LAUREL ST","HOWARD ST",0.00,,Y,A,-,N,,,,,,,,,,N,2,0,1,2,A,-,17,22517,,N,B,E,A,A,H,-,A,A,0,,Y,,,Y,,A,01,1,0,0,0,0,0,1,0,0,"- ","- ",,,"SAN MATEO","SAN CARLOS",-122.25112915039062,37.498104095458984
84486100,2024,2024-11-27,4117,2024-10-31,1719,12JP07,,4,5,5,4117,0,0,0,,0,001,"SOUTH AIRPORT BL","GATEWAY BL",0.00,,Y,A,-,N,,,,,,,,,,N,2,0,1,2,A,-,10,21950,A,N,G,B,B,A,H,-,A,A,0,Y,,,,Y,,A,01,1,0,0,0,1,0,0,0,0,"- ","- ",37.649608612060547,-122.40558624267578,"SAN MATEO","SOUTH SAN FRANCISCO",-122.40547180175781,37.649635314941406
84486856,2024,2024-11-28,4100,2024-11-14,1335,26056,,4,5,2,4118,0,0,0,,0,030,"LA HONDA RD","MARTINEZ RD",0.00,,Y,B,-,Y,,,,,,,,,,Y,2,0,1,1,A,-,03,22350,,N,E,I,A,B,H,-,A,D,0,,,Y,,Y,,C,02,1,0,0,0,0,0,0,0,1,"- ","- ",,,"SAN MATEO",WOODSIDE,-122.26132202148438,37.385154724121094
84498236,2024,2024-12-13,4109,2024-11-15,"507 ",145746,,5,5,4,4109,0,0,0,,0,001,"RT 82","ROBLE AV S C/L",176.00,S,-,A,-,Y,,,,,,,,,,N,2,0,1,2,A,-,11,21955,,N,G,B,D,A,H,-,C,A,0,Y,,,,Y,,N,60,1,0,0,0,1,0,0,0,0,"- ","- ",37.450359344482422,-122.17913818359375,"SAN MATEO","MENLO PARK",-122.17930603027344,37.451629638671875
8450694,2017,2018-05-24,4117,2017-09-10,0217,16CG03,10AE,7,5,5,4117,0,0,0,,0,002,"EL CAMINO REAL HWY","SOUTH SPRUCE AV",480.00,S,N,A,-,Y,SM,4,82,-,-,19.570,H,-,N,N,2,0,1,2,A,-,01,23152,A,F,G,B,D,A,H,-,C,A,0,Y,,,,Y,Y,A,01,1,0,0,0,1,0,0,0,0,"- ","- ",37.641649999999998,-122.42417,"SAN MATEO","SOUTH SAN FRANCISCO",-122.42429067,37.641539710000004
84508400,2024,2024-12-18,4117,2024-11-27,"932 ",04JL03,,3,5,5,4117,0,0,0,,0,003,"MCLELLAN DR","MISSION RD",384.00,W,-,B,-,N,,,,,,,,,,N,2,0,1,2,A,-,11,21950,B,N,G,B,B,A,H,-,A,A,0,Y,,,,Y,,N,60,1,0,0,0,1,0,0,0,0,"- ","- ",37.665550231933594,-122.44467163085938,"SAN MATEO","SOUTH SAN FRANCISCO",-122.44559478759766,37.664775848388672
84510018,2024,2024-12-19,4116,2024-11-27,1821,27730,,3,5,5,4116,0,0,0,,0,00C,"SOUTH EL CAMINO REAL","31ST AV",415.00,S,-,A,-,Y,SM,,82," "," ",9.394,H,,L,Y,1,1,0,2,A,-,11,21954,A,N,G,B,D,A,H,-,C,D,0,Y,,,,Y,,N,60,0,0,0,1,0,0,0,0,0,"- ","- ",37.537460327148438,-122.29827117919922,"SAN MATEO","SAN MATEO",-122.29817199707031,37.537525177001953
84518893,2024,2024-12-30,4114,2024-11-17,1312,1310,,7,5,4,4114,0,0,0,,0,002,"JENEVEIN AV","REDWOOD AV",0.00,,Y,A,-,N,,,,,,,,,,Y,2,0,1,1,C,-,18,,,N,E,J,A,A,H,-,A,D,0,,,,,Y,,-,"- ",1,0,0,0,0,0,0,0,0,"- ","- ",,,"SAN MATEO","SAN BRUNO",-122.42241668701172,37.618549346923828
8452275,2017,2018-05-09,4113,2017-07-14,1223,351,5,5,5,5,4113,0,0,0,,0,005,"WOODSIDE RD","POPLAR AV",78.00,S,N,A,-,Y,SM,4,84,-,-,24.598,R,2,S,N,2,0,1,1,A,-,03,22350,,N,E,J,A,A,H,-,A,D,0,,,Y,,Y,,C,02,1,0,0,0,0,0,0,0,1,"- ","- ",37.476680000000002,-122.22319,"SAN MATEO","REDWOOD CITY",-122.22211093999999,37.474967829999997
84539144,2024,2025-01-15,4117,2024-12-12,"625 ",05JA03,,4,5,5,4117,0,0,0,,0,002,"RT 82","COUNTRY CLUB DR",0.00,,Y,B,-,N,,,,,,,,,,N,2,0,1,2,-,-,"- ",,,N,G,B,B,B,H,-,A,A,0,Y,,,,Y,,-,"- ",1,0,0,0,1,0,0,0,0,"- ","- ",37.6551513671875,-122.43448638916016,"SAN MATEO","SOUTH SAN FRANCISCO",-122.42763519287109,37.645927429199219
8456628,2017,2017-10-16,4113,2017-09-07,1927,453,1,4,5,5,4113,0,0,0,,0,001,"REDWOOD SHORES PKWY","TWIN DOLPHIN DR",51.00,E,N,A,-,N,,,,,,,,,,Y,2,0,1,2,A,-,08,22107,,N,D,C,A,A,H,-,A,A,0,,,Y,,Y,,A,01,1,0,0,0,0,0,0,0,1,"- ","- ",37.51979,-122.25124,"SAN MATEO","REDWOOD CITY",-122.25251833,37.518996119999997
8458852,2017,2017-10-12,4117,2017-09-26,1957,16VN02,11AL,2,5,5,4117,0,0,0,,0,004,"HEMLOCK AV","FRANKLIN AV",722.00,E,N,A,-,N,,,,,,,,,,N,2,0,1,2,A,-,01,23152,A,M,A,E,A,A,H,-,C,D,0,,,,,Y,Y,A,01,1,0,0,0,0,0,0,0,0,"- ","- ",37.656669999999998,-122.41216,"SAN MATEO","SOUTH SAN FRANCISCO",-122.41158895,37.66433061
84601737,2025,2025-03-18,4100,2025-02-14,1206,18230,,5,5,4,4115,0,0,0,,0,051,"EL CAMINO REAL","OLIVE ST",97.00,N,-,A,-,Y,,,,,,,,,,Y,2,0,1,2,A,-,08,22107,,N,D,C,A,A,H,-,A,D,0,,,Y,,Y,,A,01,1,0,0,0,0,0,0,0,1,"- ","- ",,,"SAN MATEO","SAN CARLOS",-122.25721740722656,37.504623413085938
84601741,2025,2025-03-18,4117,2025-02-23,1627,23AG06,,7,5,5,4117,0,0,0,,0,001,"LOWRIE AV","SAN MATEO AV",920.00,N,-,A,-,N,,,,,,,,,,N,2,0,3,2,A,-,03,22350,,N,A,E,A,A,H,-,A,D,0,,,,,Y,,A,01,2,1,0,0,0,0,0,0,0,"- ","- ",37.642650604248047,-122.41117858886719,"SAN MATEO","SOUTH SAN FRANCISCO",-122.4112548828125,37.644992828369141
84605377,2025,2025-03-18,0400,2025-02-27,1447,0260,,4,5,4,4104,0,0,0,,0,00A,"SR-82 (EL CAMINO REAL)","CHAPIN AVENUE",0.00,,Y,A,-,Y,,,,,,,,,,Y,2,0,2,2,A,-,09,21801,A,N,D,C,A,A,H,-,A,A,0,,,Y,,Y,,A,01,1,1,0,0,0,0,0,0,1,"- ","- ",37.576938629150391,-122.35059356689453,"SAN MATEO",BURLINGAME,-122.351318359375,37.576736450195312