CASE_ID,ACCIDENT_YEAR,PROC_DATE,JURIS,COLLISION_DATE,COLLISION_TIME,OFFICER_ID,REPORTING_DISTRICT,DAY_OF_WEEK,CHP_SHIFT,POPULATION,CNTY_CITY_LOC,SPECIAL_COND,BEAT_TYPE,CHP_BEAT_TYPE,CITY_DIVISION_LAPD,CHP_BEAT_CLASS,BEAT_NUMBER,PRIMARY_RD,SECONDARY_RD,DISTANCE,DIRECTION,INTERSECTION,WEATHER_1,WEATHER_2,STATE_HWY_IND,CALTRANS_COUNTY,CALTRANS_DISTRICT,STATE_ROUTE,ROUTE_SUFFIX,POSTMILE_PREFIX,POSTMILE,LOCATION_TYPE,RAMP_INTERSECTION,SIDE_OF_HWY,TOW_AWAY,COLLISION_SEVERITY,NUMBER_KILLED,NUMBER_INJURED,PARTY_COUNT,PRIMARY_COLL_FACTOR,PCF_CODE_OF_VIOL,PCF_VIOL_CATEGORY,PCF_VIOLATION,PCF_VIOL_SUBSECTION,HIT_AND_RUN,TYPE_OF_COLLISION,MVIW,PED_ACTION,ROAD_SURFACE,ROAD_COND_1,ROAD_COND_2,LIGHTING,CONTROL_DEVICE,CHP_ROAD_TYPE,PEDESTRIAN_ACCIDENT,BICYCLE_ACCIDENT,MOTORCYCLE_ACCIDENT,TRUCK_ACCIDENT,NOT_PRIVATE_PROPERTY,ALCOHOL_INVOLVED,STWD_VEHTYPE_AT_FAULT,CHP_VEHTYPE_AT_FAULT,COUNT_SEVERE_INJ,COUNT_VISIBLE_INJ,COUNT_COMPLAINT_PAIN,COUNT_PED_KILLED,COUNT_PED_INJURED,COUNT_BICYCLIST_KILLED,COUNT_BICYCLIST_INJURED,COUNT_MC_KILLED,COUNT_MC_INJURED,PRIMARY_RAMP,SECONDARY_RAMP,LATITUDE,LONGITUDE,COUNTY,CITY,POINT_X,POINT_Y
8462061,2017,2017-10-12,4117,2017-09-11,2204,16LT04,17BE,1,5,5,4117,0,0,0,,0,002,"WESTBOROUGH BL","WEST ORANGE AV",0.00,,Y,A,-,N,,,,,,,,,,Y,2,0,2,2,A,-,12,21457,A,N,A,C,A,B,H,-,C,A,0,,,,,Y,,A,01,1,0,1,0,0,0,0,0,0,"- ","- ",37.654240000000001,-122.43591000000001,"SAN MATEO","SOUTH SAN FRANCISCO",-122.43607987,37.654219990000001
8462077,2017,2017-10-26,4117,2017-09-26,1958,16VN02,08AB,2,5,5,4117,0,0,0,,0,004,"MILLER AV","LINDEN AV",121.00,W,N,A,-,N,,,,,,,,,,N,2,0,1,3,A,-,01,23152,A,M,A,E,A,A,H,-,C,D,0,,,,,Y,Y,A,01,1,0,0,0,0,0,0,0,0,"- ","- ",37.656669999999998,-122.41216,"SAN MATEO","SOUTH SAN FRANCISCO",-122.41019183,37.656241850000001
8462447,2017,2017-10-09,4100,2017-08-10,1454,12460,SNC,4,5,4,4115,0,0,0,,0,052,"INDUSTRIAL RD","AMERICAN ST",298.00,S,N,A,-,N,,,,,,,,,,N,2,0,1,2,A,-,08,22107,,N,D,G,A,A,H,-,A,A,0,,Y,,,Y,,L,04,1,0,0,0,0,0,1,0,0,"- ","- ",,,"SAN MATEO","SAN CARLOS",-122.24398539000001,37.500173220000001
84629474,2025,2025-03-27,4114,2025-02-25,2211,1323,,2,5,4,4114,0,0,0,,0,002,"140 EL CAMINO REAL","SAN LUIS AV",0.00,,Y,A,-,N,,,,,,,,,,N,2,0,1,2,A,-,01,23152,A,N,C,E,A,A,H,-,C,D,0,,,Y,,Y,Y,C,03,1,0,0,0,0,0,0,0,1,"- ","- ",,,"SAN MATEO","SAN BRUNO",-122.40800476074219,37.617031097412109
8463969,2017,2017-11-06,4103,2017-09-29,1549,G0350,1,5,5,2,4103,0,0,0,,0,00U,"BAYSHORE BL","VWR RD",550.00,S,N,A,-,N,,,,,,,,,,N,2,0,1,2,A,-,03,22350,,N,D,C,A,A,D,H,A,D,0,,,Y,,Y,,C,02,1,0,0,0,0,0,0,0,1,"- ","- ",,,"SAN MATEO",BRISBANE,-122.39410042999999,37.679305939999999
8465386,2018,2018-09-14,4100,2018-02-08,1835,25173,,4,5,4,4115,0,0,0,,0,052,"OLD COUNTY RD","HARBOR BL",460.00,S,N,A,-,N,,,,,,,,,,N,1,1,0,2,A,-,11,21950,B,N,G,B,D,A,H,-,C,D,0,Y,,,,Y,,N,60,0,0,0,1,0,0,0,0,0,"- ","- ",,,"SAN MATEO","SAN CARLOS",-122.2701416015625,37.516796112060547
8465543,2018,2019-01-15,4100,2018-09-09,1846,18860,30,7,5,2,4118,0,0,0,,0,030,"RT 84","GRANDVIEW DR",528.00,E,N,A,-,Y,SM,4,84,-,-,15.600,H,-,N,Y,1,1,0,2,A,-,03,22350,,N,A,C,A,A,H,-,A,D,0,,,Y,,Y,,C,03,0,0,0,0,0,0,0,1,0,"- ","- ",,,"SAN MATEO",WOODSIDE,-122.26251983642578,37.389991760253906
8465825,2019,2019-05-29,4109,2019-01-04,1536,145932,,5,5,4,4109,0,0,0,,0,001,"EL CAMINO REAL","MIDDLE AV",0.00,,Y,A,-,N,,,82,,,,,,,Y,1,1,0,2,A,-,12,21453,A,N,D,C,A,A,H,-,A,A,0,,,,Y,Y,,A,01,0,0,0,0,0,0,0,0,0,"- ","- ",37.450508117675781,-122.17711639404297,"SAN MATEO","MENLO PARK",-122.17716217041016,37.450443267822266
8465826,2019,2019-05-29,4116,2019-04-20,1452,27914,35,6,5,5,4116,0,0,0,,0,00C,"WEST HILLSDALE BL","W SAILOR DR",0.00,,Y,A,-,N,,,,,,,,,,N,1,1,0,2,A,-,10,21950,A,N,G,B,B,A,H,-,A,A,0,Y,,,,Y,,A,01,0,0,0,1,0,0,0,0,0,"- ","- ",37.538379669189453,-122.30059814453125,"SAN MATEO","SAN MATEO",-122.29940032958984,37.535648345947266
8465913,2019,2019-07-11,4102,2019-05-03,0655,69800,3DT,5,5,4,4102,0,0,0,,0,003,"EL CAMINO REAL","5TH AV",0.00,,Y,A,-,Y,SM,4,82,-,-,7.054,I,5,S,Y,1,1,0,2,A,-,10,21950,A,N,G,B,D,A,H,-,B,D,0,Y,,,,Y,,A,08,0,0,0,1,0,0,0,0,0,"- ","- ",37.513580322265625,-122.26817321777344,"SAN MATEO",BELMONT,-122.26817321777344,37.51361083984375
8465970,2019,2019-07-31,4116,2019-07-01,1531,4329,SFPD,1,5,5,4116,0,0,0,,0,005,"INTERNATIONAL ARRIVALS","DOORS 2 AND 3",0.00,,N,A,-,N,,,,,,,,,,Y,1,1,2,8,A,-,21,22106,,N,G,B,E,A,H,-,A,D,0,Y,,,,Y,,A,07,2,0,0,1,2,0,0,0,0,"- ","- ",,,"SAN MATEO","SAN MATEO",,
84662519,2025,2025-04-24,0400,2025-04-08,2019,0279,,2,5,4,4104,0,0,0,,0,00B,"EL CAMINO REAL","MILLS AV",0.00,,Y,A,-,Y,SM,,82," "," ",14.893,H,,R,N,2,0,1,2,A,-,09,21801,A,N,H,G,A,A,H,-,C,A,0,,Y,,,Y,,A,01,1,0,0,0,0,0,1,0,0,"- ","- ",37.588340759277344,-122.37330627441406,"SAN MATEO",BURLINGAME,-122.37332153320312,37.588329315185547
84663379,2025,2025-04-25,4100,2025-03-05,1630,26135,,3,5,2,4112,0,0,0,,0,031,"ALPINE RD","GOLDEN OAK DR",0.00,,Y,A,-,N,,,,,,,,,,N,2,0,1,2,A,-,09,21802,,N,D,C,A,A,H,-,A,D,0,,Y,,,Y,,A,01,1,0,0,0,0,0,1,0,0,"- ","- ",,,"SAN MATEO","PORTOLA VALLEY",-122.19943237304688,37.377262115478516
84678870,2025,2025-05-07,4114,2025-03-31,1557,0941,,1,5,4,4114,0,0,0,,0,001,"EL CAMINO REAL","COMMODORE DR",0.00,,Y,B,C,Y,,,,,,,,,,Y,1,1,1,2,A,-,09,21453,C,N,D,C,A,B,H,-,A,A,0,,,,,Y,,A,01,0,1,0,0,0,0,0,0,0,"- ","- ",,,"SAN MATEO","SAN BRUNO",-122.42047882080078,37.635200500488281
84686024,2025,2025-05-13,4117,2025-05-10,2343,18LO10,,6,5,5,4117,0,0,0,,0,003,"FORESTVIEW DR","CRESTWOOD DR",244.00,W,-,A,-,N,,,,,,,,,,N,2,0,1,2,A,-,03,22350,,F,G,B,E,A,H,-,C,D,0,Y,,,,Y,,A,01,1,0,0,0,1,0,0,0,0,"- ","- ",37.666370391845703,-122.43247222900391,"SAN MATEO","SOUTH SAN FRANCISCO",-122.43259429931641,37.667015075683594
8469993,2017,2017-10-23,4104,2017-10-04,1859,0169,22,3,5,4,4104,0,0,0,,0,00C,"AIRPORT RD","BAYVIEW PL",403.00,N,N,A,-,N,,,,,,,,,,N,2,0,1,2,A,-,09,21804,A,N,D,G,A,A,H,-,C,D,0,,Y,,,Y,,A,01,1,0,0,0,0,0,1,0,0,"- ","- ",,,"SAN MATEO",BURLINGAME,-122.33937321000001,37.590980850000001
84712614,2025,2025-06-04,4114,2025-06-01,2009,0941,,7,5,4,4114,0,0,0,,0,002,"497 SAN MATEO AV",-,0.00,,Y,A,-,N,,,,,,,,,,N,2,0,1,1,A,-,08,22107,,F,H,A,A,A,H,-,A,D,0,,,,,Y,,A,01,1,0,0,0,0,0,0,0,0,"- ","- ",,,"SAN MATEO","SAN BRUNO",,
84730901,2025,2025-06-18,4117,2025-06-03,"805 ",12JP07,,2,5,5,4117,0,0,0,,0,001,"MYRTLE AV","WEST ORANGE AV",28.00,E,-,A,-,N,,,,,,,,,,N,2,0,1,3,A,-,05,21651,A,N,H,G,A,A,H,-,A,D,0,,,Y,,Y,,O,05,1,0,0,0,0,0,0,0,1,"- ","- ",37.652530670166016,-122.42648315429688,"SAN MATEO","SOUTH SAN FRANCISCO",-122.4263916015625,37.652473449707031
84746650,2025,2025-07-07,4117,2025-06-16,"828 ",12JP07,,1,5,5,4117,0,0,0,,0,004,"AIRPORT BL","LUX AV",0.00,,Y,A,-,N,,,,,,,,,,N,2,0,2,2,A,-,09,21802,A,N,D,C,A,A,H,-,A,A,0,,,,,Y,,A,01,1,0,1,0,0,0,0,0,0,"- ","- ",37.656528472900391,-122.40682220458984,"SAN MATEO","SOUTH SAN FRANCISCO",-122.40692901611328,37.656532287597656
84749886,2025,2025-07-07,4114,2025-01-17,2123,0058,,5,5,4,4114,0,0,0,,0,002,"EL CAMINO REAL","SAN MATEO AV",0.00,,Y,A,-,Y,SM,,82," "," ",17.991,H,,R,N,2,0,1,1,A,-,08,22107,,N,E,J,A,A,H,-,C,D,0,,,Y,,Y,Y,C,03,1,0,0,0,0,0,0,0,1,"- ","- ",37.621059417724609,-122.41134643554688,"SAN MATEO","SAN BRUNO",-122.41122436523438,37.621116638183594
84753807,2025,2025-07-08,0400,2025-06-12,"230 ",0262,,4,5,4,4104,0,0,0,,0,00C,"BROADWAY OVERPASS","US-101 SB ON-RAMP",0.00,,Y,A,-,N,,,,,,,,,,N,2,0,2,2,A,-,03,22350,,N,C,C,A,A,H,-,C,A,0,,,Y,,Y,,C,02,1,1,0,0,0,0,0,0,2,"- ","- ",37.577869415283203,-122.34809112548828,"SAN MATEO",BURLINGAME,-122.36160278320312,37.590183258056641
8475711,2017,2017-12-05,4117,2017-11-06,0735,05RR05,08AB,1,5,5,4117,0,0,0,,0,004,"PINE AV","MAPLE AV",0.00,,Y,A,-,N,,,,,,,,,,N,2,0,2,3,A,-,10,21950,A,N,G,B,B,A,H,-,A,D,0,Y,,,,Y,,A,01,1,1,0,0,2,0,0,0,0,"- ","- ",37.65954,-122.41113,"SAN MATEO","SOUTH SAN FRANCISCO",-122.41111995,37.659519930000002
84757352,2025,2025-07-10,4117,2025-06-17,1819,22BD02,,2,5,5,4117,0,0,0,,0,001,"AIRPORT BL","GRAND AV",0.00,,Y,A,-,Y,,,,,,,,,,N,2,0,1,2,A,-,11,21456,A,N,G,B,B,A,H,-,A,A,0,Y,,Y,,Y,Y,N,60,1,0,0,0,1,0,0,0,0,"- ","- ",37.654651641845703,-122.40789794921875,"SAN MATEO","SOUTH SAN FRANCISCO",-122.40786743164062,37.654666900634766
84757518,2025,2025-07-11,4100,2025-06-28,1437,89434,,6,5,4,4115,0,0,0,,0,053,"BRITTAN AV","LESLIE DR",0.00,,Y,A,-,N,,,,,,,,,,N,2,0,1,1,A,-,21,22106,,N,E,I,A,A,H,-,A,D,0,,,,,Y,,A,01,1,0,0,0,0,0,0,0,0,"- ","- ",,,"SAN MATEO","SAN CARLOS",-122.28894805908203,37.484172821044922
84770914,2024,2025-07-21,4100,2024-11-16,1014,19690,,6,5,4,4115,0,0,0,,0,052,"HOLLY ST","HIGHWAY US 101",0.00,,Y,A,-,N,,,,,,,,,,Y,1,1,0,2,A,-,03,22350,,N,H,G,A,A,H,-,A,D,0,,Y,,,Y,,A,01,0,0,0,0,0,1,0,0,0,"- ","- ",,,"SAN MATEO","SAN CARLOS",-122.25608825683594,37.513996124267578
84774818,2025,2025-07-23,4116,2025-02-08,2500,28071,,6,5,5,4116,0,0,0,,0,00D,"FASHION ISLAND BOULEVARD","SOUTH NORFOLK STREET",755.00,E,-,A,-,N,,,,,,,,,,N,1,1,0,2,D,-,00,,,F,G,B,E,A,H,-,D,D,0,Y,,,,Y,Y,-,"- ",0,0,0,1,0,0,0,0,0,"- ","- ",37.554241180419922,-122.29173278808594,"SAN MATEO","SAN MATEO",-122.28968811035156,37.555549621582031
8477573,2017,2018-05-24,4106,2017-09-08,2350,2136,,5,5,6,4106,0,0,0,,0,004,"JOHN DALY BL","RT 35",0.00,,Y,E,-,Y,SM,4,35,-,-,30.834,I,5,S,Y,2,0,5,2,A,-,09,21800,A,N,B,C,A,B,H,-,D,A,0,,,,,Y,,A,01,1,0,4,0,0,0,0,0,0,"- ","- ",,,"SAN MATEO","DALY CITY",-122.49521568,37.698851089999998
8477589,2017,2017-11-08,4106,2017-09-19,0841,1180,,2,5,6,4106,0,0,0,,0,005,"SOUTHGATE AV","CERRO DR",0.00,,Y,A,-,N,,,,,,,,,,N,2,0,2,3,A,-,10,21950,A,N,G,B,B,A,H,-,A,D,0,Y,,,,Y,,A,01,2,0,0,0,2,0,0,0,0,"- ","- ",,,"SAN MATEO","DALY CITY",-122.47557992,37.67561997
8490206,2017,2017-12-05,4103,2017-10-24,1624,GU350,1,2,5,2,4103,0,0,0,,0,00U,"VALLEY DR","N HILL DR",0.00,,Y,A,-,N,,,,,,,,,,Y,2,0,2,2,A,-,09,21801,A,N,D,C,A,A,A,H,-,A,0,,,Y,,Y,,A,01,2,0,0,0,0,0,0,0,1,"- ","- ",37.688490000000002,-122.41298999999999,"SAN MATEO",BRISBANE,-122.41110992,37.688279989999998
8493289,2017,2018-06-19,4114,2017-10-16,1143,0825,SNB4,1,5,4,4114,0,0,0,,0,001,"EL CAMINO REAL","SNEATH LN",285.00,S,N,A,-,Y,SM,4,82,-,-,19.170,H,-,N,Y,2,0,3,2,A,-,04,21703,,N,C,C,A,A,H,-,A,D,0,,,,,Y,,A,08,2,1,0,0,0,0,0,0,0,"- ","- ",,,"SAN MATEO","SAN BRUNO",-122.4210228,37.636255560000002
8493309,2017,2018-07-16,4100,2017-10-19,0737,25094,HMB,4,5,3,4107,0,0,0,,0,075,"S CABRILLO HWY","REDONDO BEACH RD",0.00,,Y,B,-,Y,SM,4,1,-,-,27.121,I,5,N,Y,2,0,2,2,A,-,03,22350,,N,C,C,A,B,H,-,A,D,0,,,,,Y,,A,01,1,1,0,0,0,0,0,0,0,"- ","- ",,,"SAN MATEO","HALF MOON BAY",-122.42795074,37.44136228
8499007,2017,2017-12-11,4114,2017-11-09,1933,0825,SNB1,4,5,4,4114,0,0,0,,0,001,"EAST SAN BRUNO AV","7TH AV",55.00,W,N,A,-,N,,,,,,,,,,Y,2,0,1,2,A,-,07,21658,A,F,F,C,A,A,H,-,C,D,0,,,,,Y,,A,07,1,0,0,0,0,0,0,0,0,"- ","- ",,,"SAN MATEO","SAN BRUNO",-122.40565999,37.63091
8500088,2017,2017-12-01,4106,2017-10-15,1444,1094,,7,5,6,4106,0,0,0,,0,003,"JUNIPERO SERRA BL","JOHN DALY BL",568.00,S,N,A,-,N,,,,,,,,,,Y,2,0,1,3,A,-,03,22350,,N,C,C,A,A,H,-,A,A,0,,,,,Y,,A,01,1,0,0,0,0,0,0,0,0,"- ","- ",,,"SAN MATEO","DALY CITY",-122.47090908,37.703423630000003
8500121,2017,2017-12-06,4106,2017-09-15,1629,2137,2,5,5,6,4106,0,0,0,,0,002,"CHESTER ST","LISBON ST",0.00,,Y,A,-,N,,,,,,,,,,Y,2,0,2,2,A,-,12,22450,A,N,A,C,A,A,H,-,A,D,0,,,,,Y,,E,22,1,1,0,0,0,0,0,0,0,"- ","- ",,,"SAN MATEO","DALY CITY",-122.45820995,37.68794991
8502308,2017,2018-01-19,4116,2017-11-13,1144,27872,14,1,5,5,4116,0,0,0,,0,00A,ELLSWORTH,POPLAR,0.00,,Y,A,-,N,,,,,,,,,,N,2,0,1,2,A,-,10,21950,A,F,G,B,B,A,H,-,A,A,0,Y,,,,Y,,D,22,1,0,0,0,1,0,0,0,0,"- ","- ",37.57291,-122.33087999999999,"SAN MATEO","SAN MATEO",-122.3312699,37.572939920000003
8504017,2017,2018-07-06,4114,2017-11-13,2146,0825,SNB32,1,5,4,4114,0,0,0,,0,003,"RT 35","SNEATH LN",2112.00,N,N,B,C,Y,SM,4,35,-,-,25.250,H,-,N,Y,2,0,1,1,A,-,03,22350,,N,E,J,A,B,H,-,D,D,0,,,,,Y,,A,01,1,0,0,0,0,0,0,0,0,"- ","- ",,,"SAN MATEO","SAN BRUNO",-122.45152155,37.629043940000003
8504724,2017,2018-06-19,4114,2017-12-29,1547,0825,SVB5,5,5,4,4114,0,0,0,,0,001,"EL CAMINO REAL","RT 380",0.00,,Y,A,-,Y,SM,4,380,-,-,5.628,R,4,W,Y,2,0,1,2,A,-,12,21453,A,N,D,C,A,A,H,-,A,A,0,,,,,Y,,A,01,1,0,0,0,0,0,0,0,0,"- ",WF,,,"SAN MATEO","SAN BRUNO",-122.41651475,37.634118379999997
8506905,2017,2017-12-07,4109,2017-10-11,1618,145601,,3,5,4,4109,0,0,0,,0,001,"SANTA CRUZ","CRANE ST",37.00,E,N,A,-,N,,,,,,,,,,N,2,0,4,5,A,-,05,21650,A,N,B,C,A,A,H,-,A,D,0,,,,,Y,,A,01,1,0,3,0,0,0,0,0,0,"- ","- ",37.452240000000003,-122.18411,"SAN MATEO","MENLO PARK",-122.18516194999999,37.450915960000003
8508691,2017,2017-12-16,4127,2017-11-25,1059,2228,,6,5,4,4127,0,0,0,,0,002,"CLARKE AV","BUCHANAN CT",31.00,E,N,A,-,N,,,,,,,,,,Y,2,0,1,2,A,-,09,21804,A,F,D,G,A,A,H,-,A,D,0,,Y,,,Y,,L,04,1,0,0,0,0,0,1,0,0,"- ","- ",,,"SAN MATEO","EAST PALO ALTO",-122.13487000000001,37.469290000000001
8511483,2017,2018-01-04,4109,2017-11-14,1449,145601,25A,2,5,4,4109,0,0,0,,0,001,"GLENWOOD AV","EL CAMINO REAL",9.00,W,N,A,-,N,,,,,,,,,,N,2,0,2,2,A,-,17,23114,A,N,H,A,A,D,D,-,A,D,0,,Y,,,Y,,I,11,1,0,1,0,0,0,1,0,0,"- ","- ",37.455820000000003,-122.18763,"SAN MATEO","MENLO PARK",-122.1875,37.455869999999997
8513409,2017,2018-02-20,4117,2017-12-03,1856,17RA05,13AF,7,5,5,4117,0,0,0,,0,001,"ORANGE AV","BADEN AV",0.00,,Y,A,-,N,,,,,,,,,,N,2,0,1,2,A,-,10,21950,A,N,G,B,B,A,H,-,C,D,0,Y,,,,Y,Y,D,72,1,0,0,0,1,0,0,0,0,"- ","- ",37.656979999999997,-122.42314,"SAN MATEO","SOUTH SAN FRANCISCO",-122.42341992,37.65706994
8513421,2017,2018-02-20,4113,2017-12-05,1900,458,5,2,5,5,4113,0,0,0,,0,005,"KENTFIELD AV","KENTFIELD AV 1811",0.00,,-,A,-,N,,,,,,,,,,Y,2,0,1,1,A,-,01,23152,A,N,A,I,A,A,H,-,C,D,0,,,,,Y,Y,A,01,1,0,0,0,0,0,0,0,0,"- ","- ",37.46264,-122.22423999999999,"SAN MATEO","REDWOOD CITY",-122.22434163,37.462428539999998
8514785,2017,2018-07-06,4113,2017-10-31,2131,417,5,2,5,5,4113,0,0,0,,0,005,"EL CAMINO REAL","CENTER ST",12.00,N,N,A,-,Y,SM,4,82,-,-,16.844,I,5,N,N,2,0,1,2,A,-,12,21453,A,F,B,C,A,A,H,-,C,A,0,,,Y,,Y,,C,02,1,0,0,0,0,0,0,0,1,"- ","- ",37.475650000000002,-122.21735,"SAN MATEO","REDWOOD CITY",-122.39894519000001,37.60779093
8515420,2017,2017-12-27,4103,2017-11-23,1648,FL300,1,4,5,2,4103,0,0,0,,0,00U,"TUNNEL AV","TUNNEL AV 501",0.00,,N,A,-,N,,,,,,,,,,Y,2,0,1,1,A,-,"- ",,,N,E,I,A,A,H,-,A,D,0,,,,,Y,,-,,1,0,0,0,0,0,0,0,0,"- ","- ",37.70814,-122.40102,"SAN MATEO",BRISBANE,-122.40122436999999,37.707555280000001
8518274,2017,2017-12-19,4114,2017-11-15,1847,1028,SNB1,3,5,4,4114,0,0,0,,0,001,"MONTGOMERY AV","HERMOSA AV",65.00,N,N,B,-,N,,,,,,,,,,Y,2,0,1,2,A,-,11,21950,B,N,G,B,D,A,H,-,D,D,0,Y,,,,Y,,A,01,1,0,0,0,1,0,0,0,0,"- ","- ",,,"SAN MATEO","SAN BRUNO",-122.41230468000001,37.634718530000001
8518282,2017,2017-12-19,4114,2017-11-23,2229,0825,SNB5,4,5,4,4114,0,0,0,,0,001,"SAN BRUNO AV","GREEN AV",96.00,E,N,A,-,N,,,,,,,,,,N,2,0,1,2,A,-,11,21954,A,N,G,B,D,A,H,-,C,D,0,Y,,,,Y,Y,N,60,1,0,0,0,1,0,0,0,0,"- ","- ",,,"SAN MATEO","SAN BRUNO",-122.41487076,37.629483559999997
8519994,2017,2018-01-08,4102,2017-12-08,0921,65000,1,5,5,4,4102,0,0,0,,0,001,"RALSTON AV","ELMER ST",0.00,,Y,A,-,N,,,,,,,,,,N,2,0,1,2,A,-,09,21801,A,N,D,C,A,A,H,-,A,D,0,,,Y,,Y,,A,01,1,0,0,0,0,0,0,0,1,"- ","- ",37.521790000000003,-122.27428,"SAN MATEO",BELMONT,-122.27429986,37.521819970000003
8523435,2017,2018-01-09,4106,2017-10-08,1804,1094,,7,5,6,4106,0,0,0,,0,002,"EAST MARKET ST","FLORENCE ST",16.00,E,N,A,-,N,,,,,,,,,,N,2,0,1,2,A,-,11,21954,A,N,G,B,D,A,H,-,A,D,0,Y,,,,Y,,N,60,1,0,0,0,1,0,0,0,0,"- ","- ",,,"SAN MATEO","DALY CITY",-122.45799169,37.691371410000002
8532202,2017,2018-01-20,4116,2017-12-13,1126,27872,13,3,5,5,4116,0,0,0,,0,0DT,"4TH AV","EL CAMINO REAL",232.00,E,N,A,-,N,,,,,,,,,,Y,2,0,2,3,A,-,21,22106,,N,B,C,A,A,H,-,A,D,0,,,,,Y,,A,01,1,1,0,0,0,0,0,0,0,"- ","- ",37.562710000000003,-122.32416000000001,"SAN MATEO","SAN MATEO",-122.32516,37.562269999999998
8532678,2017,2018-01-29,4106,2017-12-30,1751,2035,,6,5,6,4106,0,0,0,,0,006,"CALLAN BL","SERRAMONTE BL",0.00,,Y,A,-,N,,,,,,,,,,Y,2,0,5,3,A,-,01,23153,A,N,D,C,A,A,H,-,D,A,0,,,,,Y,Y,D,72,1,3,1,0,0,0,0,0,0,"- ","- ",,,"SAN MATEO","DALY CITY",-122.47546987,37.669399970000001
8532740,2017,2018-01-26,4108,2017-11-13,0735,1654,3,1,5,3,4108,0,0,0,,0,S-S,"BRIDGE RD","STONEHEDGE RD",0.00,,Y,A,-,N,,,,,,,,,,N,2,0,1,2,A,-,03,22350,,N,A,C,A,B,H,-,A,A,0,,,,,Y,,A,01,1,0,0,0,0,0,0,0,0,"- ","- ",37.561549999999997,-122.33624,"SAN MATEO",HILLSBOROUGH,-122.33615998000001,37.561489899999998
8537121,2018,2018-07-24,4117,2018-01-14,0125,15NM20,06AJ,7,5,5,4117,0,0,0,,0,004,"AIRPORT BL","RT 101",0.00,,Y,B,-,Y,SM,4,101,-,-,21.496,R,4,N,Y,2,0,1,1,A,-,01,23152,A,N,E,I,A,A,H,-,E,A,0,,,Y,,Y,Y,C,02,1,0,0,0,0,0,0,0,1,"- ","- ",,,"SAN MATEO","SOUTH SAN FRANCISCO",-122.40634155273438,37.647014617919922
8540039,2017,2018-01-29,4106,2017-11-08,0615,2035,,3,5,6,4106,0,0,0,,0,002,"SAN JOSE AV","WILSON ST",8.00,N,N,A,-,N,,,,,,,,,,N,2,0,1,2,A,-,10,21950,A,N,G,B,B,A,H,-,C,D,0,Y,,,,Y,,D,22,1,0,0,0,1,0,0,0,0,"- ","- ",,,"SAN MATEO","DALY CITY",-122.45941154,37.707926370000003
8551145,2018,2018-02-13,4116,2018-01-23,1636,28071,23A,2,5,5,4116,0,0,0,,0,0DT,"EAST 5TH AV","SAN MATEO DR",278.00,S,N,A,-,N,,,,,,,,,,N,2,0,1,2,A,-,10,21950,A,N,G,B,C,A,H,-,A,A,0,Y,,,,Y,,A,01,1,0,0,0,1,0,0,0,0,"- ","- ",,,"SAN MATEO","SAN MATEO",-122.32338714599609,37.562385559082031
8569302,2017,2018-03-19,4106,2017-08-29,1836,1180,,2,5,6,4106,0,0,0,,0,003,"JUNIPERO SERRA BL","CITRUS AV",0.00,,Y,A,-,N,,,,,,,,,,N,2,0,1,1,A,-,03,22350,,N,E,I,A,A,H,-,A,D,0,,,Y,,Y,,C,03,1,0,0,0,0,0,0,0,1,"- ","- ",,,"SAN MATEO","DALY CITY",-122.47073989,37.697609890000003
8571444,2018,2018-03-14,4117,2018-02-17,0609,06KW06,19AW,6,5,5,4117,0,0,0,,0,002,"WESTBOROUGH BL","GELLERT BL",74.00,W,N,A,-,N,,,,,,,,,,Y,2,0,3,2,A,-,01,23152,A,N,A,C,A,A,H,-,C,A,0,,,,,Y,Y,A,01,1,1,1,0,0,0,0,0,0,"- ","- ",37.643470764160156,-122.45287322998047,"SAN MATEO","SOUTH SAN FRANCISCO",-122.45322418212891,37.643325805664062
8582484,2018,2018-03-23,4114,2018-02-22,1713,0825,SNB1,4,5,4,4114,0,0,0,,0,001,"SAN BRUNO AV EAST","3RD AV",0.00,,Y,A,-,N,,,,,,,,,,N,2,0,1,2,A,-,10,21950,A,N,G,B,B,A,H,-,A,A,0,Y,,,,Y,,A,01,1,0,0,0,1,0,0,0,0,"- ","- ",,,"SAN MATEO","SAN BRUNO",-122.40943908691406,37.630859375
8586409,2018,2018-04-18,4113,2018-03-22,1030,309,3,4,5,5,4113,0,0,0,,0,003,"MAPLE ST","MARSHALL ST",0.00,,Y,B,C,N,,,,,,,,,,N,2,0,1,2,A,-,10,21950,A,N,G,B,B,B,H,-,A,A,0,Y,,,,Y,,A,01,1,0,0,0,1,0,0,0,0,"- ","- ",37.487949371337891,-122.222900390625,"SAN MATEO","REDWOOD CITY",-122.22303771972656,37.487571716308594
8587407,2018,2018-05-16,4116,2018-04-06,2150,27805,11,5,5,5,4116,0,0,0,,0,00A,"PENINSULA AV","N DELAWARE ST",0.00,,Y,C,-,N,,,,,,,,,,Y,2,0,4,2,A,-,12,21453,A,N,D,C,A,B,H,-,C,A,0,,,,,Y,,A,01,1,0,3,0,0,0,0,0,0,"- ","- ",37.579978942871094,-122.33406829833984,"SAN MATEO","SAN MATEO",-122.33455657958984,37.580398559570312
8589490,2018,2018-04-05,4113,2018-03-10,2120,449,7,6,5,5,4113,0,0,0,,0,007,"BREWSTER ST","BREWSTER ST 1613",0.00,,Y,A,-,N,,,,,,,,,,Y,2,0,1,1,A,-,01,23152,A,M,E,I,A,A,H,-,C,D,0,,,,,Y,Y,A,07,1,0,0,0,0,0,0,0,0,"- ","- ",37.483478546142578,-122.24854278564453,"SAN MATEO","REDWOOD CITY",-122.24099815,37.483216140000003