CASE_ID,ACCIDENT_YEAR,PROC_DATE,JURIS,COLLISION_DATE,COLLISION_TIME,OFFICER_ID,REPORTING_DISTRICT,DAY_OF_WEEK,CHP_SHIFT,POPULATION,CNTY_CITY_LOC,SPECIAL_COND,BEAT_TYPE,CHP_BEAT_TYPE,CITY_DIVISION_LAPD,CHP_BEAT_CLASS,BEAT_NUMBER,PRIMARY_RD,SECONDARY_RD,DISTANCE,DIRECTION,INTERSECTION,WEATHER_1,WEATHER_2,STATE_HWY_IND,CALTRANS_COUNTY,CALTRANS_DISTRICT,STATE_ROUTE,ROUTE_SUFFIX,POSTMILE_PREFIX,POSTMILE,LOCATION_TYPE,RAMP_INTERSECTION,SIDE_OF_HWY,TOW_AWAY,COLLISION_SEVERITY,NUMBER_KILLED,NUMBER_INJURED,PARTY_COUNT,PRIMARY_COLL_FACTOR,PCF_CODE_OF_VIOL,PCF_VIOL_CATEGORY,PCF_VIOLATION,PCF_VIOL_SUBSECTION,HIT_AND_RUN,TYPE_OF_COLLISION,MVIW,PED_ACTION,ROAD_SURFACE,ROAD_COND_1,ROAD_COND_2,LIGHTING,CONTROL_DEVICE,CHP_ROAD_TYPE,PEDESTRIAN_ACCIDENT,BICYCLE_ACCIDENT,MOTORCYCLE_ACCIDENT,TRUCK_ACCIDENT,NOT_PRIVATE_PROPERTY,ALCOHOL_INVOLVED,STWD_VEHTYPE_AT_FAULT,CHP_VEHTYPE_AT_FAULT,COUNT_SEVERE_INJ,COUNT_VISIBLE_INJ,COUNT_COMPLAINT_PAIN,COUNT_PED_KILLED,COUNT_PED_INJURED,COUNT_BICYCLIST_KILLED,COUNT_BICYCLIST_INJURED,COUNT_MC_KILLED,COUNT_MC_INJURED,PRIMARY_RAMP,SECONDARY_RAMP,LATITUDE,LONGITUDE,COUNTY,CITY,POINT_X,POINT_Y
8595706,2018,2018-04-19,4109,2018-02-15,1700,145676,,4,5,4,4109,0,0,0,,0,003,"BAYFRONT EXPWY","CHILCO ST",0.00,,Y,A,-,N,,,,,,,,,,N,2,0,1,2,A,-,12,21453,,N,H,G,A,A,H,-,A,A,0,,Y,,,Y,,L,04,1,0,0,0,0,0,1,0,0,"- ","- ",37.479850769042969,-122.16417694091797,"SAN MATEO","MENLO PARK",-122.16716766357422,37.483139038085938
8596413,2018,2018-08-23,4100,2018-04-02,1558,25057,HMB,1,5,3,4107,0,0,0,,0,075,"RT 92","SAN MATEO RD",54.00,W,N,A,-,Y,SM,4,92,-,-,0.660,H,-,E,N,2,0,2,2,A,-,01,23152,A,N,A,C,A,A,H,-,A,D,0,,,,,Y,Y,A,07,2,0,0,0,0,0,0,0,0,"- ","- ",,,"SAN MATEO","HALF MOON BAY",-122.42247772216797,37.470405578613281
8597644,2018,2018-04-24,4127,2018-03-06,1800,2243,4127,2,5,4,4127,0,0,0,,0,003,"UNIVERSITY AV","DONOHOE ST",3.00,E,N,A,-,N,,,,,,,,,,N,2,0,1,2,A,-,10,21950,A,F,H,G,A,A,H,-,C,A,0,,Y,,,Y,,A,01,1,0,0,0,0,0,1,0,0,"- ","- ",,,"SAN MATEO","EAST PALO ALTO",-122.14186859130859,37.462669372558594
8601228,2018,2018-08-23,4100,2018-04-22,0849,15320,5A,7,5,3,4107,0,0,0,,0,007,"S CABRILLO HWY","KELLY AV",0.00,,Y,A,-,Y,SM,4,1,-,-,28.750,I,5,N,N,2,0,1,2,A,-,17,21100,3,N,H,G,A,A,G,-,A,A,0,,Y,,,Y,,D,22,1,0,0,0,0,0,1,0,0,"- ","- ",,,"SAN MATEO","HALF MOON BAY",-122.43413543701172,37.464115142822266
8604135,2018,2018-08-23,4102,2018-04-11,1616,65000,1,3,5,4,4102,0,0,0,,0,001,"EL CAMINO REAL","MIDDLE RD",870.00,N,N,A,-,Y,SM,4,82,-,-,9.020,H,-,S,N,2,0,1,2,A,-,17,22517,,N,H,G,A,A,D,-,A,D,0,,Y,,,Y,,A,01,1,0,0,0,0,0,1,0,0,"- ","- ",37.522209167480469,-122.27805328369141,"SAN MATEO",BELMONT,-122.29351043701172,37.533576965332031
8607065,2018,2018-07-30,4104,2018-04-27,1613,0216,21,5,5,4,4104,0,0,0,,0,00C,"BAYSHORE HWY","HINCKLEY RD",0.00,,Y,B,-,N,,,,,,,,,,Y,2,0,1,2,A,-,09,21802,A,N,H,A,A,A,H,-,A,A,0,,,Y,,Y,,E,22,1,0,0,0,0,0,0,0,1,"- ","- ",37.599151611328125,-122.36824035644531,"SAN MATEO",BURLINGAME,-122.36739349365234,37.599288940429688
8608248,2018,2018-04-27,4104,2018-04-02,1113,0227,22,1,5,4,4104,0,0,0,,0,00C,BROADWAY,"OLD BAYSHORE BL",0.00,,Y,A,-,N,,,,,,,,,,Y,2,0,3,2,A,-,08,22101,D,N,A,C,A,A,H,-,A,A,0,,,,,Y,,A,01,1,2,0,0,0,0,0,0,0,"- ","- ",37.577869415283203,-122.34809112548828,"SAN MATEO",BURLINGAME,-122.36270904541016,37.592151641845703
8618679,2018,2018-08-02,4114,2018-03-01,1055,0825,SNB32,4,5,4,4114,0,0,0,,0,003,"SKYLINE BL","SNEATH LN",1056.00,S,N,C,-,Y,SM,4,35,-,-,25.050,H,-,N,Y,2,0,1,1,A,-,03,22350,,N,F,I,A,B,H,-,A,D,0,,,,,Y,,A,01,1,0,0,0,0,0,0,0,0,"- ","- ",,,"SAN MATEO","SAN BRUNO",-122.44919586181641,37.626800537109375
8618683,2018,2018-08-23,4116,2018-04-19,2016,27928,34,4,5,5,4116,0,0,0,,0,00C,"RT 82","RT 92",0.00,,Y,A,-,Y,SM,4,92,-,R,11.174,R,4,E,Y,2,0,1,2,A,-,03,22350,,N,C,C,A,A,H,-,C,A,0,,,,,Y,,A,01,1,0,0,0,0,0,0,0,0,"- ",EO,37.56298828125,-122.32553100585938,"SAN MATEO","SAN MATEO",-122.31247711181641,37.549953460693359
8626153,2018,2018-08-23,4114,2018-05-24,1140,0825,SNB10,4,5,4,4114,0,0,0,,0,001,"SNEATH LN","RT 280",0.00,,Y,B,-,Y,SM,4,280,-,R,21.245,R,4,N,Y,2,0,1,2,A,-,12,21453,A,N,D,C,A,A,H,-,A,A,0,,,,,Y,,-,"- ",1,0,0,0,0,0,0,0,0,"- ",NO,,,"SAN MATEO","SAN BRUNO",-122.43402862548828,37.629840850830078
8629616,2018,2018-08-08,4106,2018-03-30,1955,2035,4,5,5,6,4106,0,0,0,,0,003,"JOHN DALY BL","JUNIPERO SERRA BL",0.00,,Y,A,-,Y,SM,4,1,-,R,48.554,R,4,N,Y,2,0,3,2,A,-,07,21658,A,N,D,C,A,A,H,-,C,A,0,,,,,Y,,A,01,1,2,0,0,0,0,0,0,0,"- ","- ",,,"SAN MATEO","DALY CITY",-122.47104644775391,37.708209991455078
8629635,2018,2018-08-23,4100,2018-05-06,1533,25836,1G,7,5,2,4118,0,0,0,,0,003,"RT 84","FOX HILL RD",0.00,,-,A,-,Y,SM,4,84,-,-,17.110,H,-,N,Y,2,0,1,2,A,-,05,21650,,N,B,C,A,A,H,-,A,D,0,,,Y,,Y,,C,02,1,0,0,0,0,0,0,0,1,"- ","- ",,,"SAN MATEO",WOODSIDE,-122.25592041015625,37.399139404296875
8630423,2018,2018-06-04,4116,2018-04-29,1738,27866,24,7,5,5,4116,0,0,0,,0,00A,"9TH AV","PALM AV",8.00,W,N,A,-,N,,,,,,,,,,N,2,0,2,3,A,-,10,21950,A,N,G,B,B,A,H,-,A,A,0,Y,,,,Y,,A,01,1,1,0,0,2,0,0,0,0,"- ","- ",37.560268402099609,-122.32015991210938,"SAN MATEO","SAN MATEO",-122.32015228271484,37.560268402099609
8632196,2017,2018-06-27,4106,2017-09-22,2251,2092,8,5,5,6,4106,0,0,0,,0,00R,"JOHN DALY BL","RT 280",0.00,,Y,A,-,Y,SM,4,280,-,M,27.052,R,4,S,Y,2,0,1,2,A,-,12,21453,A,N,D,C,A,A,H,-,C,A,0,,,Y,,Y,,C,02,1,0,0,0,0,0,0,0,1,"- ","- ",,,"SAN MATEO","DALY CITY",-122.47210019000001,37.703330999999999
8633072,2018,2018-06-14,4109,2018-04-26,1411,13938,,4,5,4,4109,0,0,0,,0,001,"SANTA CRUZ AV","JUNIPERO SERRA BL",210.00,N,N,A,-,N,,,,,,,,,,N,2,0,1,1,A,-,08,22107,,N,F,A,A,A,H,-,-,D,0,,,Y,,Y,,C,02,1,0,0,0,0,0,0,0,1,"- ","- ",37.424491882324219,-122.19174194335938,"SAN MATEO","MENLO PARK",-122.19171142578125,37.425060272216797
8648116,2018,2020-05-21,4105,2018-06-29,1309,C16,CL01,5,5,1,4105,0,0,0,,0,CL01,"HILLSIDE BL","LAWNDALE BL",0.00,,Y,A,-,N,,,,,,,,,,Y,1,1,0,1,A,-,03,22350,,N,E,I,A,A,H,-,A,A,0,,,Y,,Y,,C,02,0,0,0,0,0,0,0,1,0,"- ","- ",37.671901702880859,-122.43643951416016,"SAN MATEO",COLMA,-122.43644714355469,37.671821594238281
8648524,2018,2019-01-18,4116,2018-10-30,1135,25586,53,2,5,5,4116,0,0,0,,0,00D,"S NORFOLK ST","FASHION ISLAND BL",0.00,,Y,A,-,N,,,,,,,,,,Y,1,1,0,2,A,-,10,21950,A,N,D,G,A,A,H,-,A,A,0,,Y,,,Y,,A,01,0,0,0,0,0,1,0,0,0,"- ","- ",37.554241180419922,-122.29173278808594,"SAN MATEO","SAN MATEO",-122.29170227050781,37.554229736328125
8648659,2019,2019-03-05,4114,2019-01-09,0606,0038,SNB8,3,5,4,4114,0,0,0,,0,002,"EL CAMINO REAL","SANTA LUCIA AV",5.00,S,N,C,-,Y,SM,4,82,-,-,17.529,I,5,S,N,1,1,0,2,A,-,10,21950,A,N,G,B,B,B,H,-,C,D,0,Y,,,,Y,,I,11,0,0,0,1,0,0,0,0,0,"- ","- ",,,"SAN MATEO","SAN BRUNO",-122.40664672851562,37.615547180175781
8648753,2018,2018-08-23,4100,2018-05-30,0948,1939,HMB,3,5,3,4107,0,0,0,,0,075,"N CABRILLO HWY 2930","TELEPHONE POLE #110293593",65.00,N,N,A,-,Y,SM,4,1,-,-,31.060,H,-,N,N,2,0,1,3,A,-,04,21703,,N,C,C,A,A,H,-,A,D,0,,,,,Y,,D,22,1,0,0,0,0,0,0,0,0,"- ","- ",,,"SAN MATEO","HALF MOON BAY",-122.45277404785156,37.492713928222656
8648795,2018,2018-08-21,4100,2018-05-19,1254,25836,1F,6,5,2,4118,0,0,0,,0,003,"RT 84",MARTINEZ,0.00,,Y,A,-,Y,SM,4,84,-,-,15.131,I,5,N,Y,2,0,1,1,A,-,03,22350,,N,E,I,A,A,H,-,A,D,0,,,Y,,Y,,C,02,1,0,0,0,0,0,0,0,1,"- ","- ",,,"SAN MATEO",WOODSIDE,-122.26132202148438,37.3851318359375
8652207,2018,2018-08-28,4104,2018-06-23,1415,228,1,6,5,4,4104,0,0,0,,0,00A,"EL CAMINO REAL","HOWARD AV",0.00,,Y,A,-,Y,SM,4,82,-,-,13.234,I,5,S,N,2,0,2,2,A,-,09,21801,A,N,A,C,A,A,H,-,A,A,0,,,,,Y,,A,01,1,1,0,0,0,0,0,0,0,"- ","- ",37.575790405273438,-122.34773254394531,"SAN MATEO",BURLINGAME,-122.34778594970703,37.575798034667969
8652519,2018,2018-10-29,4109,2018-06-30,1518,145880,26,6,5,4,4109,0,0,0,,0,001,"RT 82","MIDDLE AV",0.00,,Y,A,-,Y,SM,4,82,-,-,0.386,I,5,N,N,2,0,1,2,A,-,10,21950,A,N,G,B,B,A,H,-,A,A,0,Y,,,,Y,,A,07,1,0,0,0,1,0,0,0,0,"- ","- ",37.450508117675781,-122.17713165283203,"SAN MATEO","MENLO PARK",-122.17719268798828,37.450462341308594
8669750,2018,2018-08-08,4113,2018-06-21,1228,391,11,4,5,5,4113,0,0,0,,0,2/3,"FRANKLIN ST","MAPLE ST",144.00,S,N,A,-,N,,,,,,,,,,Y,2,0,1,2,A,-,01,23152,A,M,A,E,A,A,H,-,A,D,0,,,,,Y,Y,A,01,1,0,0,0,0,0,0,0,0,"- ","- ",37.484760284423828,-122.22810363769531,"SAN MATEO","REDWOOD CITY",-122.22644805908203,37.481731414794922
8672061,2018,2018-08-24,4117,2018-07-28,2054,15NM20,24AA,6,5,5,4117,0,0,0,,0,004,"COMMERCIAL AV","CHESTNUT AV",500.00,E,N,B,-,N,,,,,,,,,,N,2,0,1,2,A,-,01,23153,A,F,G,B,F,A,H,-,B,D,0,Y,,,,Y,Y,A,07,1,0,0,0,1,0,0,0,0,"- ","- ",37.657539367675781,-122.42893981933594,"SAN MATEO","SOUTH SAN FRANCISCO",-122.42917633056641,37.657279968261719
8680440,2018,2018-08-28,4100,2018-07-02,1753,20004,SNC,1,5,4,4115,0,0,0,,0,051,"ALAMEDA DE LAS PULGAS","HOWARD AV",0.00,,Y,A,-,N,,,,,,,,,,N,2,0,1,2,A,-,08,22107,,N,H,G,A,A,H,-,A,D,0,,Y,,,Y,Y,A,01,1,0,0,0,0,0,1,0,0,"- ","- ",,,"SAN MATEO","SAN CARLOS",-122.26319885253906,37.489151000976562
8680452,2018,2018-09-11,4100,2018-07-22,1340,25154,4100,7,5,2,4112,0,0,0,,0,031,"WESTRIDGE DR","ALAMOS DR",907.00,E,N,A,-,N,,,,,,,,,,N,2,0,1,1,A,-,"- ",,,N,F,A,A,A,H,-,A,D,0,,Y,,,Y,,L,04,1,0,0,0,0,0,1,0,0,"- ","- ",,,"SAN MATEO","PORTOLA VALLEY",-122.19358062744141,37.39154052734375
8680475,2018,2018-08-15,4106,2018-06-28,2134,2057,,4,5,6,4106,0,0,0,,0,002,"PRICE ST","2ND AV",14.00,E,N,A,-,N,,,,,,,,,,N,2,0,1,2,A,-,01,23152,A,M,A,C,A,A,H,-,C,D,0,,,,,Y,Y,A,01,1,0,0,0,0,0,0,0,0,"- ","- ",,,"SAN MATEO","DALY CITY",-122.46343994140625,37.692962646484375
8682549,2018,2018-10-09,4103,2018-08-01,2211,QU400,1,3,5,2,4103,0,0,0,,0,00U,"BAYSHORE BL","BAYSHORE BL 3745",338.00,S,N,A,-,N,,,,,,,,,,N,2,0,1,2,A,-,11,21954,A,F,G,B,D,A,H,-,C,D,0,Y,,,,Y,Y,N,60,1,0,0,0,1,0,0,0,0,"- ","- ",37.679920196533203,-122.39475250244141,"SAN MATEO",BRISBANE,-122.39429473876953,37.679985046386719
8691954,2018,2018-09-20,4116,2018-08-18,1322,28075,14,6,5,5,4116,0,0,0,,0,00A,"N EL CAMINO REAL","W SANTA INEZ AV",0.00,,Y,A,-,N,,,,,,,,,,Y,2,0,2,3,A,-,08,22107,,N,A,C,A,A,H,-,A,D,0,,,,,Y,,A,07,1,1,0,0,0,0,0,0,0,"- ","- ",37.569129943847656,-122.33364105224609,"SAN MATEO","SAN MATEO",-122.33419036865234,37.569389343261719
8693328,2018,2018-09-26,4114,2018-07-09,1511,0825,SNB37,1,5,4,4114,0,0,0,,0,003,"SUSAN DR","FASMAN DR",108.00,S,N,A,-,N,,,,,,,,,,N,2,0,1,1,A,-,03,22350,,N,F,G,A,A,H,-,A,D,0,,Y,,,Y,,L,04,1,0,0,0,0,0,1,0,0,"- ","- ",,,"SAN MATEO","SAN BRUNO",-122.45690155029297,37.633510589599609
8695758,2018,2018-09-27,4106,2018-07-18,1545,2148,,3,5,6,4106,0,0,0,,0,003,"89TH ST","SULLIVAN AV",0.00,,Y,A,-,N,,,,,,,,,,N,2,0,1,2,B,-,22,,,F,G,B,E,A,H,-,A,D,0,Y,,,,Y,,A,01,1,0,0,0,1,0,0,0,0,"- ","- ",,,"SAN MATEO","DALY CITY",-122.47222137451172,37.691818237304688
8696114,2018,2018-10-23,4113,2018-08-05,0214,449,5,7,5,5,4113,0,0,0,,0,005,"EL CAMINO REAL","REDWOOD AV",0.00,,Y,A,-,Y,SM,4,82,-,-,3.450,H,-,S,Y,2,0,1,1,A,-,01,23152,A,N,E,I,A,A,H,-,C,D,0,,,,,Y,Y,A,01,1,0,0,0,0,0,0,0,0,"- ","- ",37.45294189453125,-122.22978210449219,"SAN MATEO","REDWOOD CITY",-122.22202301025391,37.476615905761719
8696473,2018,2018-09-25,4116,2018-06-23,0000,27771,13,6,5,5,4116,0,0,0,,0,0DT,"S ELLSWORTH AV","2ND AV",5.00,N,N,A,-,N,,,,,,,,,,N,2,0,1,2,A,-,10,21950,A,F,G,B,B,A,H,-,A,A,0,Y,,,,Y,,-,99,1,0,0,0,1,0,0,0,0,"- ","- ",37.565761566162109,-122.32399749755859,"SAN MATEO","SAN MATEO",-122.32402038574219,37.565738677978516
8696784,2018,2018-09-26,4116,2018-08-21,2051,26199,11,2,5,5,4116,0,0,0,,0,00A,"PENINSULA AV","STANLEY RD",0.00,,Y,A,-,N,,,,,,,,,,Y,2,0,1,2,A,-,10,21950,,N,G,B,B,A,H,-,E,D,0,Y,,,,Y,,A,01,1,0,0,0,1,0,0,0,0,"- ","- ",37.579978942871094,-122.33406829833984,"SAN MATEO","SAN MATEO",-122.33380889892578,37.580921173095703
8704662,2018,2018-10-12,4114,2018-09-17,2008,0825,SNB1,1,5,4,4114,0,0,0,,0,001,"SAN BRUNO AV E","SAN MATEO AV",0.00,,Y,A,-,N,,,,,,,,,,Y,2,0,1,2,A,-,01,23153,A,N,A,C,A,A,H,-,C,A,0,,,,,Y,Y,A,01,1,0,0,0,0,0,0,0,0,"- ","- ",,,"SAN MATEO","SAN BRUNO",-122.41139984130859,37.630809783935547
8707131,2018,2018-10-10,4104,2018-08-21,1747,0230,21,2,5,4,4104,0,0,0,,0,00C,"BAYSHORE HWY","MITTEN RD",10.00,N,N,A,-,N,,,,,,,,,,N,2,0,2,3,A,-,10,21950,A,N,G,B,B,A,H,-,A,A,0,Y,,,,Y,,-,,1,1,0,0,2,0,0,0,0,"- ","- ",37.602630615234375,-122.37229919433594,"SAN MATEO",BURLINGAME,-122.37232208251953,37.602664947509766
8715186,2018,2018-11-05,4113,2018-09-16,1503,383,5,7,5,5,4113,0,0,0,,0,005,"HEMLOCK AV","LINDEN ST",0.00,,Y,A,-,N,,,,,,,,,,N,2,0,1,2,A,-,09,21802,A,N,D,C,A,A,H,-,A,A,0,,,,,Y,,A,01,1,0,0,0,0,0,0,0,0,"- ","- ",37.474208831787109,-122.22026824951172,"SAN MATEO","REDWOOD CITY",-122.22057342529297,37.474208831787109
8716697,2018,2018-10-23,4116,2018-08-29,2007,27790,23,3,5,5,4116,0,0,0,,0,00A,"PALM AV","13TH AV",0.00,,Y,A,-,N,,,,,,,,,,N,2,0,1,2,A,-,03,22350,,N,C,G,A,A,H,-,C,D,0,,Y,,,Y,,A,07,1,0,0,0,0,0,1,0,0,"- ","- ",37.556430816650391,-122.31597900390625,"SAN MATEO","SAN MATEO",-122.31597900390625,37.556419372558594
8718116,2018,2018-10-17,4113,2018-10-02,1608,309,3,2,5,5,4113,0,0,0,,0,003,BROADWAY,"BEECH ST",0.00,,Y,A,-,N,,,,,,,,,,Y,2,0,1,2,A,-,09,21801,A,N,A,C,A,A,H,-,A,D,0,,,,,Y,,A,01,1,0,0,0,0,0,0,0,0,"- ","- ",37.486869812011719,-122.22115325927734,"SAN MATEO","REDWOOD CITY",-122.22113800048828,37.486858367919922
8722541,2018,2018-11-01,4117,2018-10-17,1346,04JL03,08AH,3,5,5,4117,0,0,0,,0,001,"GRAND AV","SPRUCE AV",0.00,,Y,A,-,N,,,,,,,,,,N,2,0,1,2,A,-,10,21950,A,N,G,B,B,A,H,-,A,A,0,Y,,,,Y,,D,22,1,0,0,0,1,0,0,0,0,"- ","- ",37.65625,-122.41590881347656,"SAN MATEO","SOUTH SAN FRANCISCO",-122.41602325439453,37.656471252441406
8723359,2018,2018-12-19,4116,2018-10-16,2245,27866,34,2,5,5,4116,0,0,0,,0,00C,"SOUTH EL CAMINO REAL","S EL CAMINO REAL  3520",0.00,,Y,A,-,N,,,,,,,,,,N,2,0,1,2,A,-,11,21954,A,N,G,B,D,A,H,-,C,D,0,Y,,,,Y,,N,60,1,0,0,0,1,0,0,0,0,"- ","- ",37.53533935546875,-122.29676055908203,"SAN MATEO","SAN MATEO",-122.29596913,37.535749709999997
8725753,2018,2018-10-30,4109,2018-09-26,0947,13938,,3,5,4,4109,0,0,0,,0,001,"SAND HILL RD","OAK AV",0.00,,Y,B,-,N,,,,,,,,,,N,2,0,1,2,A,-,03,22350,,N,H,G,A,A,H,-,A,A,0,,Y,,,Y,,L,04,1,0,0,0,0,0,1,0,0,"- ","- ",37.428470611572266,-122.19022369384766,"SAN MATEO","MENLO PARK",-122.19024658203125,37.428451538085938
8726239,2018,2018-11-06,4108,2018-09-15,1425,1585,3Y,6,5,3,4108,0,0,0,,0,S-S,"CRYSTAL SPRINGS RD","CRYSTAL SPRINGS TER",415.00,W,N,A,-,N,,,,,,,,,,Y,2,0,1,2,A,-,08,22107,,N,D,C,A,A,H,-,A,A,0,,,,,Y,,-,,1,0,0,0,0,0,0,0,0,"- ","- ",37.549030303955078,-122.34562683105469,"SAN MATEO",HILLSBOROUGH,-122.34768676757812,37.546867370605469
8727836,2018,2018-11-02,4116,2018-10-09,1433,25063,4100,2,5,5,4116,0,0,0,,0,NORTH,"N EL CAMINO REAL","E SANTA INEZ",0.00,,Y,A,-,N,,,,,,,,,,Y,2,0,2,3,A,-,08,22107,,N,C,C,A,A,H,-,A,D,0,,,,,Y,,-,,1,0,1,0,0,0,0,0,0,"- ","- ",,,"SAN MATEO","SAN MATEO",-122.33367919921875,37.569141387939453
8733435,2018,2018-11-07,4106,2018-10-07,0947,2133,,7,5,6,4106,0,0,0,,0,004,"LAKE MERCED BL","JOHN DALY BL",82.00,N,N,A,-,N,,,,,,,,,,N,2,0,1,5,A,-,03,22350,,F,C,C,A,A,H,-,A,A,0,,,,,Y,,-,,1,0,0,0,0,0,0,0,0,"- ","- ",37.701629638671875,-122.48548126220703,"SAN MATEO","DALY CITY",-122.48503875732422,37.701641082763672
8739207,2018,2018-12-10,4114,2018-10-30,1050,0825,SNB1,2,5,4,4114,0,0,0,,0,001,"SAN BRUNO AV","6TH AV",145.00,E,N,A,-,N,,,,,,,,,,Y,2,0,1,2,A,-,09,21804,A,N,D,C,A,A,H,-,A,D,0,,,,,Y,,A,01,1,0,0,0,0,0,0,0,0,"- ","- ",,,"SAN MATEO","SAN BRUNO",-122.40624237060547,37.630901336669922
8739229,2018,2018-12-11,4114,2018-10-06,0055,1126,SNB19,6,5,4,4114,0,0,0,,0,002,"JENEVEIN AV","MAPLE AV",0.00,,Y,A,-,N,,,,,,,,,,N,2,0,1,3,A,-,11,21954,A,N,G,B,E,A,H,-,D,D,0,Y,,,,Y,Y,N,60,1,0,0,0,1,0,0,0,0,"- ","- ",,,"SAN MATEO","SAN BRUNO",-122.42092895507812,37.619228363037109
8748594,2018,2018-12-21,4106,2018-11-16,1358,2081,,5,5,6,4106,0,0,0,,0,00O,"JUNIPER SERRA BL","D ST",0.00,,Y,B,-,N,,,,,,,,,,Y,2,0,2,3,A,-,12,21453,,N,A,D,A,A,H,-,A,A,0,,,,,Y,,A,01,1,0,1,0,0,0,0,0,0,"- ","- ",,,"SAN MATEO","DALY CITY",-122.47071838378906,37.683879852294922
8750241,2018,2019-01-18,4100,2018-11-21,1819,25042,SNC,3,5,4,4115,0,0,0,,0,052,"BRITTAN AV","OLD COUNTY RD",359.00,E,N,C,-,N,,,,,,,,,,Y,2,0,1,1,A,-,01,23153,,N,E,I,A,B,H,-,C,D,0,,,,,Y,Y,A,01,1,0,0,0,0,0,0,0,0,"- ","- ",,,"SAN MATEO","SAN CARLOS",-122.25106048583984,37.501785278320312
8750249,2018,2019-01-18,4100,2018-11-16,0647,25189,SNC,5,5,4,4115,0,0,0,,0,053,"SAN CARLOS AV","DARTMOUTH AV",10.00,W,N,B,-,N,,,,,,,,,,N,2,0,1,2,A,-,00,21461,D,N,G,B,B,A,H,-,B,A,0,Y,,,,Y,,N,60,1,0,0,0,1,0,0,0,0,"- ","- ",,,"SAN MATEO","SAN CARLOS",-122.28543853759766,37.506938934326172
8750310,2018,2018-12-05,4100,2018-11-02,1952,17990,MLB,5,5,3,4110,0,0,0,,0,061,"MAGNOLIA AV","MILLBRAE AV",0.00,,Y,A,-,N,,,,,,,,,,N,2,0,1,2,A,-,10,21950,A,N,G,B,B,A,H,-,C,A,0,Y,,,,Y,,A,01,1,0,0,0,1,0,0,0,0,"- ","- ",,,"SAN MATEO",MILLBRAE,-122.38935852050781,37.597431182861328
8753891,2018,2018-12-17,4113,2018-11-17,1348,383,8,6,5,5,4113,0,0,0,,0,008,"WOODSIDE RD","SEQUOIA AV",0.00,,Y,A,-,N,,,84,,,,,,,N,2,0,1,2,A,-,09,21801,A,N,H,J,A,A,H,-,A,A,0,,,Y,,Y,,A,01,1,0,0,0,0,0,0,0,1,"- ","- ",37.455158233642578,-122.22927856445312,"SAN MATEO","REDWOOD CITY",-122.22867584228516,37.454906463623047
8761389,2018,2019-01-26,4116,2018-12-03,0615,28071,51,1,5,5,4116,0,0,0,,0,00D,"2ND AV","TERMINAL PL/LINDBERGH ST",0.00,,Y,A,-,N,,,,,,,,,,N,2,0,1,2,A,-,05,21650,1,N,A,G,A,A,H,-,C,D,0,,Y,,,Y,,L,04,1,0,0,0,0,0,1,0,0,"- ","- ",37.573371887207031,-122.31397247314453,"SAN MATEO","SAN MATEO",-122.31404000000001,37.572609999999997
8763946,2018,2019-01-15,4114,2018-11-20,1250,0040,SNB36,2,5,4,4114,0,0,0,,0,003,"SKYLINE BL","WESTBOROUGH BL",0.00,,Y,A,-,Y,SM,4,35,-,-,26.230,I,5,S,Y,2,0,3,2,A,-,12,21453,A,N,D,C,A,A,H,-,A,A,0,,,,,Y,,A,01,1,2,0,0,0,0,0,0,0,"- ","- ",,,"SAN MATEO","SAN BRUNO",-122.46410369873047,37.638851165771484
8766385,2018,2019-01-07,4109,2018-11-20,1737,145879,25A,2,5,4,4109,0,0,0,,0,001,"SAN ANTONIO ST","ENCINAL AV",236.00,S,N,A,-,N,,,,,,,,,,N,2,0,1,2,A,-,03,22350,,F,G,B,E,A,H,-,D,D,0,Y,,,,Y,,-,99,1,0,0,0,1,0,0,0,0,"- ","- ",37.458160400390625,-122.18921661376953,"SAN MATEO","MENLO PARK",-122.18936157226562,37.457977294921875
8767692,2018,2019-01-08,4111,2018-11-28,1400,P4137,P08,3,5,4,4111,0,0,0,,0,0P2,"EUREKA SQUARE CTR","EUREKA DR",492.00,N,N,B,-,N,,,,,,,,,,N,2,0,1,2,A,-,11,21950,B,N,G,B,C,B,H,-,A,A,0,Y,,,,Y,,A,01,1,0,0,0,1,0,0,0,0,"- ","- ",,,"SAN MATEO",PACIFICA,,
8769200,2018,2019-01-29,4114,2018-12-12,1549,0058,SNB12,3,5,4,4114,0,0,0,,0,002,"WEST ANGUS AV","ELM AV",2.00,E,N,A,-,N,,,,,,,,,,N,2,0,1,2,A,-,10,21950,A,N,G,B,B,A,H,-,B,A,0,Y,,,,Y,,D,22,1,0,0,0,1,0,0,0,0,"- ","- ",,,"SAN MATEO","SAN BRUNO",-122.41683197021484,37.624652862548828
8772620,2018,2019-01-17,4116,2018-12-13,0720,25586,12,4,5,5,4116,0,0,0,,0,00A,"EAST POPLAR AV","N HUMBOLDT ST",0.00,,N,A,-,N,,,,,,,,,,N,2,0,1,2,A,-,10,21950,A,N,-,B,B,A,H,-,A,A,0,Y,,,,Y,,A,01,1,0,0,0,1,0,0,0,0,"- ","- ",37.578811645507812,-122.32630157470703,"SAN MATEO","SAN MATEO",-122.32631683349609,37.578819274902344