CASE_ID,ACCIDENT_YEAR,PROC_DATE,JURIS,COLLISION_DATE,COLLISION_TIME,OFFICER_ID,REPORTING_DISTRICT,DAY_OF_WEEK,CHP_SHIFT,POPULATION,CNTY_CITY_LOC,SPECIAL_COND,BEAT_TYPE,CHP_BEAT_TYPE,CITY_DIVISION_LAPD,CHP_BEAT_CLASS,BEAT_NUMBER,PRIMARY_RD,SECONDARY_RD,DISTANCE,DIRECTION,INTERSECTION,WEATHER_1,WEATHER_2,STATE_HWY_IND,CALTRANS_COUNTY,CALTRANS_DISTRICT,STATE_ROUTE,ROUTE_SUFFIX,POSTMILE_PREFIX,POSTMILE,LOCATION_TYPE,RAMP_INTERSECTION,SIDE_OF_HWY,TOW_AWAY,COLLISION_SEVERITY,NUMBER_KILLED,NUMBER_INJURED,PARTY_COUNT,PRIMARY_COLL_FACTOR,PCF_CODE_OF_VIOL,PCF_VIOL_CATEGORY,PCF_VIOLATION,PCF_VIOL_SUBSECTION,HIT_AND_RUN,TYPE_OF_COLLISION,MVIW,PED_ACTION,ROAD_SURFACE,ROAD_COND_1,ROAD_COND_2,LIGHTING,CONTROL_DEVICE,CHP_ROAD_TYPE,PEDESTRIAN_ACCIDENT,BICYCLE_ACCIDENT,MOTORCYCLE_ACCIDENT,TRUCK_ACCIDENT,NOT_PRIVATE_PROPERTY,ALCOHOL_INVOLVED,STWD_VEHTYPE_AT_FAULT,CHP_VEHTYPE_AT_FAULT,COUNT_SEVERE_INJ,COUNT_VISIBLE_INJ,COUNT_COMPLAINT_PAIN,COUNT_PED_KILLED,COUNT_PED_INJURED,COUNT_BICYCLIST_KILLED,COUNT_BICYCLIST_INJURED,COUNT_MC_KILLED,COUNT_MC_INJURED,PRIMARY_RAMP,SECONDARY_RAMP,LATITUDE,LONGITUDE,COUNTY,CITY,POINT_X,POINT_Y
8772628,2018,2019-01-17,4116,2018-12-09,1757,27914,11,7,5,5,4116,0,0,0,,0,00A,"N DELAWARE ST","PENINSULA AV",90.00,S,N,A,-,N,,,,,,,,,,N,2,0,1,2,A,-,11,21954,A,N,G,B,D,A,H,-,C,D,0,Y,,,,Y,,N,60,1,0,0,0,1,0,0,0,0,"- ","- ",37.579978942871094,-122.33406829833984,"SAN MATEO","SAN MATEO",-122.33435821533203,37.580215454101562
8776599,2018,2019-01-17,4127,2018-12-23,1042,2234,4127,7,5,4,4127,0,0,0,,0,003,"EAST BAYSHORE RD","DONOHOE ST",847.00,W,N,A,-,N,,,,,,,,,,Y,2,0,1,1,A,-,01,23152,A,N,E,I,A,A,H,-,A,D,0,,,,,Y,Y,A,01,1,0,0,0,0,0,0,0,0,"- ","- ",,,"SAN MATEO","EAST PALO ALTO",-122.14650726318359,37.464096069335938
8776811,2019,2019-02-07,4117,2019-01-02,1936,16SE09,20AH,3,5,5,4117,0,0,0,,0,003,"JUNIPERO SERRA BL","HICKEY BL",0.00,,Y,A,-,N,,,,,,,,,,Y,2,0,2,2,A,-,12,21453,A,N,A,C,A,A,H,-,C,A,0,,,,,Y,,A,01,1,1,0,0,0,0,0,0,0,"- ","- ",37.665729522705078,-122.45925903320312,"SAN MATEO","SOUTH SAN FRANCISCO",-122.45942687988281,37.665691375732422
8784930,2018,2019-03-19,4106,2018-12-31,0151,2027,,1,5,6,4106,0,0,0,,0,003,"MISSION ST","W MOLTKE ST",0.00,,Y,A,-,Y,SM,4,82,-,-,24.110,H,-,S,N,2,0,1,2,A,-,11,21950,B,F,G,B,D,A,H,-,C,A,0,Y,,,,Y,Y,-,99,1,0,0,0,1,0,0,0,0,"- ","- ",,,"SAN MATEO","DALY CITY",-122.46483612060547,37.694461822509766
8785801,2018,2019-03-19,4114,2018-10-05,2327,0828,SNB14,5,5,4,4114,0,0,0,,0,002,"EL CAMINO REAL","SAN FELIPE AV",108.00,S,N,A,-,Y,SM,4,82,-,-,17.700,H,-,S,N,2,0,1,2,A,-,11,21954,A,F,G,B,E,A,H,-,C,A,0,Y,,,,Y,,A,01,1,0,0,0,1,0,0,0,0,"- ","- ",,,"SAN MATEO","SAN BRUNO",-122.40857696533203,37.617485046386719
8787314,2018,2019-02-12,4100,2018-04-13,0454,25172,MLB,5,5,3,4110,0,0,0,,0,062,"EL CAMINO REAL","SILVA AV",0.00,,Y,A,-,Y,SM,4,82,-,-,16.489,I,5,S,Y,2,0,1,2,A,-,00,20001,,F,G,B,B,A,H,-,C,A,0,Y,,,,Y,,A,01,1,0,0,0,1,0,0,0,0,"- ","- ",,,"SAN MATEO",MILLBRAE,-122.39437866210938,37.604133605957031
8788568,2018,2019-01-26,4116,2018-12-06,0827,1180,,4,5,5,4116,0,0,0,,0,005,"EASTMOOR AV","CAMELIA DR",0.00,,Y,A,-,N,,,,,,,,,,N,2,0,1,2,A,-,06,21755,A,N,D,C,A,A,H,-,A,D,0,,,,,Y,,-,,1,0,0,0,0,0,0,0,0,"- ","- ",,,"SAN MATEO","SAN MATEO",-122.47664642333984,37.684638977050781
8788743,2019,2019-05-29,4109,2019-01-06,1126,14494,,7,5,4,4109,0,0,0,,0,002,"OAK GROVE AV","MARCUSSEN DR",98.00,E,N,C,-,N,,,,,,,,,,N,1,1,0,2,A,-,11,21954,A,N,G,B,D,B,H,-,A,D,0,Y,,,,Y,,N,60,0,0,0,1,0,0,0,0,0,"- ","- ",37.459888458251953,-122.18002319335938,"SAN MATEO","MENLO PARK",-122.17984008789062,37.460124969482422
8789046,2018,2019-01-31,4127,2018-12-30,1742,2234,4127,7,5,4,4127,0,0,0,,0,003,"PULGAS AV","GAILLARDIA WY",117.00,E,N,A,-,N,,,,,,,,,,Y,2,0,1,5,A,-,01,23153,B,N,D,C,F,A,H,-,C,D,0,Y,,,,Y,Y,A,01,1,0,0,0,1,0,0,0,0,"- ","- ",,,"SAN MATEO","EAST PALO ALTO",-122.12998962402344,37.458099365234375
8790552,2018,2019-01-31,4127,2018-10-09,2037,2243,4127,2,5,4,4127,0,0,0,,0,004,"UNIVERSITY AV",WOODLAND,352.00,E,N,A,B,N,,,,,,,,,,N,2,0,1,2,A,-,03,22350,A,N,H,G,A,A,H,-,C,D,0,,Y,,,Y,,L,04,1,0,0,0,0,0,1,0,0,"- ","- ",,,"SAN MATEO","EAST PALO ALTO",-122.14102935791016,37.458736419677734
8790992,2018,2019-02-02,4117,2018-12-26,0555,16AP10,01AQ,3,5,5,4117,0,0,0,,0,001,"EAST GRAND AV","GRAND AV",15.00,E,N,A,-,N,,,,,,,,,,Y,2,0,1,2,A,-,12,21453,A,N,G,B,C,A,A,-,C,A,0,Y,,,,Y,,A,01,1,0,0,0,1,0,0,0,0,"- ","- ",37.652408599853516,-122.39340972900391,"SAN MATEO","SOUTH SAN FRANCISCO",-122.40335845947266,37.65484619140625
8792210,2019,2019-02-14,4104,2019-01-30,0747,0159,6,3,5,4,4104,0,0,0,,0,00A,"ROLLINS RD","OAK GROVE AV",125.00,N,N,A,-,N,,,,,,,,,,Y,2,0,2,2,A,-,21,22106,,N,D,C,A,A,H,-,A,D,0,,,,,Y,,A,01,2,0,0,0,0,0,0,0,0,"- ","- ",37.586639404296875,-122.34586334228516,"SAN MATEO",BURLINGAME,-122.34481048583984,37.586738586425781
8793814,2019,2019-02-26,4117,2019-01-12,2130,18JY16,06AC,6,5,5,4117,0,0,0,,0,004,"RANDOLPH AV","GARDINER AV",0.00,,Y,A,-,N,,,,,,,,,,N,2,0,1,2,A,-,09,21800,A,F,H,G,A,A,H,-,C,A,0,,Y,,,Y,,A,07,1,0,0,0,0,0,1,0,0,"- ","- ",37.664329528808594,-122.40068817138672,"SAN MATEO","SOUTH SAN FRANCISCO",-122.40070343017578,37.664329528808594
8805108,2019,2019-03-01,4113,2019-02-04,1937,444,5,1,5,5,4113,0,0,0,,0,005,"WOODSIDE RD","UNION AV",135.00,E,N,C,-,N,,,84,,,,,,,N,2,0,2,2,A,-,01,23153,,N,C,C,A,B,H,-,C,D,0,,,,,Y,Y,A,01,1,1,0,0,0,0,0,0,0,"- ","- ",37.466670989990234,-122.22422027587891,"SAN MATEO","REDWOOD CITY",-122.22414398193359,37.466651916503906
8808153,2019,2019-05-13,4117,2019-04-11,1918,17MZ04,13AC,4,5,5,4117,0,0,0,,0,001,"BADEN AV","MAGNOLIA AV",201.00,E,N,A,-,N,,,,,,,,,,Y,1,1,0,2,A,-,11,21954,A,N,G,B,D,A,H,-,B,D,0,Y,,,,Y,,N,60,0,0,0,1,0,0,0,0,0,"- ","- ",37.655868530273438,-122.41934967041016,"SAN MATEO","SOUTH SAN FRANCISCO",-122.41919708251953,37.656112670898438
8812798,2019,2019-03-13,4111,2019-02-19,1546,P5071,P10,2,5,4,4111,0,0,0,,0,0P2,"CLARENDON RD","LAKEVIEW DR",54.00,E,N,A,-,N,,,,,,,,,,Y,2,0,1,2,A,-,08,22107,,N,A,C,A,A,H,-,A,D,0,,,Y,,Y,,A,01,1,0,0,0,0,0,0,0,1,"- ","- ",,,"SAN MATEO",PACIFICA,-122.49105072021484,37.629878997802734
8816742,2018,2019-03-12,4114,2018-11-26,2128,0825,SNB26,1,5,4,4114,0,0,0,,0,003,"SNEATH LN","RT 280",210.00,E,N,A,-,N,,,,,,,,,,Y,2,0,1,1,A,-,01,23152,A,N,E,I,A,A,H,-,C,D,0,,,,,Y,Y,A,01,1,0,0,0,0,0,0,0,0,"- ",NF,,,"SAN MATEO","SAN BRUNO",-122.43437194824219,37.630592346191406
8823667,2019,2019-03-26,4113,2019-02-26,2244,463,5,2,5,5,4113,0,0,0,,0,005,"EL CAMINO REAL","CHARTER ST",180.00,S,N,C,-,N,,,82,,,,,,,Y,2,0,1,2,A,-,01,23152,A,N,C,E,A,B,H,-,C,D,0,,,,,Y,Y,A,01,1,0,0,0,0,0,0,0,0,"- ","- ",37.474529266357422,-122.21867370605469,"SAN MATEO","REDWOOD CITY",-122.21883392333984,37.474300384521484
8837208,2019,2019-05-29,4113,2019-04-13,0000,448,4,6,5,5,4113,0,0,0,,0,004,"EAST BAYSHORE RD","E BAYSHORE RD 1757",0.00,,N,A,-,N,,,,,,,,,,Y,2,0,1,1,A,-,08,22107,,N,E,I,A,A,H,-,A,D,0,,,,,Y,,A,01,1,0,0,0,0,0,0,0,0,"- ","- ",37.488880157470703,-122.09239959716797,"SAN MATEO","REDWOOD CITY",-122.209311,37.488481
8854156,2019,2019-05-09,4116,2019-03-27,1336,28409,34,3,5,5,4116,0,0,0,,0,00C,"EL CAMINO REAL","27TH AV",0.00,,Y,A,-,N,,,82,,,,,,,Y,2,0,1,3,A,-,01,23153,A,N,A,C,A,B,H,-,A,A,0,,,,,Y,Y,A,01,1,0,0,0,0,0,0,0,0,"- ","- ",37.542640686035156,-122.30364227294922,"SAN MATEO","SAN MATEO",-122.30368804931641,37.542587280273438
8854268,2019,2019-05-09,4100,2019-03-13,0311,25241,PV,3,5,2,4112,0,0,0,,0,031,"ALPINE RD","CORTE MADERA RD",0.00,,Y,A,-,N,,,,,,,,,,Y,2,0,1,1,A,-,08,22107,,M,E,I,A,A,H,-,D,D,0,,,,,Y,,A,01,1,0,0,0,0,0,0,0,0,"- ","- ",,,"SAN MATEO","PORTOLA VALLEY",-122.21360778808594,37.368038177490234
8870154,2019,2019-08-27,4116,2019-05-03,2057,28071,34,5,5,5,4116,0,0,0,,0,00C,"SOUTH EL CAMINO REAL","22ND AV",100.00,S,N,A,-,Y,SM,4,82,-,-,10.170,H,-,N,Y,2,0,5,3,A,-,01,23153,A,N,B,C,A,A,H,-,C,A,0,,,,,Y,Y,A,01,2,3,0,0,0,0,0,0,0,"- ","- ",37.546009063720703,-122.30771636962891,"SAN MATEO","SAN MATEO",-122.307373046875,37.5460205078125
8875896,2019,2019-11-27,4100,2019-05-25,1149,25255,1F,6,5,2,4118,0,0,0,,0,030,"LA HONDA RD","FRIARS LN",3102.00,N,N,A,-,Y,SM,4,84,-,-,16.590,H,-,S,Y,2,0,1,2,A,-,05,21460,A,N,A,C,A,A,H,-,A,D,0,,,Y,,Y,,C,02,1,0,0,0,0,0,0,0,1,"- ","- ",,,"SAN MATEO",WOODSIDE,-122.25852203369141,37.397651672363281
8877729,2019,2019-06-13,4100,2019-05-27,1600,25842,,1,5,3,4110,0,0,0,,0,MLB,"BROADWAY AV","HILLCREST BL",280.00,N,N,F,-,N,,,,,,,,,,N,2,0,1,2,D,-,00,,,N,G,B,E,A,H,-,A,D,0,Y,,,,Y,,-,"- ",1,0,0,0,1,0,0,0,0,"- ","- ",,,"SAN MATEO",MILLBRAE,-122.39329528808594,37.602108001708984
8879320,2019,2019-06-21,4117,2019-05-17,2108,10DQ13,08AD,5,5,5,4117,0,0,0,,0,004,"GRAND AV","MAPLE AV",107.00,E,N,A,-,N,,,,,,,,,,N,2,0,1,2,A,-,05,21202,A,N,H,G,A,A,H,-,C,D,0,,Y,,,Y,,L,04,1,0,0,0,0,0,1,0,0,"- ","- ",37.655860900878906,-122.41226196289062,"SAN MATEO","SOUTH SAN FRANCISCO",-122.41215515136719,37.655620574951172
8881464,2019,2019-07-05,4127,2019-06-06,1625,2254,27,4,5,4,4127,0,0,0,,0,003,"EAST BAYSHORE RD","PULGAS AV",877.00,N,N,A,-,N,,,,,,,,,,Y,2,0,3,4,A,-,08,22107,,N,C,E,A,A,H,-,A,D,0,,,,,Y,,A,01,1,2,0,0,0,0,0,0,0,"- ","- ",,,"SAN MATEO","EAST PALO ALTO",-122.13237762451172,37.455799102783203
8882388,2019,2019-07-08,4108,2019-04-14,1045,2934,,7,5,3,4108,0,0,0,,0,0SS,"BLACK MOUNTAIN RD","WOODRIDGE RD",12.00,N,N,A,-,N,,,,,,,,,,N,2,0,1,2,A,-,09,21800,A,N,B,G,A,A,H,-,A,A,0,,Y,,,Y,,-,,1,0,0,0,0,0,1,0,0,"- ","- ",37.550399780273438,-122.35099792480469,"SAN MATEO",HILLSBOROUGH,-122.35200500488281,37.550460815429688
8884533,2019,2019-06-25,4113,2019-06-08,0728,461,3,6,5,5,4113,0,0,0,,0,003,"JAMES AV","EL CAMINO REAL",0.00,,Y,A,-,N,,,,,,,,,,N,2,0,1,2,A,-,09,21800,A,N,H,G,A,A,H,-,A,A,0,,Y,,,Y,,A,01,1,0,0,0,0,0,1,0,0,"- ","- ",37.484481811523438,-122.23304748535156,"SAN MATEO","REDWOOD CITY",-122.23301696777344,37.484489440917969
8892311,2019,2019-07-10,4113,2019-05-08,1153,351,8,3,5,5,4113,0,0,0,,0,008,"FARM HILL BL","EDEN BOWER LN",300.00,E,N,A,-,N,,,,,,,,,,Y,2,0,1,1,A,-,03,22350,,N,E,I,A,A,H,-,A,D,0,,,,,Y,,A,01,1,0,0,0,0,0,0,0,0,"- ","- ",37.451358795166016,-122.26010131835938,"SAN MATEO","REDWOOD CITY",-122.25962829589844,37.452072143554688
8895945,2019,2019-11-27,4114,2019-06-10,1150,0062,SNB11,1,5,4,4114,0,0,0,,0,001,"EL CAMINO REAL","BRUNO AV",180.00,N,N,A,-,Y,SM,4,82,-,-,18.630,H,-,S,Y,2,0,1,2,A,-,03,22350,,N,C,C,A,A,H,-,A,D,0,,,,,Y,,A,01,1,0,0,0,0,0,0,0,0,"- ","- ",,,"SAN MATEO","SAN BRUNO",-122.41687774658203,37.629249572753906
8900247,2019,2019-08-20,4116,2019-06-07,0117,28116,24,5,5,5,4116,0,0,0,,0,00A,"NEVADA AV","HARVARD RD",265.00,W,N,A,-,N,,,,,,,,,,Y,2,0,2,3,A,-,08,22107,,F,C,C,A,A,H,-,C,D,0,,,,,Y,,A,01,1,0,1,0,0,0,0,0,0,"- ","- ",37.554580688476562,-122.32968902587891,"SAN MATEO","SAN MATEO",-122.32975769042969,37.554862976074219
8900321,2019,2019-07-24,4117,2019-05-28,1750,18JY16,06AC,2,5,5,4117,0,0,0,,0,004,"RANDOLPH AV","MADRONE AV",40.00,W,N,A,-,N,,,,,,,,,,N,2,0,1,2,A,-,13,22515,A,N,H,E,A,A,H,-,A,D,0,,,,,Y,,A,08,1,0,0,0,0,0,0,0,0,"- ","- ",37.664710998535156,-122.40199279785156,"SAN MATEO","SOUTH SAN FRANCISCO",-122.40184783935547,37.664554595947266
8903678,2019,2019-08-07,4111,2019-06-10,1404,P5154,P14,1,5,4,4111,0,0,0,,0,0P3,"CRESPI DR","SEVILLE DR",38.00,W,N,A,-,N,,,,,,,,,,Y,2,0,1,1,A,-,03,22350,,N,E,I,A,A,H,-,A,A,0,,,,,Y,,A,01,1,0,0,0,0,0,0,0,0,"- ","- ",37.593658447265625,-122.49176788330078,"SAN MATEO",PACIFICA,-122.49188995361328,37.593475341796875
8904143,2019,2019-08-15,4114,2019-07-16,0753,0048,SNB36,2,5,4,4114,0,0,0,,0,003,"SHARP PARK RD","PACIFIC HTS",557.00,E,N,B,E,N,,,,,,,,,,Y,2,0,1,1,A,-,03,22350,A,N,E,I,A,B,H,-,A,D,0,,,,,Y,,J,49,1,0,0,0,0,0,0,0,0,"- ","- ",,,"SAN MATEO","SAN BRUNO",-122.46723175048828,37.635967254638672
8909871,2019,2019-08-09,4113,2019-07-12,1930,384,2,5,5,5,4113,0,0,0,,0,002,"VETERANS BL",BREWSTER,45.00,N,N,A,-,N,,,,,,,,,,Y,2,0,1,2,A,-,12,21453,A,N,H,G,A,A,H,-,A,A,0,,Y,,,Y,,L,04,1,0,0,0,0,0,1,0,0,"- ","- ",37.491218566894531,-122.23052978515625,"SAN MATEO","REDWOOD CITY",-122.23062896728516,37.491298675537109
8910870,2019,2021-06-02,4113,2019-09-18,0949,382,,3,5,5,4113,0,0,0,,0,007,"RT 82","JAMES AV",212.00,S,N,B,C,Y,SM,4,82,-,-,4.220,H,-,S,Y,1,1,2,4,B,-,22,,,N,G,B,E,B,H,-,A,D,0,Y,,,,Y,,J,48,0,2,0,1,0,0,0,0,0,"- ","- ",37.484081268310547,-122.23242950439453,"SAN MATEO","REDWOOD CITY",-122.23236846923828,37.484058380126953
8910889,2020,2020-05-15,4111,2020-01-23,1410,P5104,P10,4,5,4,4111,0,0,0,,0,0P2,"RT 1","WESTPORT DR",528.00,S,N,A,-,Y,SM,4,1,-,R,42.950,H,-,N,Y,1,1,0,2,A,-,17,21200,A,N,D,G,A,A,H,-,A,D,0,,Y,,,Y,,L,04,0,0,0,0,0,1,0,0,0,"- ","- ",37.619010925292969,-122.48513793945312,"SAN MATEO",PACIFICA,-122.48517608642578,37.618736267089844
8911281,2020,2020-07-01,4100,2020-05-23,0658,25054,MLB,6,5,3,4110,0,0,0,,0,062,"LARKSPUR AV","PINEHURST CT",429.00,W,N,A,-,N,,,,,,,,,,N,1,1,0,1,A,-,03,22350,,N,F,A,A,A,G,-,A,D,0,,Y,,,Y,,L,04,0,0,0,0,0,1,0,0,0,"- ","- ",,,"SAN MATEO",MILLBRAE,-122.41779327392578,37.598747253417969
8911305,2020,2020-07-09,4106,2020-02-11,1814,2092,4,2,5,6,4106,0,0,0,,0,003,"DELONG ST","HILLCREST BL",0.00,,Y,A,-,Y,,,,,,,,,,Y,2,0,2,3,C,-,18,,,N,E,I,A,A,H,-,A,D,0,,,,,Y,,-,"- ",1,1,0,0,0,0,0,0,0,"- ","- ",,,"SAN MATEO","DALY CITY",-122.46772766113281,37.706840515136719
8911525,2020,2022-06-18,4116,2020-08-07,0630,28071,23,5,5,5,4116,0,0,0,,0,00A,"RT 82","HOBART AVE/ 12TH ST",0.00,,Y,A,-,Y,SM,4,82,-,-,11.079,I,5,N,Y,1,1,1,2,A,-,09,21801,A,N,D,C,A,A,H,-,B,A,0,,,Y,,Y,,C,02,0,1,0,0,0,0,0,1,0,"- ","- ",37.556011199951172,-122.31832122802734,"SAN MATEO","SAN MATEO",-122.31829833984375,37.556041717529297
8911549,2020,2020-10-22,4111,2020-03-14,1930,P5124,P02,6,5,4,4111,0,0,0,,0,0P1,"RT 35","CYPRESS ST",69.00,N,N,C,-,Y,SM,4,35,-,-,27.000,H,-,S,Y,1,1,2,4,A,-,01,23153,A,F,A,C,A,B,H,-,B,D,0,,,,,Y,Y,A,07,1,1,0,0,0,0,0,0,0,"- ","- ",,,"SAN MATEO",PACIFICA,-122.47211456298828,37.647853851318359
8911680,2020,2021-11-24,4114,2020-07-10,2340,0038,SNB4,5,5,4,4114,0,0,0,,0,001,"EL CAMINO REAL","SNEATH LN",164.00,S,N,A,-,Y,SM,4,82,-,-,19.180,H,-,S,N,1,1,0,2,A,-,11,21955,,F,G,B,D,A,H,-,C,D,0,Y,,,,Y,,N,60,0,0,0,1,0,0,0,0,0,"- ","- ",,,"SAN MATEO","SAN BRUNO",-122.42111206054688,37.636409759521484
8911769,2020,2020-11-06,4100,2020-05-30,1757,18860,1H,6,5,2,4118,0,0,0,,0,030,"PORTOLA RD","OLA LA HONDA RD",0.00,,Y,A,-,N,,,,,,,,,,Y,1,1,0,1,A,-,03,22350,,N,E,I,A,A,H,-,A,D,0,,,Y,,Y,,C,02,0,0,0,0,0,0,0,1,0,"- ","- ",,,"SAN MATEO",WOODSIDE,-122.257007,37.407423999999999
8911866,2020,2022-06-18,4100,2020-08-23,2155,25111,4100,7,5,2,4118,0,0,0,,0,030,"PORTOLA RD","OLD LA HONDA RD",366.00,S,N,A,-,N,,,,,,,,,,Y,1,2,0,2,A,-,01,23152,A,N,A,C,A,A,H,-,D,D,0,,,,,Y,Y,A,07,0,0,0,0,0,0,0,0,0,"- ","- ",,,"SAN MATEO",WOODSIDE,-122.24612426757812,37.395004272460938
8914165,2019,2019-08-09,4117,2019-07-19,0829,16SE09,05AB,5,5,5,4117,0,0,0,,0,001,"SAN MATEO AV","LOWRIE AV",0.00,,Y,A,-,N,,,,,,,,,,N,2,0,1,2,A,-,09,21801,A,N,G,G,A,A,H,-,A,D,0,,Y,,,Y,,A,01,1,0,0,0,0,0,1,0,0,"- ","- ",37.642650604248047,-122.41118621826172,"SAN MATEO","SOUTH SAN FRANCISCO",-122.41121673583984,37.642608642578125
8928905,2019,2019-09-10,4117,2019-08-23,1518,16AP10,21AF,5,5,5,4117,0,0,0,,0,003,"MISSION RD","OAK AV",400.00,N,N,A,-,N,,,,,,,,,,N,2,0,1,2,A,-,11,21950,B,N,G,B,D,A,H,-,A,D,0,Y,,,,Y,,N,60,1,0,0,0,1,0,0,0,0,"- ","- ",37.659400939941406,-122.43531036376953,"SAN MATEO","SOUTH SAN FRANCISCO",-122.43546295166016,37.658149719238281
8928979,2019,2019-09-10,4117,2019-08-17,1009,06AP03,24AA,6,5,5,4117,0,0,0,,0,004,"BADEN AV","EUCALYPTUS AV",0.00,,Y,A,-,N,,,,,,,,,,N,2,0,2,2,A,-,12,22450,A,N,D,G,A,A,H,-,A,D,0,,Y,,,Y,,L,04,1,1,0,0,0,0,1,0,0,"- ","- ",37.657688140869141,-122.42722320556641,"SAN MATEO","SOUTH SAN FRANCISCO",-122.42693328857422,37.657840728759766
8933179,2019,2019-09-19,4116,2019-08-16,1910,13040,4100,5,5,5,4116,0,0,0,,0,NORTH,"SOUTH EL CAMINO REAL","41ST AV",0.00,N,N,A,-,N,,,,,,,,,,Y,2,0,2,3,A,-,01,23153,A,N,C,C,A,A,H,-,A,D,0,,,,,Y,Y,A,01,1,1,0,0,0,0,0,0,0,"- ","- ",,,"SAN MATEO","SAN MATEO",-122.29003143310547,37.531078338623047
8933183,2019,2019-09-19,4100,2019-08-26,1943,25241,4100,1,5,2,4118,0,0,0,,0,030,"WOODSIDE DR","WILDWOOD WY",514.00,E,N,A,-,N,,,,,,,,,,Y,2,0,1,1,A,-,01,23152,,N,E,I,A,A,H,-,D,D,0,,,,,Y,Y,-,,1,0,0,0,0,0,0,0,0,"- ","- ",,,"SAN MATEO",WOODSIDE,-122.2431640625,37.448238372802734
8934748,2019,2020-01-29,4100,2019-08-24,1805,25056,5C,6,5,3,4107,0,0,0,,0,075,"VENICE RD","RT 1",0.00,,-,A,-,Y,SM,4,1,-,-,30.161,I,6,S,Y,2,0,5,2,A,-,01,23152,,N,D,C,A,A,H,-,A,D,0,,,,,Y,Y,A,01,4,0,1,0,0,0,0,0,0,"- ","- ",,,"SAN MATEO","HALF MOON BAY",-122.44474029541016,37.481361389160156
8934752,2019,2020-02-12,4100,2019-08-27,1006,25274,1P,2,5,2,4118,0,0,0,,0,003,"RT 84","ALBION AV",224.00,E,N,A,-,Y,SM,4,84,-,-,20.380,H,-,N,Y,2,0,1,2,A,-,03,22350,,N,C,C,A,A,H,-,A,D,0,,,,,Y,,A,01,1,0,0,0,0,0,0,0,0,"- ","- ",,,"SAN MATEO",WOODSIDE,-122.25883483886719,37.428268432617188
8939083,2019,2019-10-17,4104,2019-09-03,0551,0645,21,2,5,4,4104,0,0,0,,0,00C,"OLD BAYSHORE BL","COWAN RD",110.00,S,N,A,-,N,,,,,,,,,,Y,1,1,0,2,A,-,11,21954,A,N,G,B,D,A,H,-,C,D,0,Y,,,,Y,,N,60,0,0,0,1,0,0,0,0,0,"- ","- ",37.602500915527344,-122.37061309814453,"SAN MATEO",BURLINGAME,-122.37337493896484,37.603130340576172
8939143,2019,2019-11-13,4100,2019-03-26,0630,25144,SNC,2,5,4,4115,0,0,0,,0,052,"HOLLY ST","INDUSTRIAL RD",438.00,E,N,A,-,Y,,,,,,,,,,Y,2,0,1,2,A,-,03,22350,,N,C,C,A,A,H,-,C,A,0,,,,Y,Y,,A,01,1,0,0,0,0,0,0,0,0,"- ","- ",,,"SAN MATEO","SAN CARLOS",-122.25692749023438,37.512916564941406
8939612,2020,2020-02-21,4116,2020-01-23,0417,28071,53,4,5,5,4116,0,0,0,,0,00D,"RT 101","AIRPORT BL",0.00,,Y,B,-,Y,SM,4,101,-,-,21.398,R,4,N,Y,1,1,2,1,A,-,03,22350,,N,E,I,A,A,B,H,C,A,0,,,,,Y,,A,01,2,0,0,0,0,0,0,0,0,"- ","- ",37.562618255615234,-122.29385375976562,"SAN MATEO","SAN MATEO",-122.40622711181641,37.645584106445312
8943811,2019,2019-09-26,4113,2019-08-21,0606,384,2,3,5,5,4113,0,0,0,,0,002,"INDUSTRIAL WY","INDUSTRIAL WY  1790",0.00,,Y,A,-,N,,,,,,,,,,N,2,0,1,2,A,-,08,22107,,F,B,E,A,A,H,-,B,A,0,,,,,Y,Y,A,07,1,0,0,0,0,0,0,0,0,"- ","- ",37.496509552001953,-122.23809814453125,"SAN MATEO","REDWOOD CITY",-122.238596,37.496163000000003
8945121,2019,2019-09-26,4127,2019-08-15,1537,2245,,4,5,4,4127,0,0,0,,0,003,"UNIVERSITY AV","DONOHOE ST",400.00,E,N,A,-,N,,,,,,,,,,N,2,0,1,2,A,-,08,22107,,N,B,C,A,A,H,-,A,D,0,,,Y,,Y,,A,01,1,0,0,0,0,0,0,0,1,"- ","- ",,,"SAN MATEO","EAST PALO ALTO",-122.14186859130859,37.462669372558594
8953941,2019,2020-01-08,4111,2019-08-09,1914,P5145,P12,5,5,4,4111,0,0,0,,0,0P2,"RT 1","SAN MARLO WY",271.00,N,N,A,-,Y,SM,4,1,-,-,42.160,H,-,S,Y,2,0,2,1,A,-,03,22350,,N,F,A,A,A,H,-,A,D,0,,,Y,,Y,,C,02,1,1,0,0,0,0,0,0,2,"- ","- ",,,"SAN MATEO",PACIFICA,-122.49330902099609,37.610031127929688
8962010,2019,2019-10-23,4116,2019-09-06,1753,20010,,5,5,5,4116,0,0,0,,0,00N,"EAST 25TH AV","DELAWARE ST",137.00,W,-,A,-,N,,,,,,,,,,N,2,0,1,1,A,-,02,22526,,N,A,F,A,A,H,-,A,A,0,,,,,Y,,-,,1,0,0,0,0,0,0,0,0,"- ","- ",,,"SAN MATEO","SAN MATEO",-122.30402374267578,37.545707702636719