CASE_ID,ACCIDENT_YEAR,PROC_DATE,JURIS,COLLISION_DATE,COLLISION_TIME,OFFICER_ID,REPORTING_DISTRICT,DAY_OF_WEEK,CHP_SHIFT,POPULATION,CNTY_CITY_LOC,SPECIAL_COND,BEAT_TYPE,CHP_BEAT_TYPE,CITY_DIVISION_LAPD,CHP_BEAT_CLASS,BEAT_NUMBER,PRIMARY_RD,SECONDARY_RD,DISTANCE,DIRECTION,INTERSECTION,WEATHER_1,WEATHER_2,STATE_HWY_IND,CALTRANS_COUNTY,CALTRANS_DISTRICT,STATE_ROUTE,ROUTE_SUFFIX,POSTMILE_PREFIX,POSTMILE,LOCATION_TYPE,RAMP_INTERSECTION,SIDE_OF_HWY,TOW_AWAY,COLLISION_SEVERITY,NUMBER_KILLED,NUMBER_INJURED,PARTY_COUNT,PRIMARY_COLL_FACTOR,PCF_CODE_OF_VIOL,PCF_VIOL_CATEGORY,PCF_VIOLATION,PCF_VIOL_SUBSECTION,HIT_AND_RUN,TYPE_OF_COLLISION,MVIW,PED_ACTION,ROAD_SURFACE,ROAD_COND_1,ROAD_COND_2,LIGHTING,CONTROL_DEVICE,CHP_ROAD_TYPE,PEDESTRIAN_ACCIDENT,BICYCLE_ACCIDENT,MOTORCYCLE_ACCIDENT,TRUCK_ACCIDENT,NOT_PRIVATE_PROPERTY,ALCOHOL_INVOLVED,STWD_VEHTYPE_AT_FAULT,CHP_VEHTYPE_AT_FAULT,COUNT_SEVERE_INJ,COUNT_VISIBLE_INJ,COUNT_COMPLAINT_PAIN,COUNT_PED_KILLED,COUNT_PED_INJURED,COUNT_BICYCLIST_KILLED,COUNT_BICYCLIST_INJURED,COUNT_MC_KILLED,COUNT_MC_INJURED,PRIMARY_RAMP,SECONDARY_RAMP,LATITUDE,LONGITUDE,COUNTY,CITY,POINT_X,POINT_Y
8964180,2019,2020-02-07,4109,2019-08-14,1621,145754,,3,5,4,4109,0,0,0,,0,004,"WILLOW RD","IVY DR",0.00,,Y,A,-,Y,SM,4,114,-,-,5.497,I,5,N,N,2,0,1,3,A,-,03,22350,,N,A,C,A,A,H,-,A,A,0,,,,,Y,,-,,1,0,0,0,0,0,0,0,0,"- ","- ",37.475181579589844,-122.15316009521484,"SAN MATEO","MENLO PARK",-122.15270233154297,37.476104736328125
8965799,2019,2019-11-22,4111,2019-09-27,1801,P5145,P18,5,5,4,4111,0,0,0,,0,0P3,"LINDA MAR BL","PERALTA RD",0.00,,Y,A,-,N,,,,,,,,,,N,2,0,1,2,A,-,12,21453,A,N,D,G,A,A,H,-,A,A,0,,Y,,,Y,,A,01,1,0,0,0,0,0,1,0,0,"- ","- ",,,"SAN MATEO",PACIFICA,-122.49738311767578,37.591148376464844
8966094,2019,2019-11-04,4117,2019-10-17,2229,15NM20,08AB,4,5,5,4117,0,0,0,,0,004,"MAPLE AV","PINE TER",123.00,N,N,A,-,N,,,,,,,,,,N,2,0,1,3,A,-,13,22515,A,N,G,B,F,A,H,-,C,D,0,Y,,,,Y,,A,07,1,0,0,0,1,0,0,0,0,"- ","- ",37.659629821777344,-122.41087341308594,"SAN MATEO","SOUTH SAN FRANCISCO",-122.41100311279297,37.659843444824219
8967993,2019,2019-11-20,4117,2019-10-23,1922,17RA05,02AB,3,5,5,4117,0,0,0,,0,004,"SISTER CITIES BL","AIRPORT BL",0.00,,Y,A,-,N,,,,,,,,,,N,2,0,1,2,A,-,12,21453,A,N,D,C,A,A,H,-,C,A,0,,,Y,,Y,,A,01,1,0,0,0,0,0,0,0,1,"- ","- ",37.664329528808594,-122.39929962158203,"SAN MATEO","SOUTH SAN FRANCISCO",-122.39922332763672,37.664340972900391
8978963,2019,2019-12-16,4114,2019-10-29,0837,0059,SNB1,2,5,4,4114,0,0,0,,0,001,"SAN BRUNO AV","3RD AV",0.00,,Y,A,-,N,,,,,,,,,,N,2,0,1,2,A,-,10,21950,A,N,G,B,B,A,H,-,A,A,0,Y,,,,Y,,A,01,1,0,0,0,1,0,0,0,0,"- ","- ",,,"SAN MATEO","SAN BRUNO",-122.40943908691406,37.630859375
8988299,2019,2020-01-17,4117,2019-11-06,0501,18CM04,07AE,3,5,5,4117,0,0,0,,0,004,"AIRPORT BL","LINDEN AV",74.00,S,N,A,-,N,,,,,,,,,,Y,2,0,1,2,A,-,08,22107,,N,C,C,A,A,H,-,C,D,0,,,,,Y,,A,01,1,0,0,0,0,0,0,0,0,"- ","- ",37.707481384277344,-122.35475921630859,"SAN MATEO","SOUTH SAN FRANCISCO",-122.40422821044922,37.660926818847656
8989303,2019,2019-12-16,4117,2019-10-29,2314,19MV02,20AH,2,5,5,4117,0,0,0,,0,003,"HICKEY BL","JUNIPERO SERRA BL",0.00,,Y,A,-,N,,,,,,,,,,N,2,0,1,2,A,-,10,21950,A,F,G,B,B,A,G,-,C,A,0,Y,,,,Y,,A,01,1,0,0,0,1,0,0,0,0,"- ","- ",37.665729522705078,-122.45925903320312,"SAN MATEO","SOUTH SAN FRANCISCO",-122.45942687988281,37.665691375732422
8995644,2019,2020-02-10,4117,2019-12-06,0728,04JL03,17AR,5,5,5,4117,0,0,0,,0,003,"JUNIPERO SERRA BL","ARROYO DR",718.00,N,N,A,-,N,,,,,,,,,,Y,2,0,2,2,A,-,03,22350,,N,C,C,A,A,H,-,A,D,0,,,,Y,Y,,A,07,1,1,0,0,0,0,0,0,0,"- ","- ",37.654701232910156,-122.45292663574219,"SAN MATEO","SOUTH SAN FRANCISCO",-122.45121765136719,37.650352478027344
8995784,2019,2020-02-06,4117,2019-12-03,1109,05RR05,01AO,2,5,5,4117,0,0,0,,0,001,"BELLE AIRE RD","AIRPORT BL",255.00,E,N,B,-,N,,,,,,,,,,Y,2,0,1,2,A,-,09,21804,A,N,D,C,A,B,H,-,A,D,0,,,,,Y,,A,01,1,0,0,0,0,0,0,0,0,"- ","- ",37.642421722412109,-122.40054321289062,"SAN MATEO","SOUTH SAN FRANCISCO",-122.40144348144531,37.641105651855469
8996717,2019,2019-12-30,4127,2019-11-08,0519,2233,,5,5,4,4127,0,0,0,,0,001,"WEEKS ST","UNIVERSITY AV",0.00,,Y,A,-,N,,,,,,,,,,Y,2,0,1,2,A,-,00,28104,A,N,D,C,A,A,H,-,C,D,0,,,Y,,Y,,C,02,1,0,0,0,0,0,0,0,1,"- ","- ",,,"SAN MATEO","EAST PALO ALTO",-122.14019775390625,37.470558166503906
9000525,2019,2019-12-18,4106,2019-10-26,1610,2054,,6,5,6,4106,0,0,0,,0,002,"CHESTER ST","VILLA ST",0.00,,Y,A,-,N,,,,,,,,,,Y,2,0,4,3,A,-,08,22107,,F,B,C,A,A,H,-,A,A,0,,,,,Y,,A,01,1,3,0,0,0,0,0,0,0,"- ","- ",,,"SAN MATEO","DALY CITY",-122.459228515625,37.686771392822266
9000941,2019,2019-12-27,4106,2019-11-07,1939,2035,,4,5,6,4106,0,0,0,,0,004,"FOREST GROVE DR","SOUTH MAYFAIR AV",0.00,,Y,A,-,N,,,,,,,,,,N,2,0,1,2,D,-,00,,,F,G,B,B,A,H,-,C,D,0,Y,,,,Y,,-,"- ",1,0,0,0,1,0,0,0,0,"- ","- ",,,"SAN MATEO","DALY CITY",-122.48072814941406,37.702301025390625
9001028,2019,2019-12-23,4106,2019-11-26,1719,1232,5,2,5,6,4106,0,0,0,,0,003,"WASHINGTON ST","EDGEWORTH ST",0.00,,Y,C,-,N,,,,,,,,,,N,2,0,1,2,A,-,10,21950,,F,G,B,B,B,H,-,C,A,0,Y,,,,Y,,A,01,1,0,0,0,1,0,0,0,0,"- ","- ",,,"SAN MATEO","DALY CITY",-122.47431945800781,37.687889099121094
90010473,2015,2015-10-19,9330,2015-08-09,0025,020894,,7,3,5,4116,0,1,2,,2,048,"US-101 SOUTHBOUND","HILLSDALE BLVD",100.00,S,N,A,-,Y,,,,,,,,,,Y,2,0,4,2,A,-,01,23152,A,N,B,C,A,A,H,-,D,D,0,,,,,Y,Y,A,07,1,2,1,0,0,0,0,0,0,"- ","- ",37.481540000000003,-122.20913,"SAN MATEO","SAN MATEO",-122.28797,37.544449999999998
90010546,2015,2015-10-19,9330,2015-08-21,2048,020464,,5,2,9,4100,0,1,3,,1,010,SR-1,"JULIANA AVE",61.00,S,N,B,-,Y,,,1,,,,,,,Y,2,0,1,2,A,-,01,23152,A,N,A,C,A,A,H,-,D,D,0,,,,,Y,Y,D,22,1,0,0,0,0,0,0,0,0,"- ","- ",37.529699999999998,-122.5155,"SAN MATEO",UNINCORPORATED,-122.51556232,37.529635800000001
90011351,2015,2015-10-19,9335,2015-08-07,2115,020658,,5,2,9,4100,0,1,3,,2,040,"SR-1 S/B","SOUTH END OF DEVILS SLIDE TUNNEL",4752.00,S,N,A,-,Y,,,,,,,,,,Y,2,0,1,1,A,-,08,22107,,N,E,I,A,A,H,-,D,D,0,,,,,Y,,A,01,1,0,0,0,0,0,0,0,0,"- ","- ",37.333199999999998,-122.30521,"SAN MATEO",UNINCORPORATED,,
9001490,2019,2020-02-20,4111,2019-11-24,0017,P5159,P14,7,5,4,4111,0,0,0,,0,0P3,"ROBERTS RD","FASSLER AV",1067.00,S,N,A,-,N,,,,,,,,,,Y,2,0,1,1,A,-,01,23152,F,N,E,I,A,A,H,-,C,D,0,,,,,Y,,A,01,1,0,0,0,0,0,0,0,0,"- ","- ",37.604518890380859,-122.49770355224609,"SAN MATEO",PACIFICA,-122.49745941162109,37.604114532470703
90016729,2015,2015-10-19,9330,2015-09-03,0240,019691,,4,3,4,4109,0,1,2,,2,058,"US-101 N/B","MARSH RD. O/C",325.00,S,N,A,-,Y,,,101,,,,,,N,Y,2,0,1,1,A,-,01,23152,A,N,E,I,A,A,H,-,D,D,0,,,,,Y,Y,A,01,1,0,0,0,0,0,0,0,0,"- ","- ",37.48357,-122.18040999999999,"SAN MATEO","MENLO PARK",-122.18048806,37.483377189999999
90017313,2015,2015-10-19,9335,2015-09-08,2010,015263,,2,2,9,4100,0,3,5,,2,001,"GUADALUPE CANYON PKY","CARTER STREET",3700.00,W,N,A,-,N,,,,,,,,,,Y,2,0,1,1,A,-,01,23152,A,N,E,I,A,A,H,-,D,D,0,,,,,Y,Y,A,01,1,0,0,0,0,0,0,0,0,"- ","- ",37.415410000000001,-122.25526000000001,"SAN MATEO",UNINCORPORATED,-122.43083822,37.698470589999999
90020319,2015,2015-10-19,9330,2015-09-03,0835,021019,,4,1,4,4127,0,1,2,,2,058,"US-101 N/B","UNIVERSITY AVE",2640.00,S,N,A,-,Y,,,101,,,,,,N,Y,2,0,1,4,A,-,07,21658,A,N,D,C,A,A,H,-,A,D,0,,,Y,,Y,,A,01,1,0,0,0,0,0,0,0,1,"- ","- ",37.456879999999998,-122.13464,"SAN MATEO","EAST PALO ALTO",-122.1346331,37.456891640000002
90029612,2015,2015-10-19,9330,2015-09-21,0945,015709,,1,1,9,4100,0,3,5,,2,511,"SAND HILL ROAD","PORTOLA ROAD",0.00,,Y,A,-,N,,,,,,,,,,N,2,0,1,2,A,-,09,21802,A,N,D,G,A,A,H,-,A,D,0,,Y,,,Y,,A,01,1,0,0,0,0,0,1,0,0,"- ","- ",,,"SAN MATEO",UNINCORPORATED,-122.24505999,37.402379930000002
90034192,2015,2015-10-20,9330,2015-09-13,0015,020662,,7,3,9,4100,0,1,3,,1,011,SR-92,"PILARCITOS CREEK BRIDGE",200.00,E,N,E,-,Y,,,,,,,,,,Y,2,0,2,1,A,-,01,23152,A,N,E,I,A,A,H,-,C,D,0,,,,,Y,Y,A,01,1,1,0,0,0,0,0,0,0,"- ","- ",37.293399999999998,-122.2302,"SAN MATEO",UNINCORPORATED,-122.38581387000001,37.492331049999997
90043019,2015,2015-11-03,9335,2015-10-20,0255,020666,,2,3,4,4114,0,1,1,,2,038,"I-380 E/B","CHERRY AVE U/C",1056.00,E,N,A,-,Y,,,380,,,,,,E,Y,2,0,1,3,A,-,03,22350,,N,C,C,A,A,H,-,D,D,0,,,,Y,Y,,A,01,1,0,0,0,0,0,0,0,0,"- ","- ",37.630960000000002,-122.42319000000001,"SAN MATEO","SAN BRUNO",-122.42317604,37.630929719999997
90047760,2015,2015-11-10,9330,2015-09-26,1120,019478,,6,1,9,4100,0,3,5,,2,407,"CALIFORNIA WAY","W CALIFORNIA WAY",240.00,W,N,A,-,N,,,,,,,,,,N,2,0,1,2,A,-,05,21650,,F,A,G,A,A,H,-,A,A,0,,Y,,,Y,,A,01,1,0,0,0,0,0,1,0,0,"- ","- ",,,"SAN MATEO",UNINCORPORATED,-122.27439059,37.458661849999999
90049382,2015,2015-11-12,9330,2015-10-25,1730,021019,,7,2,9,4100,0,1,3,,1,021,SR-84,SR-35,21120.00,W,N,A,-,Y,,,84,,,,,,,Y,2,0,1,2,A,-,06,21750,,N,B,C,A,A,H,-,A,D,0,,,Y,,Y,,C,02,1,0,0,0,0,0,0,0,1,"- ","- ",37.330390000000001,-122.27016,"SAN MATEO",UNINCORPORATED,-122.27010869,37.330565739999997
90059221,2015,2015-11-25,9335,2015-11-05,1918,020889,,4,2,9,4100,0,3,5,,2,001,"GUADALUPE CANYON PKY","RADIO RD",752.00,W,N,A,-,Y,,,,,,,,,,Y,2,0,3,3,A,-,05,21651,C,N,A,C,A,A,H,-,D,D,0,,,,,Y,,A,01,3,0,0,0,0,0,0,0,0,"- ","- ",37.696249999999999,-122.43591000000001,"SAN MATEO",UNINCORPORATED,-122.43733090000001,37.696929429999997
90061892,2015,2015-11-30,9330,2015-11-24,2015,019691,,2,2,9,4100,0,1,1,,2,034,"I-280 S/B","BUNKER HILL O/C",2000.00,N,N,A,-,Y,,,,,,,,,,Y,2,0,1,2,A,-,01,23152,A,N,C,C,A,A,H,-,D,D,0,,,,,Y,Y,A,01,1,0,0,0,0,0,0,0,0,"- ","- ",,,"SAN MATEO",UNINCORPORATED,-122.35965410999999,37.527839720000003
90064462,2015,2015-12-03,9330,2015-11-17,1820,020593,,2,2,4,4120,0,1,3,,1,035,"SR-92 E/B","SAN MATEO COUNTY LINE",1584.00,W,N,A,-,Y,,,92,,,,,,E,Y,2,0,1,2,A,-,07,21658,A,N,B,C,A,A,H,-,C,D,0,,,Y,,Y,,A,07,1,0,0,0,0,0,0,0,1,"- ","- ",37.597009999999997,-122.22150999999999,"SAN MATEO","FOSTER CITY",-122.22154716,37.597133980000002
90067548,2015,2015-12-08,9330,2015-10-30,2020,020013,,5,2,5,4113,0,1,3,,1,056,"EL CAMINO REAL (SR-82) N/B","BERKSHIRE AVE",166.00,N,N,A,-,Y,,,82,,,,,,N,Y,2,0,1,2,A,-,11,21955,,N,A,B,E,A,H,-,C,D,0,Y,,,,Y,,N,60,1,0,0,0,1,0,0,0,0,"- ","- ",37.470329999999997,-122.21272,"SAN MATEO","REDWOOD CITY",-122.21293527,37.470032209999999
90069682,2015,2015-12-10,9330,2015-11-16,0959,019356,,1,1,5,4116,0,1,2,,2,038,"US-101 S/B","STATE ROUTE 92 (SR-92)",2112.00,N,N,A,-,Y,,,101,,,,,,S,Y,2,0,1,3,A,-,07,21658,A,N,B,C,A,A,H,-,A,D,0,,,Y,,Y,,A,07,1,0,0,0,0,0,0,0,1,"- ","- ",37.559440000000002,-122.30186,"SAN MATEO","SAN MATEO",-122.30186392,37.559436560000002
9007954,2019,2019-12-23,4106,2019-08-26,1535,1180,,1,5,6,4106,0,0,0,,0,001,"GENEVA AV","TALBERT ST",11.00,E,N,A,-,N,,,,,,,,,,Y,2,0,1,3,A,-,03,22350,,N,B,C,A,A,H,-,A,D,0,,,Y,,Y,Y,C,03,1,0,0,0,0,0,0,0,1,"- ","- ",,,"SAN MATEO","DALY CITY",-122.40901184082031,37.705207824707031
90099428,2015,2016-01-21,9330,2015-10-28,1856,019691,,3,2,9,4100,0,1,3,,1,020,"SR-1 N/B","BEAN HOLLOW",191.00,N,N,A,-,Y,,,,,,,,,,Y,1,1,1,2,A,-,05,21460,A,N,A,C,A,A,H,-,D,D,0,,,,,Y,,A,01,1,0,0,0,0,0,0,0,0,"- ","- ",,,"SAN MATEO",UNINCORPORATED,,
9009966,2019,2020-01-02,4103,2019-11-21,0920,SE450,1,4,5,2,4103,0,0,0,,0,00U,"BAYSHORE BL","TUNNEL AV",0.00,,Y,A,-,N,,,,,,,,,,Y,2,0,1,2,A,-,12,21453,A,N,D,C,A,A,H,-,A,A,0,,,Y,,Y,,A,01,1,0,0,0,0,0,0,0,1,"- ","- ",37.685489654541016,-122.39810943603516,"SAN MATEO",BRISBANE,-122.39813995361328,37.685440063476562
90103250,2016,2016-01-27,9330,2016-01-13,2340,019691,,3,3,9,4100,0,1,3,,2,042,"SR-35 (SKYLINE BLVD.)","HARKINS RD.",417.00,N,N,A,-,Y,,,,,,,,,,Y,2,0,1,1,A,-,01,23152,A,N,E,I,A,B,H,-,D,D,0,,,,,Y,Y,A,01,1,0,0,0,0,0,0,0,0,"- ","- ",,,"SAN MATEO",UNINCORPORATED,,
90111671,2016,2016-02-09,9330,2016-02-05,0250,020023,,5,3,9,4100,0,1,3,,1,035,"SR-92 W/B","FOSTER CITY BLVD",10560.00,E,N,A,-,Y,,,,,,,,,,Y,2,0,1,1,A,-,01,23152,A,N,E,I,A,A,H,-,C,D,0,,,,,Y,Y,A,01,1,0,0,0,0,0,0,0,0,"- ","- ",,,"SAN MATEO",UNINCORPORATED,-122.27324,37.563949999999998
90112675,2016,2016-02-10,9335,2016-01-31,0335,020157,,7,3,2,4103,0,1,2,,2,012,"US-101 S/B","ALANNA WAY. U/C",1300.00,S,N,A,-,Y,,,101,,,,,,S,Y,2,0,1,2,A,-,01,23152,A,N,C,C,A,A,H,-,D,D,0,,,,,Y,Y,A,01,1,0,0,0,0,0,0,0,0,"- ","- ",37.701000000000001,-122.39364999999999,"SAN MATEO",BRISBANE,-122.39348400999999,37.70103795
90113254,2016,2016-02-11,9335,2016-01-18,0105,021147,,1,3,9,4100,0,1,1,,2,038,"I-380 E/B TO US-101 S/B","SAN BRUNO AVENUE O/C",30.00,E,N,C,-,Y,,,,,,,,,,Y,2,0,2,1,A,-,03,22350,,N,E,I,A,B,H,-,C,D,0,,,,Y,Y,,G,25,2,0,0,0,0,0,0,0,0,"- ","- ",37.630839999999999,-122.40298,"SAN MATEO",UNINCORPORATED,,
90121506,2015,2016-02-23,9335,2015-12-25,0235,020666,,5,3,4,4111,0,1,3,,2,041,"SR-1 N/B","PALOMA AVE O/C",38.00,N,N,B,-,Y,,,1,,,,,,N,Y,1,2,1,2,A,-,01,23152,A,N,A,C,A,A,H,-,D,D,0,,,,,Y,,A,01,0,0,1,0,0,0,0,0,0,"- ","- ",37.636539999999997,-122.48979,"SAN MATEO",PACIFICA,-122.48975003,37.636542480000003
90127384,2016,2016-03-02,9330,2016-02-28,1040,020379,,7,1,9,4100,0,1,1,,2,054,"SAND HILL RD W/B","I-280 N/B",80.00,W,N,A,-,Y,,,,,,,,,,Y,2,0,1,1,A,-,08,22107,,N,F,I,A,A,H,-,A,D,0,,,Y,,Y,,C,02,1,0,0,0,0,0,0,0,1,"- ","- ",37.419269999999997,-122.21934,"SAN MATEO",UNINCORPORATED,,
90129936,2016,2016-03-07,9330,2016-02-27,0325,020761,,6,3,9,4100,0,1,3,,1,020,"SR-1 N/B","SR-84 (LA HONDA ROAD)",1901.00,S,N,A,-,Y,,,1,,,,,,N,Y,2,0,1,1,A,-,01,23152,A,N,E,I,A,A,H,-,D,D,0,,,,,Y,Y,A,01,1,0,0,0,0,0,0,0,0,"- ","- ",37.319490000000002,-122.40259,"SAN MATEO",UNINCORPORATED,-122.40255242000001,37.319477419999998
90130294,2016,2016-03-07,9330,2016-01-31,1400,020580,,7,2,9,4100,0,1,3,,1,020,"SR-1 N/B","PESCADERO CREEK RD.",0.00,,Y,A,-,Y,,,1,,,,,,N,Y,2,0,4,3,A,-,09,21802,A,N,D,C,A,A,H,-,A,D,0,,,,,Y,,A,01,2,1,1,0,0,0,0,0,0,"- ","- ",37.259689999999999,-122.41314,"SAN MATEO",UNINCORPORATED,-122.41321284,37.259706309999999
90131143,2016,2016-03-08,9330,2016-02-21,1950,020750,,7,2,4,4120,0,1,3,,2,031,"SR-92 EASTBOUND","VINTAGE PARK DR. O/C",1000.00,W,N,A,-,Y,,,92,,,,,,E,Y,2,0,4,3,A,-,07,21658,A,N,B,C,A,A,H,-,C,D,0,,,,,Y,,A,01,1,1,2,0,0,0,0,0,0,"- ","- ",37.556530000000002,-122.28476999999999,"SAN MATEO","FOSTER CITY",-122.28481906,37.556626680000001
90138408,2016,2016-03-17,9330,2016-03-09,2135,021197,,3,2,3,4110,0,1,2,,2,038,"US-101 NORTHBOUND","MILLBRAE AVE",1600.00,S,N,B,-,Y,,,,,,,,,,Y,2,0,1,2,A,-,03,22350,,M,B,C,A,A,H,-,C,D,0,,,Y,,Y,,C,02,1,0,0,0,0,0,0,0,1,"- ","- ",37.597149999999999,-122.37197999999999,"SAN MATEO",MILLBRAE,-122.37601114,37.599829659999997
9013946,2019,2020-01-16,4108,2019-07-18,1200,1585,,4,5,3,4108,0,0,0,,0,N-N,"RALSTON AV","HILLSBOROUGH BL",0.00,,Y,A,-,N,,,,,,,,,,N,2,0,1,2,A,-,09,21800,A,N,H,G,A,A,H,-,A,A,0,,Y,,,Y,,A,07,1,0,0,0,0,0,1,0,0,"- ","- ",37.571460723876953,-122.35650634765625,"SAN MATEO",HILLSBOROUGH,-122.35650634765625,37.571468353271484
9014086,2019,2020-01-17,4116,2019-11-27,1503,28071,12,3,5,5,4116,0,0,0,,0,00A,"NORTH HUMBOLDT ST","INDIAN ST",240.00,N,N,B,-,N,,,,,,,,,,Y,2,0,2,3,A,-,08,22107,,N,D,C,A,B,H,-,A,D,0,,,,,Y,,A,01,1,1,0,0,0,0,0,0,0,"- ","- ",37.577548980712891,-122.32489776611328,"SAN MATEO","SAN MATEO",-122.32546997070312,37.578037261962891
90149966,2016,2016-04-04,9330,2016-04-03,1200,020580,,7,1,5,4116,0,1,2,,2,038,"US-101 S/B","POPLAR AVE",300.00,S,N,A,-,Y,,,101,,,,,,S,N,2,0,1,1,A,-,03,22350,,N,F,A,A,A,H,-,A,A,0,,,Y,,Y,,C,02,1,0,0,0,0,0,0,0,1,"- ","- ",37.57891,-122.32281999999999,"SAN MATEO","SAN MATEO",-122.32284598,37.578881529999997
90157783,2016,2016-04-15,9330,2016-03-14,0402,020662,,1,3,4,4115,0,1,2,,2,048,"US-101 S/B","HOLLY ST.",600.00,S,N,A,-,Y,,,101,,,,,,S,Y,2,0,2,4,A,-,03,22350,,N,A,C,E,B,H,-,C,D,0,Y,,,,Y,,J,41,1,0,1,0,2,0,0,0,0,"- ","- ",37.511699999999998,-122.25333999999999,"SAN MATEO","SAN CARLOS",-122.25350627,37.51151119
90158460,2016,2016-04-15,9330,2016-04-05,0830,017991,,2,1,9,4100,0,1,3,,1,010,"SR-1 S/B","MIRADA RD",0.00,,Y,A,-,Y,,,,,,,,,,Y,2,0,2,2,A,-,09,21802,A,N,D,C,A,A,H,-,A,D,0,,,,,Y,,A,01,1,0,1,0,0,0,0,0,0,"- ","- ",,,"SAN MATEO",UNINCORPORATED,-122.45421998,37.494359920000001
90159233,2016,2016-04-18,9330,2016-04-02,0310,020662,,6,3,9,4100,0,1,3,,1,020,"PESCARDERO CREEK RD.","DEARBORN PARK RD.",880.00,E,N,A,-,N,,,,,,,,,,Y,2,0,1,1,A,-,01,23152,A,M,E,I,A,A,H,-,D,D,0,,,,,Y,Y,D,22,1,0,0,0,0,0,0,0,0,"- ","- ",37.262509999999999,-122.32293,"SAN MATEO",UNINCORPORATED,-122.32307195999999,37.26251499
90160872,2016,2016-04-19,9335,2016-04-14,1320,017806,,4,1,9,4100,0,3,5,,2,001,"WESTBOROUGH BLVD. W/B","JUNIPERO SERRA BLVD.",2640.00,E,N,B,-,Y,,,,,,,,,,Y,2,0,1,1,A,-,08,22107,,N,E,I,A,A,H,-,A,D,0,,,Y,,Y,,C,02,1,0,0,0,0,0,0,0,1,"- ","- ",37.650880000000001,-122.4415,"SAN MATEO",UNINCORPORATED,-122.44163304,37.650569640000001
90165425,2016,2016-04-26,9330,2016-03-25,1446,020580,,5,2,9,4100,0,1,3,,1,020,"SR-1 S/B","WHITEHOUSE CANYON RD.",2640.00,S,N,A,-,Y,,,1,,,,,,S,Y,2,0,1,1,A,-,03,22350,,N,F,A,A,A,H,-,A,D,0,,,Y,,Y,,C,02,1,0,0,0,0,0,0,0,1,"- ","- ",37.144489999999998,-122.33315,"SAN MATEO",UNINCORPORATED,-122.33312562,37.144565399999998
90167442,2016,2016-04-28,9335,2016-04-19,1520,015042,,2,2,4,4114,0,1,1,,2,020,"I-280 S/B","CRYSTAL SPRINGS U/C",1056.00,S,N,A,-,Y,,,,,,,,,,Y,2,0,1,2,A,-,03,22350,,N,B,C,A,A,H,-,A,D,0,,,,,Y,,A,01,1,0,0,0,0,0,0,0,0,"- ","- ",,,"SAN MATEO","SAN BRUNO",-122.42672172,37.602701400000001
90175454,2016,2016-05-09,9335,2016-04-09,0345,020991,,6,3,9,4100,0,1,2,,2,011,"US-101 S/B","WEST FIELD ROAD",424.00,N,N,B,C,Y,,,101,,,,,,S,Y,1,1,2,9,A,-,01,23152,A,N,C,C,A,B,H,-,D,D,0,,,,Y,Y,Y,D,22,0,0,2,0,0,0,0,0,0,"- ","- ",37.622790000000002,-122.40073,"SAN MATEO",UNINCORPORATED,-122.40075143,37.62278268
90177761,2016,2016-05-12,9330,2016-04-17,1845,020593,,7,2,9,4100,0,1,3,,1,021,"SR-84 W/B","MPM 84 SM 4.60",9.10,W,N,A,-,Y,,,,,,,,,,Y,2,0,2,1,A,-,08,22107,,N,E,I,A,A,H,-,A,D,0,,,,,Y,,A,01,2,0,0,0,0,0,0,0,0,"- ","- ",,,"SAN MATEO",UNINCORPORATED,,
90179661,2016,2016-05-16,9335,2016-05-05,1635,019510,,4,2,9,4100,0,1,3,,2,040,SR-1,"TOM LANTOS TUNNEL",1620.00,N,N,A,-,Y,,,1,,,,,,,Y,2,0,3,3,A,-,05,21460,A,N,A,C,A,A,H,-,A,D,0,,,,Y,Y,,A,01,1,0,2,0,0,0,0,0,0,"- ","- ",37.585290000000001,-122.50568,"SAN MATEO",UNINCORPORATED,-122.50569161,37.585344980000002
9018330,2020,2020-03-11,4117,2020-01-04,0152,17MZ04,09AA,6,5,5,4117,0,0,0,,0,001,"SOUTH LINDEN AV","VICTORY AV",1061.00,S,N,A,-,N,,,,,,,,,,N,2,0,2,3,A,-,01,23152,A,F,C,E,A,A,H,-,C,D,0,,,,,Y,Y,A,01,1,0,1,0,0,0,0,0,0,"- ","- ",37.644271850585938,-122.41358947753906,"SAN MATEO","SOUTH SAN FRANCISCO",-122.41405487060547,37.643962860107422
90183859,2016,2017-07-06,9330,2016-03-27,1855,020580,,7,2,9,4100,0,1,3,,1,021,"SR-84 E/B (LA HONDA ROAD)","SYLVAN WAY.",2640.00,E,N,A,-,Y,,,,,,,,,,Y,1,1,1,2,A,-,08,22107,,F,A,C,A,A,H,-,B,D,0,,,,,Y,,D,22,1,0,0,0,0,0,0,0,0,"- ","- ",37.313189999999999,-122.28766,"SAN MATEO",UNINCORPORATED,,
9019072,2019,2020-01-24,4127,2019-10-19,1427,2158,27,6,5,4,4127,0,0,0,,0,001,"ALBERNI ST","MENALTO AV",0.00,,Y,A,-,N,,,,,,,,,,N,2,0,1,2,A,-,12,22450,A,F,D,C,A,A,H,-,A,D,0,,,Y,,Y,,-,,1,0,0,0,0,0,0,0,1,"- ","- ",,,"SAN MATEO","EAST PALO ALTO",-122.14930725097656,37.473468780517578
90196570,2016,2016-06-08,9330,2016-05-26,1349,019960,,4,1,9,4100,0,1,3,,1,010,"SR-1 (CABRILLO HIGHWAY)","CYPRESS AVE.",0.00,,Y,A,-,Y,,,1,,,,,,,Y,2,0,3,2,A,-,09,21802,A,N,D,C,A,A,H,-,A,D,0,,,Y,,Y,,D,22,1,1,1,0,0,0,0,0,2,"- ","- ",37.524419999999999,-122.51040999999999,"SAN MATEO",UNINCORPORATED,-122.51038735,37.524442409999999