CASE_ID,ACCIDENT_YEAR,PROC_DATE,JURIS,COLLISION_DATE,COLLISION_TIME,OFFICER_ID,REPORTING_DISTRICT,DAY_OF_WEEK,CHP_SHIFT,POPULATION,CNTY_CITY_LOC,SPECIAL_COND,BEAT_TYPE,CHP_BEAT_TYPE,CITY_DIVISION_LAPD,CHP_BEAT_CLASS,BEAT_NUMBER,PRIMARY_RD,SECONDARY_RD,DISTANCE,DIRECTION,INTERSECTION,WEATHER_1,WEATHER_2,STATE_HWY_IND,CALTRANS_COUNTY,CALTRANS_DISTRICT,STATE_ROUTE,ROUTE_SUFFIX,POSTMILE_PREFIX,POSTMILE,LOCATION_TYPE,RAMP_INTERSECTION,SIDE_OF_HWY,TOW_AWAY,COLLISION_SEVERITY,NUMBER_KILLED,NUMBER_INJURED,PARTY_COUNT,PRIMARY_COLL_FACTOR,PCF_CODE_OF_VIOL,PCF_VIOL_CATEGORY,PCF_VIOLATION,PCF_VIOL_SUBSECTION,HIT_AND_RUN,TYPE_OF_COLLISION,MVIW,PED_ACTION,ROAD_SURFACE,ROAD_COND_1,ROAD_COND_2,LIGHTING,CONTROL_DEVICE,CHP_ROAD_TYPE,PEDESTRIAN_ACCIDENT,BICYCLE_ACCIDENT,MOTORCYCLE_ACCIDENT,TRUCK_ACCIDENT,NOT_PRIVATE_PROPERTY,ALCOHOL_INVOLVED,STWD_VEHTYPE_AT_FAULT,CHP_VEHTYPE_AT_FAULT,COUNT_SEVERE_INJ,COUNT_VISIBLE_INJ,COUNT_COMPLAINT_PAIN,COUNT_PED_KILLED,COUNT_PED_INJURED,COUNT_BICYCLIST_KILLED,COUNT_BICYCLIST_INJURED,COUNT_MC_KILLED,COUNT_MC_INJURED,PRIMARY_RAMP,SECONDARY_RAMP,LATITUDE,LONGITUDE,COUNTY,CITY,POINT_X,POINT_Y
90196918,2016,2016-06-08,9330,2016-03-26,1526,020580,,6,2,9,4100,0,1,3,,1,020,"SR-1 (CABRILLO HIGHWAY)","GAZOS CREEK RD.",173.00,N,N,A,-,Y,,,1,,,,,,,Y,1,1,0,2,A,-,09,21802,A,N,D,C,A,A,H,-,A,A,0,,,Y,,Y,,A,01,0,0,0,0,0,0,0,1,0,"- ","- ",37.167830000000002,-122.36156,"SAN MATEO",UNINCORPORATED,-122.36156656999999,37.167827469999999
90203607,2016,2016-06-16,9335,2016-06-08,0212,020311,,3,3,2,4103,0,1,2,,2,012,"US-101 S/B","SIERRA POINT PKWY",500.00,S,N,A,-,Y,,,101,,,,,,S,Y,2,0,1,4,A,-,01,23152,A,N,C,C,A,A,H,-,D,D,0,,,Y,Y,Y,Y,C,02,1,0,0,0,0,0,0,0,1,"- ","- ",37.673209999999997,-122.39032,"SAN MATEO",BRISBANE,-122.39031903,37.673209399999998
90204968,2016,2017-02-01,9330,2016-05-27,1950,020464,,5,2,9,4100,0,1,1,,2,054,"I-280 NORTHBOUND TO SAND HILL ROAD","I-280 NORTHBOUND",361.00,E,N,A,-,Y,,,280,,,,R,,N,Y,1,1,0,1,A,-,01,23152,A,N,E,I,A,A,H,-,B,D,0,,,,,Y,,A,01,0,0,0,0,0,0,0,0,0,"- ","- ",37.418900000000001,-122.21559999999999,"SAN MATEO",UNINCORPORATED,-122.21559999999999,37.418900000000001
90205005,2016,2016-06-20,9330,2016-06-11,1255,020464,,6,1,9,4100,0,1,3,,2,042,SR-35,"TUNITAS CREEK ROAD",0.00,,Y,A,-,Y,,,35,,,,,,,Y,2,0,1,2,A,-,12,22450,A,N,D,C,A,A,H,-,A,A,0,,,Y,,Y,,A,01,1,0,0,0,0,0,0,0,1,"- ","- ",37.424900000000001,-122.3139,"SAN MATEO",UNINCORPORATED,-122.31390835000001,37.424912589999998
90205499,2016,2016-06-20,9330,2016-06-07,1325,016795,,2,1,4,4120,0,1,3,,1,035,"SR-92 E/B","FOSTER CITY BOULEVARD",3000.00,E,N,A,-,Y,,,,,,,,,,Y,2,0,2,2,A,-,08,22107,,N,B,C,A,A,H,-,A,D,0,,,,,Y,,A,01,1,0,1,0,0,0,0,0,0,"- ","- ",,,"SAN MATEO","FOSTER CITY",-122.27312000000001,37.563879999999997
90206148,2016,2016-06-21,9330,2016-05-07,1155,020464,,6,1,9,4100,0,1,3,,2,052,"SR-35 (SKYLINE BLVD)","PAGE MILL ROAD",2112.00,S,N,B,C,Y,,,35,,,,,,,Y,1,1,0,1,A,-,03,22350,,N,E,I,A,B,H,-,A,D,0,,,,,Y,,A,01,0,0,0,0,0,0,0,0,0,"- ","- ",37.313299999999998,-122.1807,"SAN MATEO",UNINCORPORATED,-122.18080903000001,37.313263929999998
9020646,2019,2020-03-11,4117,2019-12-18,0930,5RR05,21AL,3,5,5,4117,0,0,0,,0,003,"RT 82","HICKEY BL",30.00,S,N,B,-,Y,SM,4,82,-,-,21.900,H,-,S,Y,2,0,1,2,A,-,08,22107,,N,H,A,A,B,H,-,A,D,0,,,Y,,Y,,A,07,1,0,0,0,0,0,0,0,1,"- ","- ",37.666259765625,-122.45095062255859,"SAN MATEO","SOUTH SAN FRANCISCO",-122.45117950439453,37.666316986083984
90206841,2016,2016-06-22,9330,2016-02-09,2500,020554,,2,4,9,4100,0,1,3,,2,052,"STATE ROUTE 35 (SKYLINE BLVD)","OLD LA HONDA ROAD",102.00,N,N,A,-,Y,,,35,,,,,,,Y,1,1,0,1,A,-,01,23152,A,N,E,I,A,A,H,-,D,D,0,,,,,Y,Y,A,07,0,0,0,0,0,0,0,0,0,"- ","- ",37.37144,-122.25283,"SAN MATEO",UNINCORPORATED,-122.25282171000001,37.371887899999997
90206871,2016,2016-06-22,9330,2016-06-11,1508,020554,,6,2,5,4113,0,1,2,,2,048,"US-101 S/B","WHIPPLE AVE.",0.00,,N,A,-,Y,,,101,,,,,,S,Y,2,0,1,1,A,-,03,22350,,N,F,A,A,A,H,-,A,D,0,,,Y,,Y,,C,02,1,0,0,0,0,0,0,0,1,"- ","- ",37.495930000000001,-122.23186,"SAN MATEO","REDWOOD CITY",-122.23186941,37.495898009999998
90210743,2016,2016-06-28,9330,2016-05-19,0340,020023,,4,3,9,4100,0,1,3,,2,052,"SR-35 (SKYLINE BLVD.)","PAGE MILL RD.",2112.00,S,N,B,-,Y,,,,,,,,,,Y,1,1,0,1,A,-,01,23152,A,N,E,I,A,A,H,-,D,D,0,,,,,Y,Y,A,07,0,0,0,0,0,0,0,0,0,"- ","- ",37.31427,-122.18107999999999,"SAN MATEO",UNINCORPORATED,,
90215847,2016,2016-07-05,9335,2016-06-26,1805,020658,,7,2,4,4111,0,1,3,,2,041,"SR-1 S/B","MANOR DRIVE PHYSICAL GORE",2733.00,N,N,A,-,Y,,,1,,,,,,S,N,2,0,1,1,A,-,08,22107,,N,E,I,A,A,H,-,A,D,0,,,Y,,Y,,C,02,1,0,0,0,0,0,0,0,1,"- ","- ",37.658009999999997,-122.48572,"SAN MATEO",PACIFICA,-122.4857037,37.657967499999998
90219720,2016,2016-07-11,9335,2016-07-03,1120,020157,,7,1,5,4117,0,1,2,,2,012,"US-101 N/B","OYSTER POINT BLVD. O/C",1100.00,S,N,A,-,Y,,,101,,,,,,N,Y,2,0,1,2,A,-,03,22350,,N,C,C,A,A,H,-,A,D,0,,,Y,,Y,,C,02,1,0,0,0,0,0,0,0,1,"- ","- ",37.661920000000002,-122.40173,"SAN MATEO","SOUTH SAN FRANCISCO",-122.40175499,37.66195999
90229636,2016,2016-07-25,9330,2016-07-22,1315,019478,,5,1,9,4100,0,3,5,,2,305,"ROXBURY LN","FORGE RD",50.00,W,N,A,-,N,,,,,,,,,,N,2,0,1,1,A,-,08,22107,,N,E,I,A,A,H,-,A,A,0,,Y,,,Y,,L,04,1,0,0,0,0,0,1,0,0,"- ","- ",,,"SAN MATEO",UNINCORPORATED,-122.35143194,37.529140419999997
90233984,2016,2016-08-01,9335,2016-04-26,0323,018829,,2,3,9,4100,0,1,3,,2,040,SR-1,"N PEAK ACCESS ROAD",1272.00,N,N,B,-,Y,,,1,,,,,,,Y,1,1,0,1,A,-,08,22107,,N,E,I,A,A,H,-,D,D,0,,,,,Y,,A,01,0,0,0,0,0,0,0,0,0,"- ","- ",37.557290000000002,-122.51362,"SAN MATEO",UNINCORPORATED,-122.51364473,37.557252910000003
90250184,2016,2016-08-23,9330,2016-08-09,1710,021265,,2,2,9,4100,0,1,3,,1,011,SR-92,"HALF MOON BAY CITY LIMITS",354.00,E,N,A,-,Y,,,,,,,,,,Y,2,0,1,3,A,-,09,21804,A,N,A,C,A,A,H,-,A,D,0,,,Y,,Y,,A,01,1,0,0,0,0,0,0,0,1,"- ","- ",37.284170000000003,-122.24500999999999,"SAN MATEO",UNINCORPORATED,,
9026203,2020,2020-02-25,4116,2020-01-19,2051,28252,13,7,5,5,4116,0,0,0,,0,0DT,"2ND AV","SAN MATEO DR",0.00,,Y,B,-,N,,,,,,,,,,Y,2,0,1,2,A,-,08,22107,,N,B,E,A,A,H,-,A,A,0,,,,,Y,,A,01,1,0,0,0,0,0,0,0,0,"- ","- ",37.565078735351562,-122.32494354248047,"SAN MATEO","SAN MATEO",-122.32492828369141,37.565071105957031
90262811,2016,2016-09-07,9330,2016-07-30,1125,021204,,6,1,9,4100,0,1,3,,1,021,"SR-84 (LA HONDA ROAD)","HILDEBRAND ROAD",4752.00,E,N,A,-,Y,,,84,,,,,,,Y,1,1,0,1,A,-,03,22350,,N,F,A,A,A,H,-,A,D,0,,,Y,,Y,,C,02,0,0,0,0,0,0,0,1,0,"- ","- ",37.334800000000001,-122.26909999999999,"SAN MATEO",UNINCORPORATED,-122.26920828,37.334719059999998
90265262,2016,2016-10-26,9335,2016-08-31,0005,017150,,3,3,9,4100,0,1,2,,2,011,"US 101 N/B","MILLBRAE AVE",450.00,N,N,A,-,Y,,,,,,,,,,Y,2,0,1,1,A,-,01,23152,A,N,E,I,A,A,H,-,C,D,0,,,,,Y,Y,D,22,1,0,0,0,0,0,0,0,0,"- ","- ",37.603499999999997,-122.38191,"SAN MATEO",UNINCORPORATED,-122.38147924,37.60340566
90269917,2016,2016-09-19,9330,2016-08-20,1925,020577,,6,2,4,4109,0,3,5,,2,511,"SAND HILL RD","WHISKEY HILL RD",22.00,E,N,A,-,N,,,,,,,,,,Y,2,0,1,2,A,-,09,21802,A,N,D,C,A,A,H,-,A,D,0,,,,,Y,,A,01,1,0,0,0,0,0,0,0,0,"- ","- ",37.412410000000001,-122.24021,"SAN MATEO","MENLO PARK",-122.24015442,37.412413360000002
90270014,2016,2016-09-19,9335,2016-08-29,0800,019213,,1,1,5,4117,0,1,2,,2,012,"US-101 N/B","SIERRA POINT RD",1000.00,S,N,A,-,Y,,,101,,,,,,N,Y,2,0,1,4,A,-,07,21658,A,N,B,C,A,A,H,-,A,D,0,,,Y,,Y,,A,01,1,0,0,0,0,0,0,0,1,"- ","- ",37.659500000000001,-122.40472,"SAN MATEO","SOUTH SAN FRANCISCO",-122.40473342999999,37.659509030000002
90271578,2016,2016-09-20,9330,2016-08-25,2300,020900,,4,3,5,4116,0,1,3,,2,031,"SR-92 EB","US-101 NB",1000.00,S,N,A,-,Y,,,92,,,,,,E,Y,2,0,1,1,A,-,03,22350,,N,E,I,A,A,H,-,D,D,0,,,Y,,Y,Y,C,02,1,0,0,0,0,0,0,0,1,"- ","- ",37.552880000000002,-122.29387,"SAN MATEO","SAN MATEO",-122.29396595999999,37.553344279999997
90276425,2016,2016-09-27,9330,2016-09-04,1150,019478,,7,1,9,4100,0,1,1,,2,034,"I-280 NB","VISTA 3",800.00,S,N,A,-,Y,,,,,,,,,,Y,2,0,2,2,A,-,08,22107,,N,B,C,A,A,H,-,A,A,0,,,,,Y,,A,07,1,1,0,0,0,0,0,0,0,"- ","- ",,,"SAN MATEO",UNINCORPORATED,,
90279077,2016,2016-09-29,9330,2016-09-05,1325,018415,,1,1,9,4100,0,3,5,,2,205,"CLOVERDALE RD.","GAZOS CREEK RD.",1584.00,N,N,A,-,N,,,,,,,,,,Y,2,0,1,1,A,-,08,22107,,N,F,J,A,A,H,-,A,D,0,,,Y,,Y,,C,02,1,0,0,0,0,0,0,0,1,"- ","- ",,,"SAN MATEO",UNINCORPORATED,-122.34091428000001,37.190349990000001
9028632,2020,2020-03-11,4104,2020-01-10,0818,0251,10,5,5,4,4104,0,0,0,,0,00B,"DE SOTO AV","HILLSIDE DR",240.00,N,N,A,-,N,,,,,,,,,,N,2,0,1,2,A,-,11,21954,A,N,G,B,E,A,H,-,A,D,0,Y,,,,Y,,N,60,1,0,0,0,1,0,0,0,0,"- ","- ",37.583320617675781,-122.3768310546875,"SAN MATEO",BURLINGAME,-122.37684631347656,37.583038330078125
90293450,2016,2016-10-17,9330,2016-09-28,1658,021414,,3,2,9,4100,0,3,5,,2,004,"CANADA ROAD",SR-92,7920.00,S,N,A,-,N,,,,,,,,,,Y,2,0,1,1,A,-,03,22350,,N,F,A,A,A,H,-,A,D,0,,,,,Y,,A,07,1,0,0,0,0,0,0,0,0,"- ","- ",37.499040000000001,-122.32935000000001,"SAN MATEO",UNINCORPORATED,-122.32443507000001,37.492455960000001
90296572,2016,2016-10-20,9330,2016-09-15,1525,021319,,4,2,9,4100,0,3,5,,2,503,"SR-84 (WOODSIDE RD) E/B","BONSEN COURT",764.00,W,N,A,-,N,,,,,,,,,,Y,2,0,1,3,A,-,03,22350,,N,G,B,E,A,H,-,A,D,0,Y,,,,Y,,A,01,1,0,0,0,1,0,0,0,0,"- ","- ",37.445639999999997,-122.23356,"SAN MATEO",UNINCORPORATED,-122.23349154,37.445786349999999
90297992,2016,2016-10-21,9330,2016-10-09,0840,020379,,7,1,9,4100,0,1,3,,1,020,"TUNITAS CREEK W/B","LOBITOS CREEK ROAD",1056.00,E,N,A,-,N,,,,,,,,,,Y,2,0,1,1,A,-,03,22350,,N,E,I,A,A,C,D,A,D,0,,,Y,,Y,,C,02,1,0,0,0,0,0,0,0,1,"- ","- ",37.243400000000001,-122.21422,"SAN MATEO",UNINCORPORATED,-122.36077616,37.401633220000001
90298894,2016,2016-10-24,9330,2016-09-25,0442,020646,,7,3,4,4109,0,1,2,,2,058,"US 101 N/B","HENDERSON AVE RR",335.00,N,N,A,-,Y,,,,,,,,,,Y,2,0,2,3,C,-,18,,,N,B,C,A,A,H,-,D,D,0,,,,,Y,,-,"- ",1,0,1,0,0,0,0,0,0,"- ","- ",37.478999999999999,-122.1726,"SAN MATEO","MENLO PARK",,
90300162,2016,2016-10-25,9330,2016-06-29,1225,018415,,3,1,9,4100,0,1,1,,2,054,"I-280 NORTHBOUND","FARM HILL BLVD.",528.00,S,N,A,-,Y,,,,,,,,,,Y,1,1,0,1,A,-,08,22107,,N,E,I,A,A,H,-,A,D,0,,,,,Y,,A,01,0,0,0,0,0,0,0,0,0,"- ","- ",37.444310000000002,-122.25662,"SAN MATEO",UNINCORPORATED,-122.26345000000001,37.443899999999999
90300186,2016,2016-10-25,9330,2016-10-02,1720,020580,,7,2,9,4100,0,1,3,,1,021,"SR-84 W/B","OLD LA HOND RD.",2640.00,E,N,A,-,Y,,,,,,,,,,Y,2,0,1,1,A,-,08,22107,,N,F,I,A,A,H,-,A,D,0,,,,,Y,,A,01,1,0,0,0,0,0,0,0,0,"- ","- ",37.361660000000001,-122.26099000000001,"SAN MATEO",UNINCORPORATED,,
90313585,2016,2016-11-08,9330,2016-10-23,1545,021350,,7,2,4,4120,0,1,3,,1,035,"SR-92 W/B","PIER ONE",7920.00,E,N,A,-,Y,,,92,,,,,,W,Y,2,0,2,3,A,-,03,22350,,N,C,C,A,A,H,-,A,D,0,,,,,Y,,A,01,1,0,1,0,0,0,0,0,0,"- ","- ",37.587620000000001,-122.24723,"SAN MATEO","FOSTER CITY",-122.24720517,37.587592600000001
90316720,2016,2016-11-10,9345,2016-10-28,1310,020920,,5,1,4,4109,0,1,3,,2,084,"SR-84 S/B","UNIVERSITY AVE",12.00,N,N,B,-,Y,,,84,,,,,,S,Y,2,0,3,2,A,-,03,22350,,N,C,C,A,A,H,-,A,A,0,,,,,Y,,D,22,1,1,1,0,0,0,0,0,0,"- ","- ",37.486649999999997,-122.14266000000001,"SAN MATEO","MENLO PARK",-122.14260951999999,37.486594140000001
90327366,2016,2017-01-20,9330,2016-11-05,0255,021356,,6,3,9,4100,0,1,1,,2,034,"I-280 NORTHBOUND","BUNKER HILL BLVD",211.00,N,N,A,-,Y,,,,,,,,,,Y,2,0,2,1,A,-,08,22107,,N,E,I,A,A,H,-,C,D,0,,,,,Y,,A,07,1,1,0,0,0,0,0,0,0,"- ","- ",37.527299999999997,-122.35602,"SAN MATEO",UNINCORPORATED,-122.35616521999999,37.52362857
90331551,2016,2016-11-29,9330,2016-11-01,2130,016184,,2,2,9,4100,0,1,1,,2,044,"I-280 NORTHBOUND","EDGEWOOD RD.",11088.00,S,N,A,-,Y,,,,,,,,,,Y,2,0,1,1,A,-,08,22107,,N,F,A,A,A,H,-,D,D,0,,,,,Y,,A,07,1,0,0,0,0,0,0,0,0,"- ","- ",37.446779999999997,-122.27327,"SAN MATEO",UNINCORPORATED,-122.27088791,37.445223579999997
90352739,2016,2016-12-27,9330,2016-12-13,1800,020322,,2,2,4,4120,0,1,3,,1,035,SR-92,"SUB STATION #2",1200.00,W,N,A,-,Y,,,92,,,,,,,Y,2,0,1,4,A,-,03,22350,,N,C,C,A,A,H,-,C,D,0,,,,,Y,,A,01,1,0,0,0,0,0,0,0,0,"- ","- ",37.570039999999999,-122.26618999999999,"SAN MATEO","FOSTER CITY",-122.26620188,37.57005298
90353283,2016,2016-12-27,9330,2016-09-08,1400,020778,,4,2,9,4100,0,1,3,,2,052,"SR-35 (SKYLINE BOULEVARD)","ALPINE ROAD",1056.00,N,N,A,-,Y,,,35,,,,,,,Y,1,1,2,1,A,-,03,22350,,N,E,I,A,A,H,-,A,D,0,,,,,Y,,A,01,1,1,0,0,0,0,0,0,0,"- ","- ",37.317680000000003,-122.18983,"SAN MATEO",UNINCORPORATED,-122.1899095,37.317581279999999
90356349,2016,2016-12-28,9330,2016-12-13,2038,021508,,2,2,5,4113,0,3,5,,2,407,"EDGEWOOD ROAD","SCENIC DRIVE",0.00,,Y,B,-,N,,,,,,,,,,Y,2,0,1,2,A,-,09,21801,A,N,D,C,A,B,H,-,C,A,0,,,Y,,Y,,A,01,1,0,0,0,0,0,0,0,1,"- ","- ",37.479700000000001,-122.2595,"SAN MATEO","REDWOOD CITY",-122.25952993,37.479649969999997
90373198,2017,2017-01-19,9335,2017-01-07,0015,021301,,6,3,9,4100,0,1,2,,2,011,"US-101 N/B","BAY AREA RAPID TRANSIT O/C",1372.00,N,N,B,C,Y,,,101,,,,,,N,Y,2,0,3,2,A,-,03,22350,,N,C,C,A,B,H,-,D,D,0,,,,,Y,,A,01,1,1,1,0,0,0,0,0,0,"- ","- ",37.619199999999999,-122.3993,"SAN MATEO",UNINCORPORATED,-122.39920445999999,37.619232599999997
90377380,2016,2017-01-25,9330,2016-12-19,0415,021356,,1,3,4,4115,0,1,2,,2,048,"US-101 NORTHBOUND","HOLLY ST",650.00,N,N,A,-,Y,,,101,,,,,,N,Y,2,0,1,3,A,-,01,23152,A,N,B,C,A,A,H,-,C,D,0,,,,Y,Y,Y,A,01,1,0,0,0,0,0,0,0,0,"- ","- ",37.514499999999998,-122.25767999999999,"SAN MATEO","SAN CARLOS",-122.25723566000001,37.515013770000003
90385389,2016,2017-02-03,9330,2016-12-16,2500,017984,,5,4,5,4116,0,1,3,,2,031,"US-101 NB FROM SR-92 EB","US-101 N/B (BAYSHORE FREEWAY) U/C",407.00,E,N,A,-,Y,,,101,,,,R,,N,Y,1,1,0,1,A,-,01,23152,A,N,E,I,A,A,H,-,C,A,0,,,,,Y,Y,A,01,0,0,0,0,0,0,0,0,0,"- ","- ",37.552720000000001,-122.29367999999999,"SAN MATEO","SAN MATEO",-122.29367999999999,37.552720000000001
90389137,2016,2017-02-09,9335,2016-11-14,0100,021277,,1,3,9,4100,0,1,2,,2,011,"US-101 N/B","SAN BRUNO AVENUE",3906.00,S,N,A,-,Y,,,,,,,,,,Y,1,1,0,3,A,-,11,21954,A,N,G,B,E,A,H,-,D,D,0,Y,,,,Y,,N,60,0,0,0,1,0,0,0,0,0,"- ","- ",37.63082,-122.39966,"SAN MATEO",UNINCORPORATED,-122.39979963,37.620896930000001
90390072,2017,2017-02-10,9335,2017-02-02,1830,020889,,4,2,6,4106,0,1,3,,2,035,"SR-35 S/B","WESTMOOR AVE.",5491.00,S,N,B,C,Y,,,35,,,,,,S,N,2,0,1,2,A,-,21,22106,,N,G,B,E,B,H,-,C,A,0,Y,,,,Y,,J,48,1,0,0,0,1,0,0,0,0,"- ","- ",37.668619999999997,-122.48557,"SAN MATEO","DALY CITY",-122.48551945,37.668682099999998
90396638,2017,2017-02-21,9330,2017-02-12,2155,020894,,7,2,4,4109,0,1,2,,2,058,"US-101 SOUTHBOUND","WILLOW RD",275.00,S,N,A,-,Y,,,101,,,,,,S,Y,2,0,2,1,A,-,03,22350,,N,E,I,A,A,H,-,D,D,0,,,,,Y,,A,01,1,1,0,0,0,0,0,0,0,"- ","- ",37.468029999999999,-122.15422,"SAN MATEO","MENLO PARK",-122.15414259000001,37.468161879999997
9039687,2020,2020-09-24,4114,2020-01-03,1245,0869,SNB8,5,5,4,4114,0,0,0,,0,002,"EL CAMINO REAL","SAN MARCO AV",24.00,N,N,A,-,Y,SM,4,82,-,-,17.600,H,-,N,Y,2,0,5,2,A,-,09,21802,A,N,D,C,A,A,H,-,A,A,0,,,,,Y,,A,07,1,0,4,0,0,0,0,0,0,"- ","- ",,,"SAN MATEO","SAN BRUNO",-122.40744781494141,37.616352081298828
90401339,2017,2017-05-16,9330,2017-02-17,0915,021510,,5,1,5,4113,0,1,2,,2,058,"US-101 S/B","MARSH RD",300.00,N,N,B,C,Y,,,101,,,,,,S,Y,2,0,5,2,A,-,17,21658,,N,C,C,A,B,H,-,B,D,0,,,,,Y,,A,01,1,1,3,0,0,0,0,0,0,"- ","- ",37.483669999999996,-122.18186,"SAN MATEO","REDWOOD CITY",-122.18186138,37.483665860000002
90403571,2016,2017-03-01,9330,2016-11-13,0210,021197,,7,3,5,4116,0,1,2,,2,038,"US-101 NORTHBOUND","3RD AVE",100.00,S,N,A,-,Y,,,101,,,,,,N,Y,1,1,3,1,A,-,01,23152,A,N,E,I,A,A,H,-,C,D,0,,,,,Y,Y,A,01,0,3,0,0,0,0,0,0,0,"- ","- ",37.570500000000003,-122.31285,"SAN MATEO","SAN MATEO",-122.31311504,37.570209310000003
90412826,2017,2017-03-15,9330,2017-03-08,0655,018415,,3,1,5,4113,0,1,2,,2,048,"US-101 SOUTHBOUND","MAPLE ST.",200.00,S,N,A,-,Y,,,,,,,,,,Y,2,0,1,2,A,-,08,22107,,F,B,C,A,A,H,-,A,D,0,,,,,Y,,-,99,1,0,0,0,0,0,0,0,0,"- ","- ",,,"SAN MATEO","REDWOOD CITY",-122.22011771,37.491772539999999
90424107,2017,2017-03-30,9330,2017-03-28,0600,015268,,2,1,9,4100,0,1,1,,2,034,"I-280 SOUTHBOUND",SR-92,3696.00,N,N,A,-,Y,,,280,,,,,,S,Y,2,0,1,1,C,-,18,,,N,E,H,A,A,H,-,D,D,0,,,Y,,Y,,-,"- ",1,0,0,0,0,0,0,0,1,"- ","- ",37.513649999999998,-122.34832,"SAN MATEO",UNINCORPORATED,-122.34837450000001,37.513591470000001
9042675,2020,2020-02-25,4113,2020-01-13,0044,456,7,1,5,5,4113,0,0,0,,0,007,"EDGEWOOD RD","ALAMEDA DE LAS PULGAS",180.00,W,N,C,-,N,,,,,,,,,,Y,2,0,1,1,A,-,"- ",,,N,E,I,A,B,H,-,C,D,0,,,,,Y,,A,01,1,0,0,0,0,0,0,0,0,"- ","- ",37.482429504394531,-122.25681304931641,"SAN MATEO","REDWOOD CITY",-122.25609588623047,37.482574462890625
90427068,2016,2017-04-04,9330,2016-09-16,1255,021019,,5,1,4,4127,0,1,2,,2,058,"US-101 NORTHBOUND","UNIVERSITY AVENUE",2112.00,N,N,A,-,Y,,,101,,,,,,N,Y,1,1,0,2,C,-,18,,,N,H,J,A,A,H,-,A,D,0,,,,Y,Y,,-,"- ",0,0,0,0,0,0,0,0,0,"- ","- ",37.464030000000001,-122.14687000000001,"SAN MATEO","EAST PALO ALTO",-122.14684662000001,37.464069909999999
90436639,2017,2017-04-18,9330,2017-04-09,1337,021319,,7,1,9,4100,0,1,3,,2,042,SR-35,SR-92,5280.00,S,N,A,-,Y,,,35,,,,,,,Y,2,0,1,2,A,-,05,21460,A,N,A,C,A,A,H,-,A,D,0,,,Y,,Y,,C,02,1,0,0,0,0,0,0,0,1,"- ","- ",37.484299999999998,-122.3622,"SAN MATEO",UNINCORPORATED,-122.36220158,37.484305509999999
9043918,2020,2020-11-20,4117,2020-02-02,1416,18VM09,17BI,7,5,5,4117,0,0,0,,0,002,"RT 82","PONDEROSA RD",108.00,N,N,A,-,Y,SM,4,82,-,-,20.160,H,-,S,N,2,0,1,2,A,-,09,21804,A,F,D,C,A,A,H,-,A,D,0,,,,,Y,,D,22,1,0,0,0,0,0,0,0,0,"- ","- ",37.649040222167969,-122.43015289306641,"SAN MATEO","SOUTH SAN FRANCISCO",-122.42974853515625,37.64892578125
90447031,2017,2017-05-02,9330,2017-05-01,0155,020322,,1,3,4,4120,0,1,3,,1,035,SR-92,"ALAMEDA COUNTY LINE",1500.00,W,N,A,-,Y,,,92,,,,,,,Y,2,0,1,2,A,-,01,23152,A,N,C,C,A,A,H,-,C,D,0,,,,,Y,Y,A,01,1,0,0,0,0,0,0,0,0,"- ","- ",37.604840000000003,-122.19534,"SAN MATEO","FOSTER CITY",-122.19536128,37.604911610000002
90465874,2017,2017-05-29,9330,2017-05-19,1453,021511,,5,2,5,4116,0,1,2,,2,038,"US-101 S/B","POPLAR AVE",150.00,N,N,A,-,Y,,,101,,,,,,S,Y,2,0,1,2,A,-,03,22350,,N,C,C,A,A,H,-,A,D,0,,,,,Y,,A,01,1,0,0,0,0,0,0,0,0,"- ","- ",37.581569999999999,-122.3258,"SAN MATEO","SAN MATEO",-122.3257917,37.581578960000002
90489220,2017,2017-06-28,9330,2017-01-13,1845,020954,,5,2,4,4115,0,1,2,,2,048,"US 101 SOUTHBOUND","HOLLY STREET",2938.00,S,N,B,-,Y,,,,,,,,,,Y,1,1,0,2,A,-,11,21954,A,F,G,B,D,A,H,-,D,D,0,Y,,,,Y,Y,N,60,0,0,0,1,0,0,0,0,0,"- ","- ",37.507959999999997,-122.24963,"SAN MATEO","SAN CARLOS",-122.24943986,37.507857950000002
90497681,2017,2017-07-11,9330,2017-07-02,2135,020900,,7,2,4,4102,0,1,2,,2,048,"US-101 SB","RALSTON AVE",3696.00,N,N,A,-,Y,,,101,,,,,,S,Y,2,0,1,1,A,-,01,23152,A,N,E,J,A,A,H,-,D,D,0,,,,,Y,Y,A,01,1,0,0,0,0,0,0,0,0,"- ","- ",37.534550000000003,-122.27903999999999,"SAN MATEO",BELMONT,-122.27891748,37.534662419999997
90500447,2017,2017-07-14,9335,2017-07-01,2327,021646,,6,3,9,4100,0,1,2,,2,011,"US-101 N/B","MILLBRAE AVE OVERCROSSING",2000.00,N,N,A,-,Y,,,101,,,,,,N,Y,2,0,2,1,A,-,01,23152,A,N,E,I,A,A,H,-,C,D,0,,,,,Y,Y,A,01,1,0,1,0,0,0,0,0,0,"- ","- ",37.606349999999999,-122.3856,"SAN MATEO",UNINCORPORATED,-122.38570292999999,37.606192219999997