CASE_ID,ACCIDENT_YEAR,PROC_DATE,JURIS,COLLISION_DATE,COLLISION_TIME,OFFICER_ID,REPORTING_DISTRICT,DAY_OF_WEEK,CHP_SHIFT,POPULATION,CNTY_CITY_LOC,SPECIAL_COND,BEAT_TYPE,CHP_BEAT_TYPE,CITY_DIVISION_LAPD,CHP_BEAT_CLASS,BEAT_NUMBER,PRIMARY_RD,SECONDARY_RD,DISTANCE,DIRECTION,INTERSECTION,WEATHER_1,WEATHER_2,STATE_HWY_IND,CALTRANS_COUNTY,CALTRANS_DISTRICT,STATE_ROUTE,ROUTE_SUFFIX,POSTMILE_PREFIX,POSTMILE,LOCATION_TYPE,RAMP_INTERSECTION,SIDE_OF_HWY,TOW_AWAY,COLLISION_SEVERITY,NUMBER_KILLED,NUMBER_INJURED,PARTY_COUNT,PRIMARY_COLL_FACTOR,PCF_CODE_OF_VIOL,PCF_VIOL_CATEGORY,PCF_VIOLATION,PCF_VIOL_SUBSECTION,HIT_AND_RUN,TYPE_OF_COLLISION,MVIW,PED_ACTION,ROAD_SURFACE,ROAD_COND_1,ROAD_COND_2,LIGHTING,CONTROL_DEVICE,CHP_ROAD_TYPE,PEDESTRIAN_ACCIDENT,BICYCLE_ACCIDENT,MOTORCYCLE_ACCIDENT,TRUCK_ACCIDENT,NOT_PRIVATE_PROPERTY,ALCOHOL_INVOLVED,STWD_VEHTYPE_AT_FAULT,CHP_VEHTYPE_AT_FAULT,COUNT_SEVERE_INJ,COUNT_VISIBLE_INJ,COUNT_COMPLAINT_PAIN,COUNT_PED_KILLED,COUNT_PED_INJURED,COUNT_BICYCLIST_KILLED,COUNT_BICYCLIST_INJURED,COUNT_MC_KILLED,COUNT_MC_INJURED,PRIMARY_RAMP,SECONDARY_RAMP,LATITUDE,LONGITUDE,COUNTY,CITY,POINT_X,POINT_Y
90501505,2017,2017-07-17,9330,2017-07-07,1710,021609,,5,2,9,4100,0,1,3,,1,021,SR-84,"MPM 84 SM 8.84",7392.00,W,N,A,-,Y,,,84,,,,,,,N,2,0,1,1,A,-,01,23152,A,N,F,A,A,A,H,-,A,D,0,,,,,Y,Y,D,22,1,0,0,0,0,0,0,0,0,"- ","- ",37.312539999999998,-122.28846,"SAN MATEO",UNINCORPORATED,-122.28847620000001,37.31256715
9051567,2020,2020-10-26,4100,2020-01-25,1015,15320,WDS,6,5,2,4118,0,0,0,,0,030,"RT 84","RT 35",3500.00,W,N,B,-,Y,SM,4,35,-,-,10.580,H,-,S,N,2,0,1,1,A,-,03,22350,,N,H,G,A,D,H,-,A,D,0,,Y,,,Y,,L,04,1,0,0,0,0,0,1,0,0,"- ","- ",,,"SAN MATEO",WOODSIDE,-122.26450347900391,37.386528015136719
90516883,2017,2017-08-04,9335,2017-05-26,1500,021436,,5,2,4,4114,1,4,S,,2,901,"HUNTINGTON AVE","ANGUS AVE",1531.00,S,N,A,-,N,,,,,,,,,,N,2,0,1,1,C,-,18,,,N,H,A,A,A,H,-,A,D,0,,,,,Y,,-,"- ",1,0,0,0,0,0,0,0,0,"- ","- ",37.622529999999998,-122.40745,"SAN MATEO","SAN BRUNO",-122.40757637999999,37.62276026
90518388,2017,2017-08-08,9330,2017-07-27,1935,021319,,4,2,9,4100,0,1,3,,1,010,"SR-1 N/B","MAGELLON AVE",10.00,S,N,A,-,Y,,,1,,,,,,N,N,2,0,1,1,A,-,03,22350,,N,E,I,A,A,H,-,B,D,0,,Y,,,Y,,L,04,1,0,0,0,0,0,1,0,0,"- ","- ",37.497120000000002,-122.46037,"SAN MATEO",UNINCORPORATED,-122.4603936,37.497059
9051979,2020,2020-06-04,4116,2020-02-01,1007,28071,12,6,5,5,4116,0,0,0,,0,00A,"N HUMBOLDT ST","EAST POPLAR AV",0.00,,Y,A,-,N,,,,,,,,,,N,2,0,1,2,A,-,10,21950,A,N,G,B,B,A,H,-,A,A,0,Y,,,,Y,,A,01,1,0,0,0,1,0,0,0,0,"- ","- ",37.578830718994141,-122.325927734375,"SAN MATEO","SAN MATEO",-122.32631683349609,37.578819274902344
90524136,2017,2017-08-16,9330,2017-08-14,1010,019478,,1,1,9,4100,0,3,5,,2,203,"PESCADERO CREEK RD","LOMA MAR AVE",3696.00,W,N,B,-,N,,,,,,,,,,Y,2,0,1,1,A,-,08,22107,,N,E,I,A,B,H,-,A,A,0,,,,,Y,,A,01,1,0,0,0,0,0,0,0,0,"- ","- ",,,"SAN MATEO",UNINCORPORATED,-122.31347959999999,37.264115449999998
90526651,2017,2017-08-21,9330,2017-08-11,1710,021145,,5,2,9,4100,0,1,1,,2,044,"KINGS MOUNTIAN RD.","HUDDART PARK",8976.00,W,N,A,-,N,,,,,,,,,,Y,2,0,1,1,A,-,03,22350,,N,E,J,A,A,H,-,A,D,0,,,Y,,Y,,C,02,1,0,0,0,0,0,0,0,1,"- ","- ",37.433259999999997,-122.29411,"SAN MATEO",UNINCORPORATED,-122.29851812,37.428345980000003
90527917,2017,2017-08-22,9330,2017-08-16,1515,016324,,3,2,4,4109,0,1,2,,2,158,"US-101 N/B","RINGWOOD PED O/C",430.00,N,N,A,-,Y,,,,,,,,,,N,2,0,1,2,A,-,07,21658,A,F,B,C,A,A,H,-,A,D,0,,,Y,,Y,,-,99,1,0,0,0,0,0,0,0,1,"- ","- ",37.283430000000003,-122.10353000000001,"SAN MATEO","MENLO PARK",,
90535771,2017,2017-08-29,9330,2017-08-17,0530,019198,,4,3,9,4100,0,1,1,,2,034,"I-280 S/B","BUNKER HILL BLVD",1197.00,N,N,A,-,Y,,,,,,,,,,Y,2,0,2,2,A,-,03,22350,,N,C,C,A,A,H,-,A,D,0,,,,,Y,,D,22,1,1,0,0,0,0,0,0,0,"- ","- ",35.526649999999997,-122.35883,"SAN MATEO",UNINCORPORATED,-122.35847582,37.525852219999997
90537374,2017,2017-08-30,9335,2017-08-23,1450,021770,,3,2,9,4100,0,3,5,,2,001,"GUADALUPE CANYON PARKWAY","RADIO RD",4800.00,W,N,A,-,N,,,,,,,,,,Y,2,0,1,1,A,-,08,22107,,N,E,I,A,A,H,-,A,D,0,,,Y,,Y,,C,02,1,0,0,0,0,0,0,0,1,"- ","- ",37.701659999999997,-122.44816,"SAN MATEO",UNINCORPORATED,-122.44956655,37.701051560000003
90538614,2017,2017-09-01,9330,2017-08-27,1045,021243,,7,1,9,4100,0,1,3,,1,021,"SR-84 (WOODSIDE ROAD)","HILDEBRAND AVENUE",3696.00,E,N,A,-,Y,,,84,,,,,,,Y,2,0,1,1,A,-,08,22107,,N,F,A,A,A,H,-,A,D,0,,,Y,,Y,,C,02,1,0,0,0,0,0,0,0,1,"- ","- ",37.332880000000003,-122.27145,"SAN MATEO",UNINCORPORATED,-122.27134751,37.332892319999999
90538733,2017,2017-09-01,9330,2017-08-27,1235,017991,,7,1,9,4100,0,1,3,,1,011,"SR-92 W/B","CANADA RD",375.00,E,N,A,-,N,,,,,,,,,,Y,2,0,4,4,A,-,03,22350,,N,C,C,A,A,H,-,A,D,0,,,,,Y,,A,01,1,1,2,0,0,0,0,0,0,"- ","- ",,,"SAN MATEO",UNINCORPORATED,-122.3400188,37.50705
90540613,2017,2017-09-05,9335,2017-08-06,1639,021649,,7,2,4,4114,0,1,1,,2,020,"I-280 S/B TO SAN BRUNO AVENUE","SAN BRUNO AVENUE",237.00,N,N,A,-,Y,,,280,,,,R,,S,Y,2,0,1,1,A,-,03,22350,,N,F,A,A,A,H,-,A,D,0,,,Y,,Y,,C,02,1,0,0,0,0,0,0,0,1,"- ","- ",37.625059999999998,-122.42949,"SAN MATEO","SAN BRUNO",-122.42949,37.625059999999998
90561076,2017,2018-03-05,9330,2017-04-29,0700,021550,,6,1,9,4100,0,3,5,,2,109,"SR-1 (CABRILLO HIGHWAY)","MIRAMAR DRIVE",110.00,N,N,A,-,Y,,,,,,,,,,N,1,1,0,2,A,-,03,22350,,F,H,G,A,A,H,-,A,D,0,,Y,,,Y,,A,07,0,0,0,0,0,1,0,0,0,"- ","- ",37.454099999999997,-122.45593,"SAN MATEO",UNINCORPORATED,-122.45601026,37.495343519999999
9056530,2020,2020-03-19,4113,2020-02-29,1629,475,3,6,5,5,4113,0,0,0,,0,003,"VETERANS BL","WOODSIDE RD",0.00,,Y,A,-,N,,,,,,,,,,Y,2,0,2,2,A,-,12,21453,A,N,D,C,A,A,H,-,A,A,0,,,,,Y,,A,07,1,0,1,0,0,0,0,0,0,"- ","- ",37.488250732421875,-122.21357727050781,"SAN MATEO","REDWOOD CITY",-122.21367645263672,37.488361358642578
90575414,2017,2017-10-23,9335,2017-10-09,0355,021712,,1,3,6,4106,0,1,1,,2,021,"I-280 N/B","HICKEY BLVD",1302.00,S,N,A,-,Y,,,280,,,,,,N,Y,2,0,1,2,A,-,03,22350,,N,C,C,A,A,C,-,C,D,0,,,,,Y,,A,01,1,0,0,0,0,0,0,0,0,"- ","- ",37.659489999999998,-122.46326000000001,"SAN MATEO","DALY CITY",-122.46324147,37.659513879999999
90575662,2017,2017-10-23,9330,2017-10-15,1935,021616,,7,2,9,4100,0,1,3,,2,052,SR-35,"ALPINE RD",3960.00,S,N,A,-,Y,,,35,,,,,,,Y,2,0,1,1,A,-,01,23152,A,N,E,I,A,A,H,-,B,D,0,,,,,Y,Y,D,22,1,0,0,0,0,0,0,0,0,"- ","- ",37.31221,-122.17453999999999,"SAN MATEO",UNINCORPORATED,-122.17455965000001,37.312167289999998
90580911,2017,2017-10-27,9335,2017-09-10,2310,021301,,7,3,6,4106,0,1,3,,2,035,"SR-35 N/B TO SR-1 N/B","LAKESHIRE DR",95.00,S,N,A,-,Y,,,35,,,,R,,N,Y,2,0,1,1,A,-,01,23152,A,N,E,I,A,A,H,-,D,A,0,,,,,Y,Y,A,01,1,0,0,0,0,0,0,0,0,"- ","- ",37.669690000000003,-122.48324,"SAN MATEO","DALY CITY",-122.48324,37.669690000000003
90587208,2017,2017-11-06,9335,2017-09-22,2005,021770,,5,2,4,4111,0,1,3,,2,040,"SR-1 S/B","PALMETTO AVE",5.00,S,N,A,-,Y,,,1,,,,,,S,Y,2,0,1,1,A,-,08,22107,,N,E,I,A,A,H,-,D,D,0,,,,,Y,,A,07,1,0,0,0,0,0,0,0,0,"- ","- ",37.657800000000002,-122.48662,"SAN MATEO",PACIFICA,-122.48662,37.657826450000002
90597624,2017,2017-11-20,9330,2017-11-11,0328,021616,,6,3,4,4102,0,1,2,,2,048,"US-101 S/B","RALSTON AVE",528.00,S,N,A,-,Y,,,101,,,,,,S,Y,2,0,1,1,A,-,01,23152,A,N,E,C,A,A,H,-,D,D,0,,,,,Y,Y,A,01,1,0,0,0,0,0,0,0,0,"- ","- ",37.524819999999998,-122.26867,"SAN MATEO",BELMONT,-122.26864632,37.52484613
90599390,2017,2017-11-21,9330,2017-11-15,0645,015268,,3,1,9,4100,0,1,1,,2,034,"I-280 NORTHBOUND","TROUSDALE DR",6336.00,S,N,B,-,Y,,,,,,,,,,Y,2,0,1,1,A,-,08,22107,,N,E,I,A,A,H,-,A,D,0,,,,,Y,,A,01,1,0,0,0,0,0,0,0,0,"- ","- ",,,"SAN MATEO",UNINCORPORATED,-122.39161228,37.566719140000004
90608614,2017,2017-12-04,9330,2017-11-19,0740,016324,,7,1,9,4100,0,1,3,,2,042,"SR-35 (SKYLINE BOULEVARD)",SR-92,3168.00,S,N,A,-,Y,,,,,,,,,,N,2,0,1,1,A,-,17,21662,,N,F,A,A,A,H,-,A,D,0,,,Y,,Y,,C,02,1,0,0,0,0,0,0,0,1,"- ","- ",37.292400000000001,-122.2157,"SAN MATEO",UNINCORPORATED,,
90612148,2017,2017-12-07,9330,2017-11-29,1810,021243,,3,2,5,4113,0,1,2,,2,058,"US-101 NORTHBOUND","SR-84 (WOODSIDE ROAD)",5280.00,S,N,A,-,Y,,,101,,,,,,N,Y,2,0,3,4,A,-,03,22350,,N,C,C,A,A,H,-,D,D,0,,,,,Y,,A,01,3,0,0,0,0,0,0,0,0,"- ","- ",37.486179999999997,-122.19412,"SAN MATEO","REDWOOD CITY",-122.19412191000001,37.486165059999998
90613884,2017,2017-12-11,9330,2017-12-02,0850,017991,,6,1,3,4108,0,1,1,,2,034,"I-280 S/B","HAYNE RD O/C",3696.00,S,N,B,E,Y,,,,,,,,,,Y,2,0,1,1,A,-,08,22107,,N,E,I,A,A,H,-,A,D,0,,,,,Y,,A,01,1,0,0,0,0,0,0,0,0,"- ","- ",,,"SAN MATEO",HILLSBOROUGH,,
90617558,2017,2017-12-14,9335,2017-12-06,0610,021920,,3,1,5,4117,0,1,2,,2,012,"US-101 S/B","GRAND AVE UNDER-CROSSING",1320.00,S,N,A,-,Y,,,101,,,,,,S,Y,2,0,1,2,A,-,03,22350,,M,C,C,A,A,H,-,B,D,0,,,,,Y,Y,-,99,1,0,0,0,0,0,0,0,0,"- ","- ",37.65793,-122.4058,"SAN MATEO","SOUTH SAN FRANCISCO",-122.40577587,37.657917619999999
90639359,2017,2018-01-15,9335,2017-10-03,1633,021672,,2,2,9,4100,0,1,3,,2,040,"SR-1 S/B","TOM LANTOS TUNNEL WEST BORE",462.00,S,N,A,-,Y,,,1,,,,,,S,Y,2,0,2,2,A,-,12,21453,A,N,D,C,A,A,H,-,A,A,0,,,Y,,Y,,D,22,2,0,0,0,0,0,0,0,2,"- ","- ",37.570599999999999,-122.51593,"SAN MATEO",UNINCORPORATED,-122.51591310000001,37.570599860000002
9064163,2020,2020-05-19,4100,2020-02-20,0820,25194,SNC,4,5,4,4115,0,0,0,,0,051,"CEDAR ST","WHITE OAK WY",0.00,,Y,A,-,N,,,,,,,,,,N,2,0,1,2,A,-,21,22106,,N,G,B,B,A,H,-,A,A,0,Y,,,,Y,,A,01,1,0,0,0,1,0,0,0,0,"- ","- ",,,"SAN MATEO","SAN CARLOS",-122.25328063964844,37.492168426513672
90644038,2018,2018-01-22,9330,2018-01-12,1145,021847,,5,1,3,4108,0,1,1,,2,034,"I-280 S/B","HAYNE ROAD",50.00,N,N,A,-,Y,,,,,,,,,,Y,2,0,3,2,A,-,03,22350,,N,C,C,A,A,H,-,A,D,0,,,,,Y,,A,01,1,2,0,0,0,0,0,0,0,"- ","- ",37.341899871826172,-122.82209777832031,"SAN MATEO",HILLSBOROUGH,,
90649139,2018,2018-01-26,9330,2018-01-20,1110,021893,,6,1,9,4100,0,1,3,,1,020,"SR-1 N/B","TUNITAS CREEK ROAD",1584.00,S,N,A,-,Y,,,1,,,,,,N,Y,2,0,1,2,A,-,03,22350,,N,C,C,A,A,H,-,A,D,0,,,,,Y,,D,22,1,0,0,0,0,0,0,0,0,"- ","- ",37.354400634765625,-122.39823150634766,"SAN MATEO",UNINCORPORATED,-122.39824676513672,37.354412078857422
90649690,2018,2018-02-05,9335,2018-01-22,0430,021474,,1,3,4,4111,0,1,3,,2,041,"SR-1 S/B","GATEWAY DR. U/C",2112.00,S,N,C,-,Y,,,1,,,,,,S,Y,2,0,3,2,A,-,01,23152,A,N,A,C,A,B,H,-,D,D,0,,,,,Y,Y,D,22,2,1,0,0,0,0,0,0,0,"- ","- ",37.660049438476562,-122.48390960693359,"SAN MATEO",PACIFICA,-122.48389434814453,37.660045623779297
90662524,2018,2018-02-15,9330,2018-02-12,0905,015268,,1,1,9,4100,0,1,1,,2,034,"I-280 SOUTHBOUND",SR-92,100.00,N,N,A,-,Y,,,280,,,,,,S,Y,2,0,2,2,A,-,03,22350,,N,C,C,A,A,H,-,A,D,0,,,,,Y,,A,01,1,1,0,0,0,0,0,0,0,"- ","- ",37.50701904296875,-122.33908081054688,"SAN MATEO",UNINCORPORATED,-122.33904266357422,37.507080078125
90664198,2018,2018-02-20,9330,2018-01-28,1150,021893,,7,1,9,4100,0,1,3,,2,052,"SR-35 N/B","ALPINE ROAD",20.00,N,N,A,-,Y,,,35,,,,,,N,Y,2,0,1,1,A,-,08,22107,,N,F,A,A,A,H,-,A,A,0,,,Y,,Y,,C,02,1,0,0,0,0,0,0,0,1,"- ","- ",37.315128326416016,-122.18742370605469,"SAN MATEO",UNINCORPORATED,-122.18740844726562,37.315139770507812
90665172,2018,2018-02-21,9330,2018-02-13,1700,020023,,2,2,5,4116,0,1,2,,2,048,"US-101 N/B","HILLSDALE BLVD",100.00,S,N,A,-,Y,,,101,,,,,,N,Y,2,0,1,2,A,-,07,21658,A,N,B,C,A,A,H,-,A,D,0,,,Y,,Y,,A,01,1,0,0,0,0,0,0,0,1,"- ","- ",37.543258666992188,-122.28668212890625,"SAN MATEO","SAN MATEO",-122.28661346435547,37.543315887451172
90666249,2018,2019-02-07,9330,2018-02-11,0120,021550,,7,3,9,4100,0,3,5,,2,407,"EDGEWOOD E/B","EL VENADA ROAD",102.00,W,N,A,-,Y,,,,,,,,,,Y,2,0,1,1,A,-,01,23152,A,N,E,I,A,A,H,-,C,D,0,,,,,Y,Y,A,01,1,0,0,0,0,0,0,0,0,"- ","- ",37.478298187255859,-122.26107025146484,"SAN MATEO",UNINCORPORATED,-122.27622985839844,37.474613189697266
9066785,2020,2020-05-26,4116,2020-02-04,1108,28071,11,2,5,5,4116,0,0,0,,0,00A,"PENINSULA AV","HUMBOLDT ST",0.00,,Y,A,-,N,,,,,,,,,,Y,2,0,2,3,A,-,12,21453,A,N,D,C,A,A,H,-,A,A,0,,,,,Y,,A,01,1,1,0,0,0,0,0,0,0,"- ","- ",37.582740783691406,-122.33056640625,"SAN MATEO","SAN MATEO",-122.33081817626953,37.582969665527344
90674172,2018,2018-03-05,9330,2018-02-23,2310,020954,,5,3,5,4116,0,1,3,,2,031,"US-101 SB FROM SR-92 WB","FASHION ISLAND BOULEVARD",528.00,N,N,A,-,Y,,,,,,,,,,Y,2,0,2,1,A,-,01,23152,A,N,E,I,A,A,H,-,C,D,0,,,,,Y,,A,01,2,0,0,0,0,0,0,0,0,"- ","- ",37.536918640136719,-122.29821014404297,"SAN MATEO","SAN MATEO",-122.29624176025391,37.553359985351562
90674195,2018,2018-03-05,9330,2018-02-17,1156,021953,,6,1,4,4102,0,1,2,,2,048,"US-101 S/B","RALSTON AVE",1500.00,N,N,A,-,Y,,,101,,,,,,S,Y,2,0,2,2,A,-,08,22107,,N,B,C,A,A,H,-,A,D,0,,,,,Y,,A,01,1,0,1,0,0,0,0,0,0,"- ","- ",37.529331207275391,-122.2738037109375,"SAN MATEO",BELMONT,-122.27375793457031,37.529373168945312
90675389,2018,2018-03-06,9330,2018-02-24,1850,021315,,6,2,9,4100,0,3,5,,2,407,"778 HILLCREST WAY","HILLCREST WAY",30.00,S,N,A,-,N,,,,,,,,,,N,2,0,1,1,A,-,13,22515,A,N,G,B,A,A,H,-,D,D,0,,,,,Y,,A,08,1,0,0,0,0,0,0,0,0,"- ","- ",37.462619781494141,-122.26528167724609,"SAN MATEO",UNINCORPORATED,-122.2652587890625,37.462730407714844
90675435,2017,2018-03-06,9330,2017-11-25,2345,021598,,6,3,5,4116,0,1,3,,2,031,"SR-92 EASTBOUND","DE ANZA BLVD",162.00,W,N,B,-,Y,,,92,,,,,,E,Y,2,0,9,1,A,-,08,22107,,N,F,A,A,A,H,-,C,D,0,,,,,Y,,A,07,7,2,0,0,0,0,0,0,0,"- ","- ",37.522599999999997,-122.3323,"SAN MATEO","SAN MATEO",-122.33228019000001,37.522604350000002
90675851,2018,2018-03-06,9335,2018-02-25,0040,021742,,7,3,4,4114,0,1,1,,2,038,"I-380 W/B","THE EL CAMINO REAL UNDERCROSSING",345.00,E,N,A,-,Y,,,380,,,,,,W,Y,2,0,3,2,A,-,03,22350,,N,C,C,A,A,H,-,C,D,0,,,,,Y,,A,01,1,2,0,0,0,0,0,0,0,"- ","- ",37.633628845214844,-122.41799926757812,"SAN MATEO","SAN BRUNO",-122.41798400878906,37.633590698242188
90679262,2018,2018-03-12,9330,2018-03-04,1310,021662,,7,1,9,4100,0,3,5,,2,203,"PURISMA CREEK ROAD","VERDE ROAD",0.00,,Y,A,-,N,,,,,,,,,,N,2,0,1,2,A,-,03,22350,,N,D,G,A,A,H,-,A,D,0,,Y,,,Y,,A,01,1,0,0,0,0,0,1,0,0,"- ","- ",37.404098510742188,-122.41380310058594,"SAN MATEO",UNINCORPORATED,-122.41380310058594,37.404109954833984
90680956,2017,2018-03-28,9330,2017-09-30,2022,020594,,6,2,3,4107,0,1,3,,1,010,"STATE ROUTE 1 (CABRILLO HIGHWAY)","CAPISTRANO ROAD",2112.00,S,N,B,-,Y,,,1,,,,,,,N,1,1,0,2,A,-,11,21954,A,N,G,B,D,A,H,-,D,D,0,Y,,,,Y,Y,N,60,0,0,0,1,0,0,0,0,0,"- ","- ",37.502890000000001,-122.47534,"SAN MATEO","HALF MOON BAY",-122.47533442,37.502903760000002
9068871,2020,2020-07-21,4100,2020-04-24,2500,25173,MLB,5,5,3,4110,0,0,0,,0,062,"SANTA FLORIA AV","LOMITA AV",0.00,,Y,A,-,N,,,,,,,,,,N,2,0,1,2,D,-,00,,,F,H,G,A,A,H,-,C,D,0,,Y,,,Y,,-,"- ",1,0,0,0,0,0,1,0,0,"- ","- ",,,"SAN MATEO",MILLBRAE,-122.41236114501953,37.611259460449219
90698964,2018,2018-04-04,9335,2018-03-24,0550,019737,,6,3,9,4100,0,3,5,,2,001,"WESTBOROUGH BLVD. E/B","JUNIPERO SERRA BLVD",2006.00,E,N,B,-,Y,,,,,,,,,,Y,2,0,1,1,A,-,01,23152,A,N,E,I,A,A,H,-,D,D,0,,,,,Y,Y,A,01,1,0,0,0,0,0,0,0,0,"- ","- ",37.649181365966797,-122.44258880615234,"SAN MATEO",UNINCORPORATED,-122.44290161132812,37.649185180664062
90709664,2018,2018-04-20,9335,2018-04-10,1332,021997,,2,1,5,4117,0,1,2,,2,012,"US 101 S/B","GRAND AVENUE",1267.00,N,N,A,-,Y,,,,,,,,,,Y,2,0,1,1,A,-,03,22350,,N,F,A,A,A,A,-,A,D,0,,,Y,,Y,,C,02,1,0,0,0,0,0,0,0,1,"- ","- ",37.657821655273438,-122.40592193603516,"SAN MATEO","SOUTH SAN FRANCISCO",-122.40727996826172,37.654899597167969
90712095,2017,2018-06-20,9330,2017-10-31,2500,018415,,2,4,9,4100,0,1,3,,2,042,"SR-35 (SKYLINE BLVD.)","BEAR GULCH RD.",2640.00,S,N,A,-,Y,,,35,,,,,,,Y,1,3,0,1,A,-,08,22107,,N,E,I,A,A,H,-,D,D,0,,,,,Y,,A,01,0,0,0,0,0,0,0,0,0,"- ","- ",37.392960000000002,-122.28870999999999,"SAN MATEO",UNINCORPORATED,-122.28887899999999,37.392938309999998
90720713,2018,2018-05-07,9330,2018-04-27,1800,021550,,5,2,3,4108,0,1,1,,2,034,"I-280 S/B","BLACK MOUNTAIN ROAD",620.00,S,N,A,-,Y,,,280,,,,,,S,Y,2,0,1,1,A,-,01,23152,A,N,E,I,A,A,H,-,A,D,0,,,,,Y,Y,A,01,1,0,0,0,0,0,0,0,0,"- ","- ",37.545688629150391,-122.3714599609375,"SAN MATEO",HILLSBOROUGH,-122.37136077880859,37.545783996582031
9072102,2020,2020-09-25,4100,2020-02-28,0001,18860,WDS,5,5,2,4118,0,0,0,,0,030,"WOODSIDE RD","LINDENBROOK RD",0.00,,Y,A,-,Y,SM,4,84,-,-,21.471,I,5,N,N,2,0,1,1,A,-,07,21658,A,N,E,I,A,A,H,-,C,-,0,,,,,Y,,A,01,1,0,0,0,0,0,0,0,0,"- ","- ",,,"SAN MATEO",WOODSIDE,-122.24469757080078,37.434669494628906
90721634,2018,2018-05-07,9335,2018-04-26,0825,021736,,4,1,4,4114,0,1,1,,2,038,"I-380 W/B","CHERRY AVE",43.00,W,N,B,-,Y,,,380,,,,,,W,Y,2,0,1,1,A,-,08,22107,,N,E,I,A,A,H,-,A,D,0,,,,,Y,,A,01,1,0,0,0,0,0,0,0,0,"- ","- ",37.629730224609375,-122.42701721191406,"SAN MATEO","SAN BRUNO",-122.42704010009766,37.629852294921875
9072201,2020,2020-05-19,4117,2020-02-26,0804,08MB02,27AH,3,5,5,4117,0,0,0,,0,002,"GREENDALE DR","PALOS VERDES WY",0.00,,Y,A,-,N,,,,,,,,,,Y,2,0,3,2,A,-,09,21801,A,N,D,C,A,A,H,-,A,D,0,,,,,Y,,A,01,1,2,0,0,0,0,0,0,0,"- ","- ",,,"SAN MATEO","SOUTH SAN FRANCISCO",-122.46311950683594,37.648960113525391
90737957,2018,2018-05-31,9330,2018-05-28,1015,015268,,1,1,9,4100,0,1,1,,2,034,"I-280 SOUTHBOUND","BUNKER HILL DR",1056.00,N,N,A,-,Y,,,280,,,,,,S,Y,2,0,1,2,A,-,07,21658,A,N,C,C,A,A,H,-,A,D,0,,,Y,,Y,,A,01,1,0,0,0,0,0,0,0,1,"- ","- ",37.527721405029297,-122.359619140625,"SAN MATEO",UNINCORPORATED,-122.35955810546875,37.527744293212891
90745123,2018,2018-06-11,9330,2018-06-02,1250,022053,,6,1,3,4107,0,1,3,,1,020,SR-1,"VERDE ROAD",0.00,,Y,A,-,Y,,,,,,,,,,Y,2,0,1,2,A,-,09,21801,A,N,A,C,A,A,H,-,A,D,0,,,Y,,Y,,A,07,1,0,0,0,0,0,0,0,1,"- ","- ",37.239849090576172,-122.24189758300781,"SAN MATEO","HALF MOON BAY",,
90754431,2018,2018-06-25,9330,2018-06-17,1700,021598,,7,2,9,4100,0,3,5,,2,203,"PESCADERO CREEK ROAD","SR-84 (WOODSIDE ROAD)",3696.00,S,N,A,-,N,,,,,,,,,,Y,2,0,1,1,A,-,03,22350,,N,F,A,A,A,H,-,A,D,0,,,Y,,Y,,C,02,1,0,0,0,0,0,0,0,1,"- ","- ",37.306900024414062,-122.26969909667969,"SAN MATEO",UNINCORPORATED,-122.26972961425781,37.306880950927734
90760633,2018,2018-08-21,9330,2018-06-24,2125,021893,,7,2,9,4100,0,1,3,,1,011,"SR-92 W/B","DIGGES CANYON ROAD",100.00,W,N,A,-,Y,,,92,,,,,,W,Y,2,0,2,2,A,-,08,22107,,N,A,C,A,A,H,-,C,D,0,,,Y,,Y,,C,02,1,1,0,0,0,0,0,0,2,"- ","- ",37.478271484375,-122.41417694091797,"SAN MATEO",UNINCORPORATED,-122.41416931152344,37.478233337402344
90764333,2018,2018-07-06,9335,2018-06-25,0840,020509,,1,1,6,4106,0,1,1,,2,021,"I-280 S/B","SERRAMONTE BLVD",3696.00,N,N,B,-,Y,,,280,,,,,,S,Y,2,0,1,2,A,-,07,21658,A,N,B,C,A,A,H,-,A,D,0,,,,,Y,,A,07,1,0,0,0,0,0,0,0,0,"- ","- ",37.679111480712891,-122.47178649902344,"SAN MATEO","DALY CITY",-122.47178649902344,37.679111480712891
90765956,2018,2018-07-10,9330,2018-07-02,1330,021521,,1,1,9,4100,0,1,3,,2,072,"SR -35 (SKYLINE BLVD)","PAGE MILL RD",3696.00,S,N,A,-,Y,,,35,,,,,,,Y,2,0,3,1,A,-,08,22107,,N,E,I,A,A,H,-,A,D,0,,,,,Y,,A,01,2,1,0,0,0,0,0,0,0,"- ","- ",37.312801361083984,-122.17710113525391,"SAN MATEO",UNINCORPORATED,-122.17710876464844,37.312938690185547
90769084,2018,2018-07-16,9330,2018-07-02,0950,020954,,1,1,5,4113,0,1,2,,2,048,"US-101 NORTHBOUND","WHIPPLE AVENUE",2640.00,N,N,A,-,Y,,,101,,,,,,N,Y,2,0,1,4,A,-,03,22350,,N,C,C,A,A,H,-,A,D,0,,,,,Y,,A,01,1,0,0,0,0,0,0,0,0,"- ","- ",37.500038146972656,-122.24024963378906,"SAN MATEO","REDWOOD CITY",-122.24024200439453,37.500049591064453