CASE_ID,ACCIDENT_YEAR,PROC_DATE,JURIS,COLLISION_DATE,COLLISION_TIME,OFFICER_ID,REPORTING_DISTRICT,DAY_OF_WEEK,CHP_SHIFT,POPULATION,CNTY_CITY_LOC,SPECIAL_COND,BEAT_TYPE,CHP_BEAT_TYPE,CITY_DIVISION_LAPD,CHP_BEAT_CLASS,BEAT_NUMBER,PRIMARY_RD,SECONDARY_RD,DISTANCE,DIRECTION,INTERSECTION,WEATHER_1,WEATHER_2,STATE_HWY_IND,CALTRANS_COUNTY,CALTRANS_DISTRICT,STATE_ROUTE,ROUTE_SUFFIX,POSTMILE_PREFIX,POSTMILE,LOCATION_TYPE,RAMP_INTERSECTION,SIDE_OF_HWY,TOW_AWAY,COLLISION_SEVERITY,NUMBER_KILLED,NUMBER_INJURED,PARTY_COUNT,PRIMARY_COLL_FACTOR,PCF_CODE_OF_VIOL,PCF_VIOL_CATEGORY,PCF_VIOLATION,PCF_VIOL_SUBSECTION,HIT_AND_RUN,TYPE_OF_COLLISION,MVIW,PED_ACTION,ROAD_SURFACE,ROAD_COND_1,ROAD_COND_2,LIGHTING,CONTROL_DEVICE,CHP_ROAD_TYPE,PEDESTRIAN_ACCIDENT,BICYCLE_ACCIDENT,MOTORCYCLE_ACCIDENT,TRUCK_ACCIDENT,NOT_PRIVATE_PROPERTY,ALCOHOL_INVOLVED,STWD_VEHTYPE_AT_FAULT,CHP_VEHTYPE_AT_FAULT,COUNT_SEVERE_INJ,COUNT_VISIBLE_INJ,COUNT_COMPLAINT_PAIN,COUNT_PED_KILLED,COUNT_PED_INJURED,COUNT_BICYCLIST_KILLED,COUNT_BICYCLIST_INJURED,COUNT_MC_KILLED,COUNT_MC_INJURED,PRIMARY_RAMP,SECONDARY_RAMP,LATITUDE,LONGITUDE,COUNTY,CITY,POINT_X,POINT_Y
90778806,2018,2018-07-27,9330,2018-07-22,1310,021510,,7,1,9,4100,0,3,5,,2,005,"ALPINE ROAD EB","JOAQUIN ROAD",528.00,E,N,A,-,N,,,,,,,,,,N,2,0,1,1,A,-,03,22350,,N,E,I,A,A,H,-,A,D,0,,Y,,,Y,,L,04,1,0,0,0,0,0,1,0,0,"- ","- ",37.342689514160156,-122.20520782470703,"SAN MATEO",UNINCORPORATED,-122.20247650146484,37.342136383056641
9078053,2020,2020-08-04,4127,2020-02-13,0824,2222,,4,5,4,4127,0,0,0,,0,001,"UNIVERSITY AV","WEEKS ST",5.00,E,N,A,-,N,,,,,,,,,,N,2,0,1,2,A,-,10,21950,A,N,D,C,-,A,H,-,A,D,0,Y,,,,Y,,A,07,1,0,0,0,1,0,0,0,0,"- ","- ",,,"SAN MATEO","EAST PALO ALTO",-122.14019012451172,37.470569610595703
90794614,2018,2018-08-21,9330,2018-06-30,1315,021865,,6,1,9,4100,0,1,3,,1,021,"SR-84 (LA HONDA ROAD)","HILDEBRAND ROAD",2640.00,E,N,A,-,Y,,,84,,,,,,,Y,1,1,0,2,A,-,05,21460,A,N,A,C,A,A,H,-,A,D,0,,,Y,,Y,Y,C,02,0,0,0,0,0,0,0,1,0,"- ","- ",37.332931518554688,-122.27139282226562,"SAN MATEO",UNINCORPORATED,-122.27134704589844,37.332923889160156
90796548,2018,2018-08-23,9335,2018-08-13,1740,015042,,1,2,5,4117,0,1,2,,2,012,"US.101 S/B TO I-380 W/B","I-380 W/B",500.00,N,N,A,-,Y,,,,,,,,,,Y,2,0,1,2,A,-,07,21658,A,N,B,C,A,A,H,-,A,D,0,,,Y,,Y,,A,07,1,0,0,0,0,0,0,0,1,"- ","- ",37.637779235839844,-122.40505981445312,"SAN MATEO","SOUTH SAN FRANCISCO",,
90797570,2018,2018-08-24,9335,2018-08-16,1350,020658,,4,1,6,4106,0,1,1,,2,021,"I-280 N/B","JOHN DALY BLVD",1320.00,S,N,A,-,Y,,,280,,,,,,N,Y,2,0,1,2,A,-,07,21658,A,N,B,C,A,A,H,-,A,D,0,,,Y,,Y,,A,07,1,0,0,0,0,0,0,0,1,"- ","- ",37.701229095458984,-122.47133636474609,"SAN MATEO","DALY CITY",-122.47135925292969,37.701229095458984
90803213,2018,2018-08-31,9330,2018-08-24,0900,022035,,5,1,5,4116,0,1,3,,2,031,"SR-92 W/B",US-101,400.00,E,N,B,-,Y,,,92,,,,,,W,Y,2,0,3,3,A,-,03,22350,,N,C,C,A,A,H,-,A,D,0,,,,,Y,,A,01,1,1,1,0,0,0,0,0,0,"- ","- ",37.553760528564453,-122.29383087158203,"SAN MATEO","SAN MATEO",-122.2938232421875,37.5537109375
9080580,2020,2020-05-28,4117,2020-02-22,2028,18JY16,08AE,6,5,5,4117,0,0,0,,0,001,"LINDEN AV","BADEN AV",0.00,,Y,B,-,N,,,,,,,,,,Y,2,0,1,2,A,-,09,21801,A,N,A,C,A,A,H,-,C,A,0,,,Y,,Y,,A,01,1,0,0,0,0,0,0,0,1,"- ","- ",37.654190063476562,-122.41047668457031,"SAN MATEO","SOUTH SAN FRANCISCO",-122.41046905517578,37.654190063476562
9080674,2020,2020-05-26,4116,2020-02-24,1517,28187,12,1,5,5,4116,0,0,0,,0,00A,"EAST POPLAR AV","EL DORADO ST",7.00,E,N,A,-,N,,,,,,,,,,Y,2,0,1,2,A,-,10,21950,A,N,G,B,B,A,H,-,A,D,0,Y,,,,Y,,A,01,1,0,0,0,1,0,0,0,0,"- ","- ",37.575630187988281,-122.32935333251953,"SAN MATEO","SAN MATEO",-122.32877349853516,37.576324462890625
90810913,2018,2018-09-12,9330,2018-09-06,1239,020646,,4,1,9,4100,0,1,1,,2,044,"I-280 S/B","RALSTON BIKE TRAIL O/C",3970.00,S,N,A,-,Y,,,280,,,,,,S,Y,2,0,1,2,A,-,08,22107,,N,C,C,A,A,H,-,A,D,0,,,Y,,Y,,C,02,1,0,0,0,0,0,0,0,1,"- ","- ",37.5010986328125,-122.32939910888672,"SAN MATEO",UNINCORPORATED,-122.32940673828125,37.501079559326172
90811478,2018,2018-09-12,9330,2018-06-22,1640,021893,,5,2,9,4100,0,3,5,,2,203,"PESCADERO CREEK ROAD","WHITE RUSSIAN WAY",147.00,W,N,A,-,N,,,,,,,,,,Y,1,1,0,2,A,-,05,21460,A,N,F,A,A,A,H,-,A,D,0,,,Y,,Y,,C,02,0,0,0,0,0,0,0,1,0,"- ","- ",37.267269134521484,-122.32272338867188,"SAN MATEO",UNINCORPORATED,-122.32270812988281,37.267265319824219
90813921,2018,2018-09-17,9330,2018-09-06,0143,021315,,4,3,3,4110,0,1,1,,2,034,"I-280 N/B TO SR-35 N/B",I-280,300.00,N,N,A,-,Y,,,,,,,,,,Y,2,0,1,1,A,-,01,23152,A,N,F,I,A,A,H,-,D,D,0,,,,,Y,Y,A,01,1,0,0,0,0,0,0,0,0,"- ","- ",37.602718353271484,-122.42601776123047,"SAN MATEO",MILLBRAE,,
90817764,2018,2018-09-20,9330,2018-08-15,0401,019691,,3,3,4,4104,0,1,2,,2,038,"US-101 N/B","MILLBRAE AVE",950.00,S,N,A,-,Y,,,101,,,,,,N,Y,1,1,0,2,A,-,11,21954,A,N,G,B,E,A,H,-,D,A,0,Y,,,,Y,,N,60,0,0,0,1,0,0,0,0,0,"- ","- ",37.601119995117188,-122.37796020507812,"SAN MATEO",BURLINGAME,-122.37798309326172,37.601085662841797
90825678,2018,2018-10-01,9335,2018-09-21,1313,022040,,5,1,4,4114,0,1,1,,2,020,"I-280 NORTHBOUND","SNEATH LANE",1232.00,N,N,A,-,Y,,,280,,,,,,N,Y,2,0,1,1,A,-,08,22107,,N,F,A,A,A,H,-,A,D,0,,,Y,,Y,,C,02,1,0,0,0,0,0,0,0,1,"- ","- ",37.632900238037109,-122.43769073486328,"SAN MATEO","SAN BRUNO",-122.43765258789062,37.6329345703125
9082958,2020,2020-06-30,4100,2020-03-12,0710,25189,SNC,4,5,4,4115,0,0,0,,0,052,"INDUSTRIAL RD","WASHINGTON ST",12.00,E,N,B,-,N,,,,,,,,,,Y,2,0,1,2,A,-,09,21804,A,N,D,C,A,A,H,-,A,D,0,,,Y,,Y,,A,01,1,0,0,0,0,0,0,0,1,"- ","- ",,,"SAN MATEO","SAN CARLOS",-122.24331665039062,37.499717712402344
90829936,2018,2019-04-05,9330,2018-09-30,0900,022053,,7,1,9,4100,0,3,5,,2,111,SR-1,"MIRAMAR DRIVE",0.00,,Y,A,-,Y,,,,,,,,,,Y,2,0,1,2,A,-,09,21802,A,N,D,C,A,A,H,-,A,A,0,,,Y,,Y,,A,07,1,0,0,0,0,0,0,0,1,"- ","- ",37.294281005859375,-122.27208709716797,"SAN MATEO",UNINCORPORATED,-122.45567321777344,37.495208740234375
90830276,2018,2018-10-08,9335,2018-09-29,0240,021712,,6,3,6,4106,0,1,1,,2,021,"I-280 N/B TO JOHN DALY BLVD","CITRUS AVE",656.00,S,N,A,-,Y,,,280,,,,R,,N,Y,2,0,1,2,A,-,11,21954,A,N,G,B,E,A,H,-,D,D,0,Y,,,,Y,Y,N,60,1,0,0,0,1,0,0,0,0,"- ","- ",37.695838928222656,-122.47007751464844,"SAN MATEO","DALY CITY",-122.47007751464844,37.695838928222656
90835542,2018,2018-10-15,9330,2018-10-07,0055,020770,,7,3,5,4113,0,1,1,,2,044,"I-280 SOUTHBOUND TO EDGEWOOD ROAD","EDGEWOOD ROAD",772.00,N,N,A,-,Y,,,,,,,,,,Y,2,0,1,1,A,-,08,22107,,N,E,I,A,A,H,-,D,D,0,,,,,Y,,A,01,1,0,0,0,0,0,0,0,0,"- ","- ",37.469669342041016,-122.29454040527344,"SAN MATEO","REDWOOD CITY",-122.29388427734375,37.470172882080078
90847082,2018,2018-10-29,9335,2018-10-17,0730,021649,,3,1,6,4106,0,1,1,,2,020,"I-280 S/B","WESTBOROUGH BLVD",1544.00,N,N,A,-,Y,,,280,,,,,,S,Y,2,0,1,2,A,-,07,21658,A,N,C,C,A,A,H,-,A,D,0,,,Y,,Y,,A,01,1,0,0,0,0,0,0,0,1,"- ","- ",37.649200439453125,-122.45208740234375,"SAN MATEO","DALY CITY",-122.45212554931641,37.649181365966797
90852826,2018,2018-11-05,9330,2018-10-28,1500,022072,,7,2,9,4100,0,1,3,,1,021,"SR-84 W/B","BEAR GULCH RD",3907.00,W,N,A,-,Y,,,,,,,,,,Y,2,0,1,1,A,-,03,22350,,N,F,A,A,A,H,-,A,D,0,,,Y,,Y,,C,02,1,0,0,0,0,0,0,0,1,"- ","- ",37.329299926757812,-122.36579895019531,"SAN MATEO",UNINCORPORATED,,
90853029,2018,2018-11-05,9330,2018-10-30,1935,021350,,2,2,5,4116,0,1,2,,2,038,"US-101 S/B",SR-92,2640.00,N,N,A,-,Y,,,101,,,,,,S,Y,2,0,1,5,A,-,03,22350,,N,C,A,A,A,H,-,C,D,0,,,,,Y,,A,01,1,0,0,0,0,0,0,0,0,"- ","- ",37.561279296875,-122.30384063720703,"SAN MATEO","SAN MATEO",-122.30378723144531,37.561336517333984
90857218,2018,2018-11-09,9335,2018-09-30,1223,021649,,7,1,4,4114,0,1,1,,2,020,"I-280 S/B","SNEATH LN",144.00,S,N,A,-,Y,,,280,,,,,,S,Y,2,0,1,2,A,-,07,21658,A,N,B,C,A,A,H,-,A,D,0,,,Y,,Y,,A,07,1,0,0,0,0,0,0,0,1,"- ","- ",37.629928588867188,-122.43463134765625,"SAN MATEO","SAN BRUNO",-122.43460083007812,37.629966735839844
90863899,2018,2018-11-20,9330,2018-11-15,0005,021204,,4,3,9,4100,0,1,1,,2,054,"I-280 S/B","SAND HILL RD",5.00,S,N,A,-,Y,,,280,,,,,,S,Y,2,0,2,1,A,-,08,22107,,N,E,I,A,A,H,-,D,D,0,,,,,Y,,A,01,2,0,0,0,0,0,0,0,0,"- ","- ",37.418998718261719,-122.2198486328125,"SAN MATEO",UNINCORPORATED,-122.21986389160156,37.418930053710938
90865447,2018,2018-11-22,9330,2018-11-12,0610,022035,,1,1,9,4100,0,1,3,,1,011,"SR-92 W/B",SR-35,2112.00,E,N,B,-,Y,,,92,,,,,,W,Y,2,0,2,2,A,-,05,21460,A,N,A,C,A,A,H,-,D,D,0,,,,,Y,,D,22,1,1,0,0,0,0,0,0,0,"- ","- ",37.496868133544922,-122.36200714111328,"SAN MATEO",UNINCORPORATED,-122.36200714111328,37.496879577636719
90868117,2018,2018-11-27,9330,2018-08-14,1750,021884,,2,2,9,4100,0,1,3,,1,020,"SR-1 (CABRILLO HIGHWAY)","SR-84 (LA HONDA ROAD)",2056.00,S,N,B,E,Y,,,1,,,,,,,Y,1,1,2,2,A,-,06,21751,,N,A,C,A,A,H,-,A,D,0,,,,,Y,,A,01,1,1,0,0,0,0,0,0,0,"- ","- ",37.319221496582031,-122.40261840820312,"SAN MATEO",UNINCORPORATED,-122.40263366699219,37.319225311279297
90878870,2018,2018-12-10,9330,2018-12-01,1432,022072,,6,2,3,4108,0,1,1,,2,034,"I-280 S/B","BLACK MOUNTAIN CIR",680.00,N,N,B,-,Y,,,280,,,,,,S,Y,2,0,1,2,A,-,03,22350,,N,C,C,A,B,H,-,A,D,0,,,,,Y,,A,01,1,0,0,0,0,0,0,0,0,"- ","- ",37.549400329589844,-122.37470245361328,"SAN MATEO",HILLSBOROUGH,-122.37469482421875,37.549404144287109
90879527,2018,2018-12-10,9330,2018-08-27,0728,021510,,1,1,9,4100,0,1,3,,2,042,"STATE ROUTE 35 (SKYLINE BOULEVARD)","SWETT ROAD",3670.00,S,N,B,F,Y,,,35,,,,,,,Y,1,1,0,1,A,-,08,22107,,N,E,I,A,B,H,-,A,D,0,,,,,Y,,D,22,0,0,0,0,0,0,0,0,0,"- ","- ",37.413509368896484,-122.30998229980469,"SAN MATEO",UNINCORPORATED,-122.30998992919922,37.413436889648438
90881453,2018,2018-12-12,9335,2018-12-03,1130,021649,,1,1,5,4117,0,1,1,,2,020,"I-280 S/B","AVALON DR",975.00,S,N,A,-,Y,,,280,,,,,,S,Y,2,0,1,1,A,-,08,22107,,N,F,I,A,A,H,-,A,D,0,,,,,Y,,A,01,1,0,0,0,0,0,0,0,0,"- ","- ",37.637081146240234,-122.44027709960938,"SAN MATEO","SOUTH SAN FRANCISCO",-122.44012451171875,37.637168884277344
90883350,2018,2018-12-14,9340,2018-12-08,0255,021911,,6,3,4,4115,0,1,S,,2,048,"US101 N/B","HOLLY ST",390.00,N,N,A,-,Y,,,101,,,,,,N,Y,2,0,1,1,A,-,08,22107,,N,E,I,A,A,H,-,C,D,0,,,,,Y,Y,A,01,1,0,0,0,0,0,0,0,0,"- ","- ",37.514980316162109,-122.25707244873047,"SAN MATEO","SAN CARLOS",-122.25712585449219,37.514915466308594
90887605,2018,2018-12-21,9330,2018-12-16,0330,020770,,7,3,5,4113,0,1,2,,2,048,"US-101 SB","WHIPPLE AVE",1633.00,N,N,A,-,N,,,101,,,,,,S,Y,2,0,1,1,A,-,01,23152,A,N,E,I,A,A,H,-,C,D,0,,,,,Y,Y,A,01,1,0,0,0,0,0,0,0,0,"- ","- ",37.498088836669922,-122.23822021484375,"SAN MATEO","REDWOOD CITY",-122.23816680908203,37.498180389404297
90888305,2018,2018-12-24,9335,2018-12-12,0714,021649,,3,1,4,4114,0,1,1,,2,038,"I-380 E/B","7TH AVE",315.00,W,N,B,-,Y,,,380,,,,,,E,Y,2,0,1,1,A,-,08,22107,,N,E,I,A,A,H,-,A,D,0,,,,,Y,,A,07,1,0,0,0,0,0,0,0,0,"- ","- ",37.633899688720703,-122.40705108642578,"SAN MATEO","SAN BRUNO",-122.40708160400391,37.634017944335938
90894075,2018,2018-12-31,9330,2018-12-19,1940,021521,,3,2,5,4116,0,1,3,,2,031,"SR-92 EB","ALAMEDA DE LAS PULGAS",3168.00,W,N,A,-,Y,,,92,,,,,,E,Y,2,0,1,1,A,-,08,22107,,N,E,I,A,A,H,-,D,D,0,,,,,Y,,A,01,1,0,0,0,0,0,0,0,0,"- ","- ",37.541698455810547,-122.32990264892578,"SAN MATEO","SAN MATEO",-122.32964324951172,37.541637420654297
9090132,2020,2020-06-10,4106,2020-02-28,1143,230,,5,5,6,4106,0,0,0,,0,,"SOUTHGATE AV","ALPINE AV",27.00,N,N,A,-,N,,,,,,,,,,N,2,0,1,2,A,-,"- ",,,N,A,B,D,A,H,-,A,D,0,Y,,,,Y,,N,60,1,0,0,0,1,0,0,0,0,"- ","- ",,,"SAN MATEO","DALY CITY",-122.48744964599609,37.686580657958984
90903267,2019,2019-07-08,9335,2019-01-05,1825,022096,,6,2,6,4106,0,1,1,,2,021,"I-280 N/B","HICKEY BLVD U/C",260.00,S,N,C,-,Y,,,280,,,,,,N,Y,1,1,0,1,A,-,08,22107,,N,E,J,A,B,H,-,C,D,0,,,,,Y,,A,01,0,0,0,0,0,0,0,0,0,"- ","- ",37.662670135498047,-122.46528625488281,"SAN MATEO","DALY CITY",-122.46542358398438,37.662639617919922
9090776,2020,2020-06-10,4114,2020-02-21,2048,0825,SNB2,5,5,4,4114,0,0,0,,0,001,"HUNTINGTON AV","SAN BRUNO AV",5.00,N,N,A,-,N,,,,,,,,,,N,2,0,1,2,D,-,00,,,N,G,B,B,A,H,-,C,A,0,Y,,,,Y,Y,-,"- ",1,0,0,0,1,0,0,0,0,"- ","- ",,,"SAN MATEO","SAN BRUNO",-122.41199493408203,37.630603790283203
90919533,2019,2019-02-05,9330,2019-01-26,0340,021594,,6,3,3,4110,0,1,1,,2,034,"I-280 S/B","SAN BRUNO CITY LIMIT SIGN",500.00,S,N,A,-,Y,,,,,,,,,,Y,2,0,1,1,A,-,08,22107,,N,F,I,A,A,H,-,D,D,0,,,,,Y,Y,A,01,1,0,0,0,0,0,0,0,0,"- ","- ",37.603710174560547,-122.42733764648438,"SAN MATEO",MILLBRAE,,
90942141,2019,2019-03-08,9335,2019-02-27,0516,020201,,3,3,4,4114,0,1,1,,2,020,"I-280 NORTHBOUND","SAN BRUNO AVE.",1000.00,S,N,B,C,Y,,,280,,,,,,N,Y,2,0,2,2,A,-,03,22350,,N,D,C,A,B,H,-,C,D,0,,,,,Y,,D,22,1,1,0,0,0,0,0,0,0,"- ","- ",37.621818542480469,-122.42664337158203,"SAN MATEO","SAN BRUNO",-122.42668914794922,37.621788024902344
90951869,2018,2019-04-09,9335,2018-11-08,2309,021754,,4,3,5,4117,0,1,2,,2,012,"US-101 S/B","I-380 WB FROM NORTH ACCESS RD OC",920.00,N,N,A,-,Y,,,101,,,,,,S,N,1,1,0,2,A,-,03,22350,,F,G,B,E,A,H,-,C,D,0,Y,,,,Y,,-,99,0,0,0,1,0,0,0,0,0,"- ","- ",37.639961242675781,-122.40582275390625,"SAN MATEO","SOUTH SAN FRANCISCO",-122.40573120117188,37.639991760253906
90951981,2019,2019-03-25,9330,2019-03-11,0810,021847,,1,1,9,4100,0,3,5,,2,505,"4TH AVENUE W/B","MIDDLEFIELD ROAD",500.00,E,N,A,-,N,,,,,,,,,,N,2,0,1,2,A,-,21,22106,,F,G,B,E,A,H,-,A,D,0,Y,,,,Y,,D,22,1,0,0,0,1,0,0,0,0,"- ","- ",37.474090576171875,-122.20449829101562,"SAN MATEO",UNINCORPORATED,-122.20458221435547,37.473892211914062
90968894,2019,2019-04-16,9335,2019-04-08,1710,022271,,1,2,9,4100,0,3,5,,2,001,"GUADALUPE CANYON PARKWAY WESTBOUND","SAN BRUNO MOUNTAIN PARK ENTRANCE",65.00,E,N,B,C,N,,,,,,,,,,Y,2,0,1,1,A,-,08,22107,,N,E,I,A,B,H,-,A,D,0,,,,,Y,,A,01,1,0,0,0,0,0,0,0,0,"- ","- ",37.696060180664062,-122.43480682373047,"SAN MATEO",UNINCORPORATED,-122.43486785888672,37.695930480957031
90979466,2019,2019-05-01,9330,2019-04-19,1110,021510,,5,1,9,4100,0,1,3,,1,021,"SR-84 (LA HONDA ROAD)","PESCADERO CREEK ROAD",2640.00,W,N,A,-,Y,,,84,,,,,,,Y,2,0,1,2,A,-,05,21460,A,N,B,C,A,A,H,-,A,D,0,,,Y,Y,Y,,C,02,1,0,0,0,0,0,0,0,1,"- ","- ",37.312248229980469,-122.28212738037109,"SAN MATEO",UNINCORPORATED,-122.28215026855469,37.312248229980469
90983129,2019,2019-05-07,9335,2019-02-09,0418,022096,,6,3,4,4111,0,1,3,,2,041,"SR-1 N/B","SHARP PARK RD",443.00,N,N,B,-,Y,,,1,,,,,,N,Y,1,2,3,2,A,-,01,23152,A,N,A,C,A,B,H,-,E,D,0,,,,,Y,Y,A,01,3,0,0,0,0,0,0,0,0,"- ","- ",37.627059936523438,-122.48857116699219,"SAN MATEO",PACIFICA,-122.48855590820312,37.627071380615234
90994990,2019,2019-05-31,9330,2019-02-16,2125,022141,,6,2,9,4100,0,1,3,,2,031,"SR-92 W/B TO RALSTON AVENUE","RALSTON AVENUE",60.00,W,N,B,-,Y,,,92,,,,R,,W,Y,1,1,1,1,A,-,03,22350,,N,E,I,A,B,H,-,C,A,0,,,,,Y,,A,01,1,0,0,0,0,0,0,0,0,"- ","- ",37.512821197509766,-122.33139038085938,"SAN MATEO",UNINCORPORATED,-122.33139038085938,37.512821197509766
90997674,2019,2019-05-29,9330,2019-05-22,0430,019691,,3,3,4,4115,0,1,2,,2,048,"US-101 N/B","HOLLY ST. O/C",1584.00,S,N,B,-,Y,,,101,,,,,,N,Y,2,0,2,1,A,-,08,22107,,N,E,I,A,A,H,-,D,D,0,,,,,Y,,A,01,1,1,0,0,0,0,0,0,0,"- ","- ",37.510860443115234,-122.25212860107422,"SAN MATEO","SAN CARLOS",-122.25228881835938,37.51068115234375
91002736,2019,2019-06-04,9330,2019-05-31,1100,021414,,5,1,9,4100,0,1,1,,2,054,"I-280 SOUTHBOUND","SAND HILL ROAD",125.00,S,N,A,-,Y,,,,,,,,,,Y,2,0,1,1,A,-,08,22107,,N,E,I,A,A,H,-,A,D,0,,,,,Y,Y,A,01,1,0,0,0,0,0,0,0,0,"- ","- ",37.417930603027344,-122.22062683105469,"SAN MATEO",UNINCORPORATED,-122.21971893310547,37.418937683105469
91014702,2019,2019-06-21,9330,2019-06-14,1531,022072,,5,2,9,4100,0,3,5,,2,305,"RALSTON AVE","SR-92 W/B",0.00,,Y,A,-,Y,,,,,,,,,,Y,2,0,1,2,A,-,17,21451,A,N,D,C,A,A,H,-,A,A,0,,,,,Y,,D,22,1,0,0,0,0,0,0,0,0,"- ","- ",37.513099670410156,-122.33119964599609,"SAN MATEO",UNINCORPORATED,,
91014973,2019,2019-06-21,9330,2019-06-04,0500,020207,,2,3,9,4100,0,3,5,,2,503,"ALAMEDA DE LAS PULGAS AVENUE","ABRYAN WAY",300.00,S,N,B,-,N,,,,,,,,,,N,2,0,1,1,A,-,08,22107,,N,F,A,A,A,H,-,B,D,0,,Y,,,Y,,L,04,1,0,0,0,0,0,1,0,0,"- ","- ",37.445098876953125,-122.22599792480469,"SAN MATEO",UNINCORPORATED,-122.22560119628906,37.444427490234375
91015262,2019,2019-06-21,9330,2019-06-19,0000,021510,,3,3,9,4100,0,1,3,,2,042,"SR-35 (SKYLINE BOULEVARD)","SWETT ROAD",1056.00,S,N,A,-,Y,,,35,,,,,,,N,2,0,1,1,A,-,08,22107,,N,E,J,A,A,H,-,D,D,0,,,,,Y,,A,01,1,0,0,0,0,0,0,0,0,"- ","- ",37.417098999023438,-122.31716156005859,"SAN MATEO",UNINCORPORATED,-122.31714630126953,37.417129516601562
91041209,2019,2019-07-30,9335,2019-07-19,1636,022188,,5,2,4,4111,0,1,3,,2,040,"SR-1 S/B","DEVIL'S SLIDE TUNNEL",2904.00,S,N,A,-,Y,,,,,,,,,,Y,2,0,1,1,A,-,01,23152,A,N,E,I,A,A,H,-,A,D,0,,,,,Y,Y,A,01,1,0,0,0,0,0,0,0,0,"- ","- ",37.564571380615234,-122.51258087158203,"SAN MATEO",PACIFICA,,
91041798,2019,2019-07-30,9330,2019-03-11,1020,016534,,1,1,5,4116,0,1,2,,2,038,"US-101 S/B","3RD AVENUE",1591.00,S,N,A,-,Y,,,101,,,,,,S,Y,2,0,1,2,A,-,03,22350,,N,C,C,A,A,H,-,A,A,0,,,,,Y,,J,49,1,0,0,0,0,0,0,0,0,"- ","- ",37.566379547119141,-122.30930328369141,"SAN MATEO","SAN MATEO",-122.30929565429688,37.566383361816406
91046793,2019,2019-08-07,9330,2019-07-27,1418,022178,,6,2,9,4100,0,1,3,,1,020,SR-1,"STAGE ROAD",200.00,N,N,A,-,Y,,,1,,,,,,,Y,2,0,1,2,A,-,03,22350,,N,C,C,A,A,H,-,A,D,0,,,Y,,Y,,C,02,1,0,0,0,0,0,0,0,1,"- ","- ",37.338161468505859,-122.39437103271484,"SAN MATEO",UNINCORPORATED,-122.39434051513672,37.338169097900391
91050124,2019,2019-08-12,9330,2019-08-04,1205,022211,,7,1,9,4100,0,3,5,,2,503,"SR-84 W/B","HILDEBRAND ROAD",528.00,E,N,B,-,Y,,,,,,,,,,Y,2,0,1,1,A,-,08,22107,,M,E,I,A,A,H,-,A,D,0,,,Y,,Y,,C,02,1,0,0,0,0,0,0,0,1,"- ","- ",37.326148986816406,-122.27300262451172,"SAN MATEO",UNINCORPORATED,,
91050434,2019,2019-08-12,9335,2019-08-06,0309,021997,,2,3,9,4100,0,1,2,,2,011,"US-101 N/B","SAN BRUNO AVE O/C",380.00,S,N,A,-,Y,,,101,,,,,,N,Y,2,0,1,2,A,-,03,22350,,N,D,C,A,A,H,-,D,D,0,,,,,Y,,D,22,1,0,0,0,0,0,0,0,0,"- ","- ",37.630191802978516,-122.40247344970703,"SAN MATEO",UNINCORPORATED,-122.40245819091797,37.630191802978516
91053619,2019,2019-08-29,9330,2019-06-30,1510,022178,,7,2,9,4100,0,1,3,,1,021,"SR-84 (LAHONDA ROAD)","OLD LAHONDA ROAD",500.00,E,N,A,-,Y,,,84,,,,,,,Y,1,1,0,2,A,-,09,21801,A,N,A,C,A,A,H,-,A,D,0,,,Y,,Y,,D,22,0,0,0,0,0,0,0,1,0,"- ","- ",37.358268737792969,-122.26503753662109,"SAN MATEO",UNINCORPORATED,-122.26500701904297,37.358249664306641
91057034,2019,2019-08-22,9330,2019-08-11,0235,022279,,7,3,5,4113,0,1,2,,2,058,"US-101 NB","MARSH RD",5280.00,N,N,A,-,Y,,,101,,,,,,N,Y,2,0,3,1,A,-,01,23153,A,N,E,I,A,A,H,-,C,D,0,,,,,Y,Y,A,01,1,2,0,0,0,0,0,0,0,"- ","- ",37.4833984375,-122.18057250976562,"SAN MATEO","REDWOOD CITY",-122.18056488037109,37.483409881591797
91059733,2019,2019-10-01,9330,2019-08-21,1440,021315,,3,2,9,4100,0,1,3,,2,052,"SR-35 N/B","OLD LA HONDA RD.",2112.00,S,N,A,-,N,,,35,,,,,,N,Y,2,0,1,1,A,-,08,22107,,N,E,J,A,A,H,-,A,D,0,,,Y,,Y,,C,02,1,0,0,0,0,0,0,0,1,"- ","- ",37.367820739746094,-122.24794006347656,"SAN MATEO",UNINCORPORATED,-122.24797821044922,37.367778778076172