CASE_ID,ACCIDENT_YEAR,PROC_DATE,JURIS,COLLISION_DATE,COLLISION_TIME,OFFICER_ID,REPORTING_DISTRICT,DAY_OF_WEEK,CHP_SHIFT,POPULATION,CNTY_CITY_LOC,SPECIAL_COND,BEAT_TYPE,CHP_BEAT_TYPE,CITY_DIVISION_LAPD,CHP_BEAT_CLASS,BEAT_NUMBER,PRIMARY_RD,SECONDARY_RD,DISTANCE,DIRECTION,INTERSECTION,WEATHER_1,WEATHER_2,STATE_HWY_IND,CALTRANS_COUNTY,CALTRANS_DISTRICT,STATE_ROUTE,ROUTE_SUFFIX,POSTMILE_PREFIX,POSTMILE,LOCATION_TYPE,RAMP_INTERSECTION,SIDE_OF_HWY,TOW_AWAY,COLLISION_SEVERITY,NUMBER_KILLED,NUMBER_INJURED,PARTY_COUNT,PRIMARY_COLL_FACTOR,PCF_CODE_OF_VIOL,PCF_VIOL_CATEGORY,PCF_VIOLATION,PCF_VIOL_SUBSECTION,HIT_AND_RUN,TYPE_OF_COLLISION,MVIW,PED_ACTION,ROAD_SURFACE,ROAD_COND_1,ROAD_COND_2,LIGHTING,CONTROL_DEVICE,CHP_ROAD_TYPE,PEDESTRIAN_ACCIDENT,BICYCLE_ACCIDENT,MOTORCYCLE_ACCIDENT,TRUCK_ACCIDENT,NOT_PRIVATE_PROPERTY,ALCOHOL_INVOLVED,STWD_VEHTYPE_AT_FAULT,CHP_VEHTYPE_AT_FAULT,COUNT_SEVERE_INJ,COUNT_VISIBLE_INJ,COUNT_COMPLAINT_PAIN,COUNT_PED_KILLED,COUNT_PED_INJURED,COUNT_BICYCLIST_KILLED,COUNT_BICYCLIST_INJURED,COUNT_MC_KILLED,COUNT_MC_INJURED,PRIMARY_RAMP,SECONDARY_RAMP,LATITUDE,LONGITUDE,COUNTY,CITY,POINT_X,POINT_Y
91064815,2019,2019-10-03,9335,2019-05-04,0036,022048,,6,3,5,4117,0,1,2,,2,012,"US-101 N/B","US-101 NORTHBOUND TO BAYSHORE BOULEVARD",40.00,S,N,A,-,Y,,,101,,,,,,N,Y,1,1,3,4,A,-,03,22350,,N,D,C,A,A,H,-,C,D,0,,,,,Y,,I,10,0,0,3,0,0,0,0,0,0,"- ","- ",37.669990539550781,-122.39251708984375,"SAN MATEO","SOUTH SAN FRANCISCO",-122.39250183105469,37.669975280761719
91064828,2019,2019-09-02,9335,2019-08-25,1525,022241,,7,2,4,4114,0,1,1,,2,038,"I-380 E/B","EL CAMINO REAL",2026.00,E,N,A,-,Y,,,380,,,,,,E,Y,2,0,1,1,A,-,08,22107,,N,F,A,A,A,H,-,A,D,0,,,,,Y,,A,07,1,0,0,0,0,0,0,0,0,"- ","- ",37.634128570556641,-122.41195678710938,"SAN MATEO","SAN BRUNO",-122.41197204589844,37.634048461914062
91066572,2019,2019-09-04,9330,2019-08-27,1433,019764,,2,2,4,4120,0,1,3,,2,031,"SR-92 WESTBOUND","VINTAGE PARK DR O/C",330.00,E,N,A,-,Y,,,92,,,,,,W,Y,2,0,1,2,A,-,07,21658,A,N,B,C,A,A,H,-,A,D,0,,,Y,,Y,,C,02,1,0,0,0,0,0,0,0,1,"- ","- ",37.561290740966797,-122.27735900878906,"SAN MATEO","FOSTER CITY",-122.27735137939453,37.561275482177734
91075552,2019,2019-09-16,9330,2019-09-07,0810,022169,,6,1,4,4127,0,1,2,,2,058,"US-101 N/B","UNIVERSITY AVE",1584.00,S,N,B,-,Y,,,101,,,,,,N,Y,2,0,1,2,A,-,07,21658,A,N,C,C,A,A,H,-,A,D,0,,,,,Y,,A,07,1,0,0,0,0,0,0,0,0,"- ","- ",37.458148956298828,-122.13661193847656,"SAN MATEO","EAST PALO ALTO",-122.13665008544922,37.458087921142578
91076767,2019,2019-09-17,9330,2019-09-06,1710,021243,,5,2,9,4100,0,3,5,,2,509,"ALAMEDA DE LAS PULGAS","NASSAU DRIVE",0.00,,Y,A,-,N,,,,,,,,,,N,2,0,1,2,A,-,09,21801,A,N,D,G,A,A,H,-,A,D,0,,Y,,,Y,,A,07,1,0,0,0,0,0,1,0,0,"- ","- ",37.445770263671875,-122.22743988037109,"SAN MATEO",UNINCORPORATED,-122.22743225097656,37.44573974609375
91085316,2019,2019-09-27,9330,2019-09-14,1200,022211,,6,1,9,4100,0,1,3,,2,052,"SR-35 N/B","17507 SKYLINE BLVD",8.00,N,N,A,-,Y,,,35,,,,,,N,N,2,0,1,2,A,-,09,21801,A,N,H,A,A,A,H,-,A,D,0,,Y,,,Y,Y,A,01,1,0,0,0,0,0,1,0,0,"- ","- ",37.38214111328125,-122.26299285888672,"SAN MATEO",UNINCORPORATED,-122.26298522949219,37.38214111328125
9108912,2020,2020-06-25,4106,2020-03-02,1715,1180,9,1,5,6,4106,0,0,0,,0,004,"SOUTHGATE AV","CRESTWOOD DR",0.00,,Y,A,-,N,,,,,,,,,,N,2,0,1,2,A,-,10,21950,A,N,G,B,B,A,H,-,A,A,0,Y,,,,Y,,A,01,1,0,0,0,1,0,0,0,0,"- ","- ",,,"SAN MATEO","DALY CITY",-122.4844970703125,37.697261810302734
91100492,2019,2019-10-18,9330,2019-10-08,0642,021510,,2,1,9,4100,0,1,3,,1,011,SR-92,"CANADA ROAD",0.00,,Y,A,-,Y,,,92,,,,,,,N,2,0,1,2,A,-,12,21453,A,N,H,G,A,A,H,-,B,A,0,,Y,,,Y,,A,01,1,0,0,0,0,0,1,0,0,"- ","- ",37.506900787353516,-122.34130859375,"SAN MATEO",UNINCORPORATED,-122.34129333496094,37.50701904296875
91100835,2019,2019-10-18,9330,2019-10-08,0555,022355,,2,3,5,4113,0,1,2,,2,048,"US-101 S/B","WHIPPLE AVENUE",2640.00,N,N,A,-,Y,,,101,,,,,,S,N,2,0,1,2,A,-,00,21960,A,N,G,B,E,A,H,-,D,D,0,Y,,,,Y,,N,60,1,0,0,0,1,0,0,0,0,"- ","- ",37.500118255615234,-122.24076843261719,"SAN MATEO","REDWOOD CITY",-122.24071502685547,37.500179290771484
91102340,2019,2020-02-21,9330,2019-10-10,2058,021550,,4,2,4,4109,0,1,2,,2,058,"US-101 N/B","WILLOW ROAD",3170.00,N,N,A,-,Y,,,101,,,,,,N,Y,2,0,1,4,A,-,03,22350,,N,C,C,A,A,H,-,C,A,0,,,,,Y,,A,07,1,0,0,0,0,0,0,0,0,"- ","- ",37.476909637451172,-122.16864776611328,"SAN MATEO","MENLO PARK",-122.16866302490234,37.476886749267578
91109696,2019,2019-11-01,9330,2019-10-12,1620,022190,,6,2,9,4100,0,1,1,,2,034,"I-280 S/B","BUNKER HILL DR.",2112.00,N,N,A,-,Y,,,280,,,,,,S,Y,2,0,1,1,A,-,01,23152,A,N,F,A,A,A,H,-,A,D,0,,,Y,,Y,Y,C,02,1,0,0,0,0,0,0,0,1,"- ","- ",37.528598785400391,-122.35996246337891,"SAN MATEO",UNINCORPORATED,-122.35992431640625,37.528614044189453
91110677,2019,2019-10-31,9335,2019-10-21,2135,021920,,1,2,5,4117,0,1,2,,2,012,"US-101 N/B","SOUTH AIRPORT BLVD.",1000.00,N,N,A,-,Y,,,101,,,,,,N,Y,2,0,1,1,C,-,18,,,N,E,I,A,A,H,-,C,D,0,,,,,Y,,-,"- ",1,0,0,0,0,0,0,0,0,"- ","- ",37.652950286865234,-122.40675354003906,"SAN MATEO","SOUTH SAN FRANCISCO",-122.40691375732422,37.652950286865234
91114985,2019,2019-11-06,9330,2019-10-27,1010,022306,,7,1,9,4100,0,3,5,,2,203,"ALPINE ROAD","PORTOLA STATE PARK ROAD",2640.00,E,N,A,G,N,,,,,,,,,,N,2,0,1,1,A,-,03,22350,,N,F,A,A,A,H,-,A,D,0,,,Y,,Y,,C,02,1,0,0,0,0,0,0,0,1,"- ","- ",37.294780731201172,-122.20570373535156,"SAN MATEO",UNINCORPORATED,-122.20938110351562,37.294715881347656
91115171,2019,2019-11-07,9330,2019-10-27,2500,022306,,7,4,9,4100,0,1,3,,1,021,"SR-84 (LA HONDA ROAD)",SR-35,6864.00,W,N,A,-,N,,,84,,,,,,,Y,2,0,1,1,A,-,08,22107,,N,E,I,A,A,H,-,A,D,0,,,,,Y,,A,07,1,0,0,0,0,0,0,0,0,"- ","- ",37.372119903564453,-122.26364898681641,"SAN MATEO",UNINCORPORATED,-122.26364898681641,37.372081756591797
91130008,2019,2019-11-26,9335,2019-11-18,0730,016533,,1,1,9,4100,0,1,2,,2,011,"US-101 N/B","SAN BRUNO AVE. O/C",1350.00,S,N,A,-,Y,,,101,,,,,,N,Y,2,0,2,5,A,-,07,21658,A,N,B,C,A,A,H,-,A,D,0,,,,,Y,,D,22,2,0,0,0,0,0,0,0,0,"- ","- ",37.627670288085938,-122.40196228027344,"SAN MATEO",UNINCORPORATED,-122.40207672119141,37.627639770507812
91131559,2019,2019-11-28,9330,2019-11-15,2338,022053,,5,3,9,4100,0,3,5,,2,005,"SAND HILL ROAD","LAWLER RANCH ROAD",160.00,W,N,E,-,N,,,,,,,,,,Y,2,0,1,1,A,-,01,23152,A,N,E,I,A,A,H,-,D,D,0,,,Y,,Y,Y,C,02,1,0,0,0,0,0,0,0,1,"- ","- ",37.25579833984375,-122.13336181640625,"SAN MATEO",UNINCORPORATED,-122.22586822509766,37.418243408203125
91143062,2019,2019-12-13,9335,2019-12-04,1753,021644,,3,2,9,4100,0,1,2,,2,011,"US-101 N/B","SFO BART O/C",1575.00,N,N,B,-,Y,,,101,,,,,,N,Y,2,0,3,4,A,-,03,22350,,N,C,C,A,A,H,-,C,D,0,,,,,Y,,A,08,1,0,2,0,0,0,0,0,0,"- ","- ",37.619121551513672,-122.39913940429688,"SAN MATEO",UNINCORPORATED,-122.39916229248047,37.619113922119141
91145289,2019,2019-12-17,9330,2019-12-08,0333,022409,,7,3,4,4104,0,1,2,,2,038,"US-101 S/B","PENINSULA AVE",2020.00,N,N,B,C,Y,,,101,,,,,,S,Y,2,0,3,2,A,-,03,22350,,N,D,C,A,B,H,-,C,D,0,,,,,Y,,A,01,3,0,0,0,0,0,0,0,0,"- ","- ",37.586639404296875,-122.3349609375,"SAN MATEO",BURLINGAME,-122.3349609375,37.586654663085938
91147142,2019,2019-12-19,9330,2019-10-18,2130,020770,,5,2,5,4116,0,1,2,,2,038,"US-101 NORTHBOUND","PENINSULA AVE",500.00,S,N,A,-,Y,,,101,,,,,,N,Y,2,0,2,3,A,-,07,21658,A,F,B,C,A,A,H,-,C,D,0,,,,,Y,,-,99,1,1,0,0,0,0,0,0,0,"- ","- ",37.583328247070312,-122.32736206054688,"SAN MATEO","SAN MATEO",-122.32736968994141,37.583320617675781
9115486,2019,2020-07-02,4106,2019-12-12,0927,1180,14,4,5,6,4106,0,0,0,,0,006,"KING DR","RADBURN ST",0.00,,Y,A,-,N,,,,,,,,,,Y,2,0,1,3,A,-,09,21802,A,N,D,C,A,A,H,-,A,A,0,,,,,Y,,A,01,1,0,0,0,0,0,0,0,0,"- ","- ",,,"SAN MATEO","DALY CITY",-122.45680999755859,37.650001525878906
9115490,2019,2020-07-02,4106,2019-12-06,0720,2092,5,5,5,6,4106,0,0,0,,0,003,"JUNIPERO SERRA BL","91ST ST",0.00,,Y,A,-,N,,,,,,,,,,N,2,0,1,2,A,-,10,21950,A,N,G,B,B,A,H,-,A,D,0,Y,,,,Y,,A,01,1,0,0,0,1,0,0,0,0,"- ","- ",,,"SAN MATEO","DALY CITY",-122.47099304199219,37.690391540527344
9115729,2020,2020-08-26,4113,2020-06-08,1557,464,6,1,5,5,4113,0,0,0,,0,006,"CLINTON ST","LINCOLN AV",0.00,,Y,A,-,N,,,,,,,,,,Y,2,0,1,3,A,-,12,22450,,N,D,C,A,A,H,-,A,A,0,,,,,Y,,A,01,1,0,0,0,0,0,0,0,0,"- ","- ",37.477939605712891,-122.22894287109375,"SAN MATEO","REDWOOD CITY",-122.22894287109375,37.477928161621094
91159149,2019,2020-01-06,9330,2019-12-28,1500,022306,,6,2,9,4100,0,1,3,,2,052,SR-35,"CLOUDS REST ROAD",30.00,S,N,A,-,Y,,,35,,,,,,,Y,2,0,1,2,A,-,09,21802,A,N,C,C,A,A,H,-,A,D,0,,,Y,,Y,,A,07,1,0,0,0,0,0,0,0,1,"- ","- ",37.324729919433594,-122.20494079589844,"SAN MATEO",UNINCORPORATED,-122.20492553710938,37.324748992919922
91160403,2019,2020-01-06,9330,2019-12-25,0216,021630,,3,3,5,4116,0,1,2,,2,038,"US-101 S/B","POPLAR AVE",3168.00,N,N,B,C,Y,,,,,,,,,,Y,2,0,2,2,A,-,03,22350,,N,D,C,A,B,H,-,C,D,0,,,,,Y,,A,07,1,1,0,0,0,0,0,0,0,"- ","- ",37.586868286132812,-122.34058380126953,"SAN MATEO","SAN MATEO",,
91170461,2020,2020-01-22,9335,2020-01-12,0120,022331,,7,3,2,4103,0,1,2,,2,012,"US-101 N/B","ALANA WAY U/C",5690.00,S,N,A,-,Y,,,101,,,,,,N,Y,2,0,1,3,A,-,03,22350,,N,D,C,A,A,H,-,D,D,0,,,,,Y,,A,01,1,0,0,0,0,0,0,0,0,"- ","- ",37.693401336669922,-122.39147186279297,"SAN MATEO",BRISBANE,-122.3914794921875,37.693397521972656
9117893,2020,2020-11-06,4104,2020-06-18,1612,0645,14,4,5,4,4104,0,0,0,,0,00B,"RT 82","ROSEDALE AV",10.00,W,N,A,-,Y,SM,4,82,-,-,15.202,I,5,N,Y,2,0,2,2,A,-,09,21801,A,N,D,C,A,A,H,-,A,A,0,,,,,Y,,D,72,1,1,0,0,0,0,0,0,0,"- ","- ",37.591190338134766,-122.37754058837891,"SAN MATEO",BURLINGAME,-122.37790679931641,37.590915679931641
91179428,2019,2020-02-04,9330,2019-12-13,0202,022409,,5,3,3,4110,0,1,2,,2,038,"US-101 S/B TO MILLBRAE AVENUE","MILLBRAE AVE",330.00,N,N,A,-,Y,,,101,,,,R,,S,Y,2,0,1,1,A,-,03,22350,,N,E,I,A,A,H,-,C,D,0,,,,Y,Y,,F,26,1,0,0,0,0,0,0,0,0,"- ","- ",37.602870941162109,-122.38189697265625,"SAN MATEO",MILLBRAE,-122.38189697265625,37.602870941162109
91186194,2019,2020-02-13,9335,2019-12-29,1405,022326,,7,2,3,4110,0,1,2,,2,011,"US-101 N/B","MILLBRAE AVENUE O/C",4820.00,N,N,C,-,Y,,,101,,,,,,N,Y,2,0,5,3,A,-,01,23152,F,N,C,C,A,B,H,-,A,D,0,,,,,Y,,A,08,1,1,3,0,0,0,0,0,0,"- ","- ",37.611171722412109,-122.39321899414062,"SAN MATEO",MILLBRAE,-122.39327239990234,37.611083984375
91187373,2020,2020-02-17,9335,2020-02-06,1535,021700,,4,2,4,4114,0,1,2,,2,011,"US-101 N/B","SAN BRUNO O/C",3010.00,S,N,A,-,Y,,,,,,,,,,Y,2,0,1,2,A,-,08,22107,,N,F,A,A,A,H,-,A,D,0,,,Y,,Y,,C,02,1,0,0,0,0,0,0,0,1,"- ","- ",37.623199462890625,-122.40048217773438,"SAN MATEO","SAN BRUNO",-122.40061187744141,37.623271942138672
91193301,2019,2020-02-25,9330,2019-12-25,0255,022409,,3,3,4,4104,0,1,2,,2,038,"US-101 S/B","BROADWAY AVENUE",4000.00,S,N,C,-,Y,,,101,,,,,,S,Y,2,0,2,4,A,-,03,22350,,N,C,C,A,B,H,-,C,D,0,,,,,Y,,A,01,1,0,1,0,0,0,0,0,0,"- ","- ",37.587009429931641,-122.34841156005859,"SAN MATEO",BURLINGAME,-122.34841156005859,37.587005615234375
91206640,2020,2020-03-12,9330,2020-03-01,2220,020954,,7,3,5,4116,0,1,2,,2,048,"US-101 NORTHBOUND","E HILLSDALE BLVD. O/C",4224.00,S,N,A,-,Y,,,101,,,,,,N,Y,2,0,7,2,A,-,01,23152,F,N,C,C,A,A,H,-,C,D,0,,,,,Y,,A,01,1,3,3,0,0,0,0,0,0,"- ","- ",37.534191131591797,-122.27802276611328,"SAN MATEO","SAN MATEO",-122.27810668945312,37.534107208251953
91215176,2020,2020-03-25,9330,2020-03-17,0810,022436,,2,1,9,4100,0,3,5,,2,505,"E. SELBY LANE","SR-82 (EL CAMINO REAL)",8.00,E,N,B,-,Y,,,,,,,,,,N,2,0,1,2,A,-,10,21950,A,N,G,B,B,B,H,-,A,D,0,Y,,,,Y,,D,22,1,0,0,0,1,0,0,0,0,"- ","- ",37.468570709228516,-122.21066284179688,"SAN MATEO",UNINCORPORATED,,
91216358,2019,2020-03-26,9330,2019-11-18,1810,022190,,1,2,9,4100,0,3,5,,2,105,"AIRPORT STREET","CORNELL AVENUE",228.00,N,N,B,-,N,,,,,,,,,,Y,1,1,0,2,A,-,17,21200,,N,A,G,A,A,H,-,D,D,0,,Y,,,Y,Y,L,04,0,0,0,0,0,1,0,0,0,"- ","- ",37.505531311035156,-122.49349975585938,"SAN MATEO",UNINCORPORATED,-122.49349212646484,37.505519866943359
9121737,2020,2020-09-17,4100,2020-07-02,1906,25136,WDS,4,5,2,4118,0,0,0,,0,030,"LA HONDA RD","LA HONDA RD FOG LINE",9.00,E,N,A,-,N,,,,,,,,,,N,2,0,1,1,A,-,03,22350,,N,A,I,A,A,H,-,A,D,0,,,Y,,Y,,C,02,1,0,0,0,0,0,0,0,1,"- ","- ",,,"SAN MATEO",WOODSIDE,,
9121745,2020,2020-09-17,4100,2020-07-03,1320,25189,2100,5,5,4,4115,0,0,0,,0,052,"OLD COUNTRY RD","BRITTAN AV",10.00,S,N,A,-,N,,,,,,,,,,N,2,0,1,2,-,-,"- ",,A,N,G,B,B,A,H,-,A,A,0,Y,,,,Y,,A,01,1,0,0,0,1,0,0,0,0,"- ","- ",,,"SAN MATEO","SAN CARLOS",-122.25194549560547,37.501083374023438
91228740,2020,2020-04-23,9330,2020-04-17,0518,022185,,5,3,4,4104,0,1,2,,2,038,"US-101 NORTHBOUND","ANZA AVE",1056.00,N,N,B,-,Y,,,101,,,,,,N,Y,2,0,1,1,A,-,08,22107,,N,E,I,A,A,H,-,C,D,0,,,,,Y,,A,01,1,0,0,0,0,0,0,0,0,"- ","- ",37.587688446044922,-122.35578918457031,"SAN MATEO",BURLINGAME,-122.35578918457031,37.587692260742188
91230280,2020,2020-04-28,9330,2020-04-17,0520,022185,,5,3,4,4104,0,1,2,,2,038,"US-101 NORTHBOUND","ANZA AVE",1056.00,N,N,B,-,Y,,,101,,,,,,N,Y,2,0,2,2,A,-,03,22350,,N,D,C,A,A,H,-,C,D,0,,,,,Y,,D,22,1,0,1,0,0,0,0,0,0,"- ","- ",37.587688446044922,-122.35578918457031,"SAN MATEO",BURLINGAME,-122.35578918457031,37.587692260742188
91231169,2020,2020-04-30,9330,2020-04-24,1905,022367,,5,2,9,4100,0,3,5,,2,005,"SAND HILL ROAD","MANZANITA WAY",60.00,E,N,A,-,N,,,,,,,,,,N,2,0,1,1,A,-,03,22350,,N,F,A,A,A,H,-,A,D,0,,Y,,,Y,,L,04,1,0,0,0,0,0,1,0,0,"- ","- ",37.410858154296875,-122.24173736572266,"SAN MATEO",UNINCORPORATED,-122.24175262451172,37.410781860351562
9123160,2020,2020-08-28,4106,2020-06-24,1915,2146,8,3,5,6,4106,0,0,0,,0,004,"SKYLINE BL","JOHN MUIR",50.00,S,N,A,-,N,,,,,,,,,,Y,2,0,2,2,A,-,01,23153,,F,B,C,A,A,H,-,A,A,0,,,,,Y,Y,A,01,1,1,0,0,0,0,0,0,0,"- ","- ",,,"SAN MATEO","DALY CITY",-122.50014495849609,37.718803405761719
91234948,2020,2020-05-07,9330,2020-04-27,1839,019764,,1,2,5,4113,0,1,2,,2,048,"US-101 S/B TO WHIPPLE AVE.","WHIPPLE AVE",1304.00,N,N,A,-,Y,,,101,,,,R,,S,Y,2,0,1,4,A,-,08,22107,,N,E,I,A,A,H,-,A,D,0,,,,,Y,,A,08,1,0,0,0,0,0,0,0,0,"- ","- ",37.497348785400391,-122.23755645751953,"SAN MATEO","REDWOOD CITY",-122.23755645751953,37.497348785400391
91235674,2020,2020-05-11,9330,2020-04-30,0835,022185,,4,1,4,4104,0,1,2,,2,038,"US-101 NORTHBOUND","BROADWAY AVENUE",528.00,S,N,A,-,Y,,,101,,,,,,N,N,2,0,1,2,A,-,00,21960,,N,G,B,E,A,H,-,A,D,0,Y,,,,Y,,N,60,1,0,0,0,1,0,0,0,0,"- ","- ",37.589488983154297,-122.36015319824219,"SAN MATEO",BURLINGAME,-122.36013031005859,37.589515686035156
91236574,2020,2020-05-12,9330,2020-04-18,2114,022524,,6,2,5,4113,0,3,5,,2,505,"BAY ROAD","KAYNYNE ST.",100.00,S,N,A,-,N,,,,,,,,,,Y,2,0,2,2,A,-,01,23152,A,F,C,E,A,A,H,-,C,D,0,,,,Y,Y,Y,A,01,1,0,1,0,0,0,0,0,0,"- ","- ",37.484729766845703,-122.21058654785156,"SAN MATEO","REDWOOD CITY",-122.21062469482422,37.484748840332031
91238395,2020,2020-05-15,9330,2020-05-09,1900,022436,,6,2,9,4100,0,1,3,,1,021,"SR-84 (LA HONDA ROAD)","ENTRADA WAY",0.00,,Y,A,-,Y,,,84,,,,,,,Y,2,0,1,2,A,-,06,21750,,N,B,C,A,A,H,-,B,D,0,,,Y,,Y,,C,02,1,0,0,0,0,0,0,0,1,"- ","- ",37.319061279296875,-122.2742919921875,"SAN MATEO",UNINCORPORATED,-122.27433776855469,37.319061279296875
91239142,2019,2020-05-18,9330,2019-09-04,0124,021616,,3,3,4,4109,0,1,2,,2,058,"US-101 S/B","MARSH ROAD",528.00,S,N,A,-,Y,,,101,,,,,,S,Y,1,1,0,3,A,-,03,22350,,N,C,C,A,A,D,E,D,D,0,,,,,Y,Y,A,07,0,0,0,0,0,0,0,0,0,"- ","- ",37.482688903808594,-122.17916870117188,"SAN MATEO","MENLO PARK",-122.17919158935547,37.482646942138672
91242744,2020,2020-06-02,9330,2020-02-23,0315,021661,,7,3,5,4113,0,1,2,,2,048,"US-101 S/B (BAYSHORE FREEWAY)","WHIPPLE AVENUE",1469.00,N,N,B,-,Y,,,101,,,,,,S,Y,1,1,1,1,A,-,01,23152,A,N,E,I,A,A,H,-,C,D,0,,,,,Y,Y,A,01,0,1,0,0,0,0,0,0,0,"- ","- ",37.497840881347656,-122.23783874511719,"SAN MATEO","REDWOOD CITY",-122.23777770996094,37.497947692871094
91252030,2020,2020-06-18,9330,2020-06-05,1243,022211,,5,1,5,4116,0,1,2,,2,038,"US-101 S/B","PENINSULA AVE",550.00,S,N,A,-,Y,,,101,,,,,,S,Y,2,0,1,1,A,-,08,22107,,N,E,I,A,A,D,-,A,D,0,,,,,Y,,A,07,1,0,0,0,0,0,0,0,0,"- ","- ",37.583248138427734,-122.32771301269531,"SAN MATEO","SAN MATEO",-122.32765960693359,37.583301544189453
91252532,2020,2020-06-18,9330,2020-06-10,2029,016993,,3,2,5,4116,0,1,3,,2,031,"SR-92 E/B","DE ANZA BLVD",272.00,W,N,A,-,Y,,,92,,,,,,E,Y,2,0,2,1,A,-,08,22107,,N,E,I,A,A,H,-,B,D,0,,,,,Y,,A,01,1,1,0,0,0,0,0,0,0,"- ","- ",37.521701812744141,-122.33190155029297,"SAN MATEO","SAN MATEO",-122.33196258544922,37.521678924560547
91253973,2020,2020-12-07,9330,2020-05-10,0500,021630,,7,3,5,4113,0,1,2,,2,048,"US-101 S/B","WHIPPLE AVE",1550.00,S,N,A,-,Y,,,101,,,,,,S,Y,2,0,1,1,C,-,18,,,N,E,I,A,A,H,-,A,D,0,,,,,Y,,-,"- ",1,0,0,0,0,0,0,0,0,"- ","- ",37.494678497314453,-122.22811889648438,"SAN MATEO","REDWOOD CITY",-122.22808074951172,37.494823455810547
91254979,2020,2020-06-22,9330,2020-02-15,0535,022185,,6,3,4,4104,0,1,2,,2,038,"US-101 SOUTHBOUND",BROADWAY,364.00,S,N,A,-,Y,,,101,,,,,,S,Y,1,1,0,1,A,-,01,23152,A,N,E,I,A,A,D,-,C,D,0,,,,,Y,Y,A,07,0,0,0,0,0,0,0,0,0,"- ","- ",37.589550018310547,-122.36089324951172,"SAN MATEO",BURLINGAME,-122.36081695556641,37.58966064453125
91259099,2020,2020-06-26,9330,2020-06-22,1000,022020,,1,1,9,4100,0,3,5,,2,004,"CANADA ROAD","EDGEWOOD ROAD",4300.00,N,N,A,-,N,,,,,,,,,,N,2,0,1,2,A,-,03,22350,,N,H,G,A,A,H,-,A,D,0,,Y,,,Y,,L,04,1,0,0,0,0,0,1,0,0,"- ","- ",37.474620819091797,-122.30742645263672,"SAN MATEO",UNINCORPORATED,-122.30646514892578,37.473457336425781
91268695,2020,2020-07-15,9330,2020-07-09,0820,022020,,4,1,4,4115,0,1,2,,2,048,"US-101 S/B","HOLLY STREET O/C",400.00,S,N,A,-,Y,,,101,,,,,,S,Y,2,0,1,1,A,-,08,22107,,N,F,A,A,A,H,-,A,D,0,,,Y,,Y,,C,02,1,0,0,0,0,0,0,0,1,"- ","- ",37.512279510498047,-122.25440216064453,"SAN MATEO","SAN CARLOS",-122.25439453125,37.512290954589844
91272957,2020,2020-07-22,9330,2020-07-11,1257,022279,,6,1,9,4100,0,3,5,,2,503,"SAND HILL ROAD","MANZANITA WAY",300.00,E,N,A,-,N,,,,,,,,,,N,2,0,1,1,A,-,08,22107,,N,E,I,A,A,H,-,A,D,0,,Y,,,Y,,L,04,1,0,0,0,0,0,1,0,0,"- ","- ",37.411109924316406,-121.2412109375,"SAN MATEO",UNINCORPORATED,-122.24119567871094,37.411270141601562
9127582,2020,2020-11-05,4106,2020-07-25,0822,1263,13A,6,5,6,4106,0,0,0,,0,006,"SOUTHGATE AV","SERRAMONTE CTR",0.00,,Y,A,-,N,,,,,,,,,,Y,2,0,1,3,A,-,10,21950,A,N,G,B,B,A,H,-,A,D,0,Y,,,,Y,,A,01,1,0,0,0,1,0,0,0,0,"- ","- ",,,"SAN MATEO","DALY CITY",-122.47069399999999,37.675269999999998
9127976,2020,2020-10-07,4116,2020-07-13,0710,28071,17A,1,5,5,4116,0,0,0,,0,0DT,"EAST 5TH AV","S CLAREMONT",0.00,,Y,A,-,N,,,,,,,,,,N,2,0,1,2,A,-,10,21950,A,N,G,B,B,A,H,-,A,A,0,Y,,,,Y,,A,01,1,0,0,0,1,0,0,0,0,"- ","- ",37.565231323242188,-122.31934356689453,"SAN MATEO","SAN MATEO",-122.31931304931641,37.565231323242188
91282900,2020,2020-08-10,9330,2020-08-02,1200,021942,,7,1,9,4100,0,3,5,,2,002,"PESCADERO CREEK RD","JONES GULCH RD",1614.00,W,N,A,-,N,,,,,,,,,,Y,2,0,1,1,A,-,03,22350,,N,F,A,A,A,H,-,A,D,0,,,Y,,Y,,C,02,1,0,0,0,0,0,0,0,1,"- ","- ",37.286018371582031,-122.28354644775391,"SAN MATEO",UNINCORPORATED,,
91292435,2020,2020-08-25,9330,2020-08-13,1825,022367,,4,2,9,4100,0,3,5,,2,005,"SAND HILL ROAD","WHISKEY HILL ROAD",1056.00,E,N,A,-,N,,,,,,,,,,N,2,0,1,2,A,-,01,23152,A,N,H,G,A,A,H,-,A,D,0,,Y,,,Y,Y,A,07,1,0,0,0,0,0,1,0,0,"- ","- ",37.412368774414062,-122.22402191162109,"SAN MATEO",UNINCORPORATED,-122.23846435546875,37.414905548095703