CASE_ID,ACCIDENT_YEAR,PROC_DATE,JURIS,COLLISION_DATE,COLLISION_TIME,OFFICER_ID,REPORTING_DISTRICT,DAY_OF_WEEK,CHP_SHIFT,POPULATION,CNTY_CITY_LOC,SPECIAL_COND,BEAT_TYPE,CHP_BEAT_TYPE,CITY_DIVISION_LAPD,CHP_BEAT_CLASS,BEAT_NUMBER,PRIMARY_RD,SECONDARY_RD,DISTANCE,DIRECTION,INTERSECTION,WEATHER_1,WEATHER_2,STATE_HWY_IND,CALTRANS_COUNTY,CALTRANS_DISTRICT,STATE_ROUTE,ROUTE_SUFFIX,POSTMILE_PREFIX,POSTMILE,LOCATION_TYPE,RAMP_INTERSECTION,SIDE_OF_HWY,TOW_AWAY,COLLISION_SEVERITY,NUMBER_KILLED,NUMBER_INJURED,PARTY_COUNT,PRIMARY_COLL_FACTOR,PCF_CODE_OF_VIOL,PCF_VIOL_CATEGORY,PCF_VIOLATION,PCF_VIOL_SUBSECTION,HIT_AND_RUN,TYPE_OF_COLLISION,MVIW,PED_ACTION,ROAD_SURFACE,ROAD_COND_1,ROAD_COND_2,LIGHTING,CONTROL_DEVICE,CHP_ROAD_TYPE,PEDESTRIAN_ACCIDENT,BICYCLE_ACCIDENT,MOTORCYCLE_ACCIDENT,TRUCK_ACCIDENT,NOT_PRIVATE_PROPERTY,ALCOHOL_INVOLVED,STWD_VEHTYPE_AT_FAULT,CHP_VEHTYPE_AT_FAULT,COUNT_SEVERE_INJ,COUNT_VISIBLE_INJ,COUNT_COMPLAINT_PAIN,COUNT_PED_KILLED,COUNT_PED_INJURED,COUNT_BICYCLIST_KILLED,COUNT_BICYCLIST_INJURED,COUNT_MC_KILLED,COUNT_MC_INJURED,PRIMARY_RAMP,SECONDARY_RAMP,LATITUDE,LONGITUDE,COUNTY,CITY,POINT_X,POINT_Y
91296854,2020,2020-09-10,9330,2020-06-29,1430,022436,,1,2,9,4100,0,1,1,,2,054,"I-280 S/B","ALPINE ROAD",3696.00,N,N,A,-,Y,,,280,,,,,,S,Y,1,1,0,1,A,-,08,22107,,N,E,I,A,A,H,-,A,D,0,,,,,Y,,D,22,0,0,0,0,0,0,0,0,0,"- ","- ",37.415500640869141,-122.21042633056641,"SAN MATEO",UNINCORPORATED,-122.21051788330078,37.415409088134766
9129945,2020,2020-09-18,4113,2020-07-31,2243,482,5,5,5,5,4113,0,0,0,,0,005,"WOODSIDE AV","HESS RD",348.00,E,N,A,-,N,,,,,,,,,,Y,2,0,1,2,A,-,"- ",,,N,H,G,A,A,H,-,D,A,0,,Y,,,Y,Y,D,23,1,0,0,0,0,0,1,0,0,"- ","- ",37.471199035644531,-122.22358703613281,"SAN MATEO","REDWOOD CITY",-122.22284698486328,37.472442626953125
9130751,2020,2020-10-06,4100,2020-07-18,2043,19590,SNC,6,5,4,4115,0,0,0,,0,052,"INDUSTRIAL RD","TANKLAGE RD",148.00,S,N,A,-,N,,,,,,,,,,Y,2,0,3,2,A,-,01,23153,A,N,B,C,A,A,H,-,A,D,0,,,,,Y,Y,A,07,2,1,0,0,0,0,0,0,0,"- ","- ",,,"SAN MATEO","SAN CARLOS",-122.25234222412109,37.508060455322266
91308892,2020,2020-10-01,9330,2020-09-10,0535,022190,,4,3,9,4100,0,1,3,,1,020,SR-1,"NEW YEARS CREEK ROAD",4752.00,S,N,E,F,Y,,,1,,,,,,,Y,2,0,1,1,A,-,01,23152,A,N,E,J,A,A,H,-,D,D,0,,,,,Y,Y,A,01,1,0,0,0,0,0,0,0,0,"- ","- ",37.113521575927734,-122.30010986328125,"SAN MATEO",UNINCORPORATED,-122.30009460449219,37.113548278808594
91313908,2020,2020-09-29,9330,2020-09-23,0015,022020,,3,3,9,4100,0,1,3,,2,052,SR-35,"RAPLEY ROAD",2068.00,S,N,A,-,Y,,,35,,,,,,,Y,2,0,1,1,A,-,08,22107,,N,E,I,A,A,H,-,D,D,0,,,,,Y,,A,01,1,0,0,0,0,0,0,0,0,"- ","- ",37.371978759765625,-122.25272369384766,"SAN MATEO",UNINCORPORATED,-122.25272369384766,37.37188720703125
91316140,2020,2020-10-02,9330,2020-09-20,2129,021830,,7,2,4,4115,0,1,2,,2,048,"US-101 SOUTHBOUND","BRITTAN AVENUE",175.00,N,N,A,-,Y,,,101,,,,,,S,Y,2,0,4,3,A,-,03,22350,,N,C,C,A,A,D,-,D,D,0,,,,,Y,,A,01,2,2,0,0,0,0,0,0,0,"- ","- ",37.504501342773438,-122.24562835693359,"SAN MATEO","SAN CARLOS",-122.24562835693359,37.504505157470703
91316762,2020,2021-02-03,9330,2020-06-20,0058,021830,,6,3,5,4116,0,1,3,,2,031,"SR-92 E/B (J. ARTHUR YOUNGER FREEWAY)","SR-82 (EL CAMINO REAL)",305.00,W,N,A,-,Y,,,92,,,,,,E,Y,1,1,0,1,A,-,01,23152,A,N,E,I,A,A,H,-,C,D,0,,,,,Y,Y,A,01,0,0,0,0,0,0,0,0,0,"- ","- ",37.549701690673828,-122.31282043457031,"SAN MATEO","SAN MATEO",-122.31283569335938,37.549732208251953
91317129,2020,2020-10-05,9330,2020-09-27,1425,022372,,7,2,9,4100,0,1,3,,1,021,SR-84,"HILDEBRAND ROAD",2640.00,E,N,A,-,Y,,,84,,,,,,,N,2,0,1,1,A,-,08,22107,,N,F,I,A,A,H,-,A,D,0,,,Y,,Y,,C,02,1,0,0,0,0,0,0,0,1,"- ","- ",37.333160400390625,-122.27133941650391,"SAN MATEO",UNINCORPORATED,-122.27128601074219,37.333099365234375
91321033,2020,2020-11-12,9330,2020-09-29,2130,022042,,2,2,5,4116,0,1,3,,2,031,"SR-92 WB","ALAMEDA DE LAS PULGAS",528.00,E,N,A,-,Y,,,92,,,,,,W,Y,2,0,2,1,A,-,08,22107,,N,E,I,A,A,H,-,D,D,0,,,,,Y,,A,01,2,0,0,0,0,0,0,0,0,"- ","- ",37.548500061035156,-122.31749725341797,"SAN MATEO","SAN MATEO",-122.31748199462891,37.548450469970703
9132890,2020,2020-11-20,4111,2020-06-01,2303,P5158,P02,1,5,4,4111,0,0,0,,0,0P1,"RT 35","TIMBERHILL ST",0.00,,Y,A,-,Y,SM,4,35,-,-,27.350,H,-,S,Y,2,0,2,2,A,-,01,23152,A,N,A,C,A,A,H,-,C,D,0,,,,,Y,Y,A,01,2,0,0,0,0,0,0,0,0,"- ","- ",,,"SAN MATEO",PACIFICA,-122.47129821777344,37.652912139892578
91330722,2020,2020-10-26,9330,2020-10-17,1530,022042,,6,2,9,4100,0,1,3,,2,052,"SR-35 (SKYLINE BLVD)","PAGEMILL RD",0.00,,Y,A,-,Y,,,35,,,,,,,Y,2,0,1,2,A,-,09,21802,A,N,D,C,A,A,H,-,A,D,0,,,Y,,Y,,A,01,1,0,0,0,0,0,0,0,1,"- ","- ",37.314990997314453,-122.18727111816406,"SAN MATEO",UNINCORPORATED,-122.18726348876953,37.314994812011719
91338427,2020,2020-11-03,9330,2020-10-25,1720,022042,,7,2,9,4100,0,3,5,,2,004,"CANADA RD",SR-92,4224.00,S,N,A,-,N,,,,,,,,,,N,2,0,1,1,C,-,18,,,N,F,A,A,A,H,-,A,D,0,,Y,,,Y,,-,"- ",1,0,0,0,0,0,1,0,0,"- ","- ",37.499988555908203,-122.33058929443359,"SAN MATEO",UNINCORPORATED,-122.33140563964844,37.500026702880859
91338465,2020,2020-11-03,9330,2020-10-18,1210,022101,,7,1,9,4100,0,1,3,,2,042,"SR-35 (SKYLINE BOULEVARD) S/B","KINGS MOUNTAIN ROAD",2112.00,N,N,A,-,Y,,,35,,,,,,S,Y,2,0,1,2,A,-,09,21804,A,N,F,A,A,A,H,-,A,D,0,,,Y,,Y,,A,07,1,0,0,0,0,0,0,0,1,"- ","- ",37.429039001464844,-122.31218719482422,"SAN MATEO",UNINCORPORATED,-122.31224060058594,37.428962707519531
91341013,2020,2020-11-06,9330,2020-11-01,1315,021953,,7,1,9,4100,0,1,3,,2,042,"SR-35 (SKYLINE BOULEVARD)","BEAR GULCH ROAD",2112.00,S,N,A,-,Y,,,35,,,,,,,Y,2,0,1,1,A,-,08,22107,,N,F,I,A,A,H,-,A,D,0,,,Y,,Y,,C,02,1,0,0,0,0,0,0,0,1,"- ","- ",37.392108917236328,-122.288818359375,"SAN MATEO",UNINCORPORATED,-122.28887939453125,37.392162322998047
91341442,2020,2020-11-09,9335,2020-11-01,1010,022040,,7,1,6,4106,0,1,3,,2,035,"SR-35 S/B","SR-1 N/B",1393.00,S,N,A,-,Y,,,35,,,,,,S,N,2,0,1,2,A,-,03,22350,,N,H,G,A,A,H,-,A,D,0,,Y,,,Y,,A,01,1,0,0,0,0,0,1,0,0,"- ","- ",37.665729522705078,-122.48121643066406,"SAN MATEO","DALY CITY",-122.48115539550781,37.665809631347656
91343335,2020,2021-01-06,9330,2020-11-07,0001,022436,,6,3,9,4100,0,1,3,,2,031,"SR-92 W/B",I-280,528.00,E,N,C,-,Y,,,92,,,,,,W,Y,2,0,1,1,A,-,03,22350,,N,E,J,A,B,H,-,C,D,0,,,,,Y,,A,01,1,0,0,0,0,0,0,0,0,"- ","- ",37.50836181640625,-122.33645629882812,"SAN MATEO",UNINCORPORATED,-122.33628082275391,37.507930755615234
91350293,2020,2020-11-20,9330,2020-10-17,1430,022504,,6,2,9,4100,0,1,3,,1,021,"SR-84 E/B","SEQUOIA DRIVE",1056.00,W,N,A,-,Y,,,,,,,,,,Y,2,0,1,1,A,-,08,22107,,N,F,A,A,A,H,-,A,D,0,,,Y,,Y,Y,C,02,1,0,0,0,0,0,0,0,1,"- ","- ",37.364280700683594,-122.26225280761719,"SAN MATEO",UNINCORPORATED,,
91378325,2020,2020-12-31,9330,2020-12-20,1447,022575,,7,2,5,4116,0,1,3,,2,031,"US-101 N/B FROM SR-92 E/B","SR-92 E/B O/C",135.00,S,N,A,-,Y,,,101,,,,R,,N,N,2,0,1,1,A,-,08,22107,,N,E,I,A,A,H,-,A,D,0,,,Y,,Y,,C,02,1,0,0,0,0,0,0,0,1,"- ","- ",37.552928924560547,-122.29390716552734,"SAN MATEO","SAN MATEO",-122.29390716552734,37.552928924560547
91393266,2021,2021-01-25,9330,2021-01-17,2340,022294,,7,3,2,4118,0,1,1,,2,054,"I-280 NORTHBOUND","SR-84 (WOODSIDE RD)",4224.00,N,N,A,-,Y,,,280,,,,,,N,Y,2,0,1,1,A,-,01,23152,A,N,E,I,A,A,H,-,D,D,0,,,,,Y,Y,A,01,1,0,0,0,0,0,0,0,0,"- ","- ",37.444019317626953,-122.25586700439453,"SAN MATEO",WOODSIDE,-122.25587463378906,37.444000244140625
91411444,2021,2021-02-19,9330,2021-02-06,2215,022575,,6,3,5,4116,0,1,2,,2,038,"US-101 SOUTHBOUND","3RD AVENUE",1400.00,S,N,B,-,Y,,,101,,,,,,S,Y,2,0,2,2,A,-,08,22107,,N,E,I,A,A,H,-,C,D,0,,,,,Y,Y,A,07,1,1,0,0,0,0,0,0,0,"- ","- ",37.567760467529297,-122.31092834472656,"SAN MATEO","SAN MATEO",-122.31085968017578,37.567832946777344
91413544,2021,2021-02-23,9335,2021-02-17,2205,021301,,3,3,9,4100,0,3,5,,2,001,"WESTBOROUGH BLVD","JUNIPERO SERRA BLVD",1426.00,E,N,A,-,Y,,,,,,,,,,Y,2,0,1,1,A,-,08,22107,,N,E,I,A,A,H,-,D,D,0,,,,,Y,,A,07,1,0,0,0,0,0,0,0,0,"- ","- ",37.64849853515625,-122.44450378417969,"SAN MATEO",UNINCORPORATED,-122.44467163085938,37.648445129394531
91414984,2021,2021-12-10,9335,2021-02-18,2317,021012,,4,3,5,4117,0,1,2,,2,012,"US-101 N/B","ALANA WAY",6811.00,S,N,A,-,Y,,,,,,,,,,Y,2,0,1,1,A,-,08,22107,,N,E,I,A,A,H,-,D,D,0,,,,,Y,,A,01,1,0,0,0,0,0,0,0,0,"- ","- ",37.689418792724609,-122.39034271240234,"SAN MATEO","SOUTH SAN FRANCISCO",-122.39482116699219,37.708240509033203
91423477,2020,2021-03-09,9330,2020-10-29,2124,022385,,4,2,3,4110,0,1,2,,2,038,"US-101 S/B TO MILLBRAE AVENUE","MILLBRAE AVENUE OVERCROSSING",443.00,N,N,A,-,Y,,,101,,,,R,,S,Y,1,1,0,1,A,-,08,22107,,N,E,I,A,A,H,-,C,D,0,,,Y,,Y,,C,02,0,0,0,0,0,0,0,1,0,"- ","- ",37.602668762207031,-122.38195037841797,"SAN MATEO",MILLBRAE,-122.38195037841797,37.602668762207031
91426987,2021,2022-11-03,9330,2021-03-14,2120,022372,,7,2,9,4100,0,1,1,,2,044,"I-280 S/B","GATE ROAD",2640.00,S,N,C,-,Y,,,280,,,,,,S,Y,1,1,0,1,A,-,08,22107,,N,E,I,A,B,H,-,D,D,0,,,,,Y,,A,07,0,0,0,0,0,0,0,0,0,"- ","- ",37.495201110839844,-122.30819702148438,"SAN MATEO",UNINCORPORATED,-122.30823516845703,37.495048522949219
91428875,2021,2021-03-17,9330,2021-03-09,2152,022141,,2,2,9,4100,0,1,3,,2,031,"SR-92 W/B TO I-280 S/B","SOUTH TUNNEL EDGE",100.00,N,N,A,-,Y,,,92,,,,R,,W,Y,2,0,1,1,A,-,03,22350,,N,E,I,A,B,H,-,C,D,0,,,,,Y,,A,01,1,0,0,0,0,0,0,0,0,"- ","- ",37.507999420166016,-122.33670043945312,"SAN MATEO",UNINCORPORATED,-122.33670043945312,37.507999420166016
91430706,2021,2021-03-19,9330,2021-02-26,1415,021662,,5,2,9,4100,0,1,3,,1,021,SR-84,SR-35,1056.00,W,N,A,-,Y,,,84,,,,,,,Y,2,0,1,2,A,-,05,21460,A,N,B,C,A,A,H,-,A,D,0,,,Y,,Y,,C,02,1,0,0,0,0,0,0,0,1,"- ","- ",37.385208129882812,-122.26731109619141,"SAN MATEO",UNINCORPORATED,-122.26728057861328,37.385219573974609
91439703,2021,2021-03-30,9335,2021-03-24,2055,019434,,3,2,4,4114,0,1,1,,2,038,"I-380 W/B","EL CAMINO REAL UNDER-CROSSING",2090.00,E,N,A,-,Y,,,380,,,,,,W,Y,2,0,1,2,A,-,07,21658,A,N,B,C,A,A,H,-,C,D,0,,,Y,,Y,,C,02,1,0,0,0,0,0,0,0,1,"- ","- ",37.634330749511719,-122.41191864013672,"SAN MATEO","SAN BRUNO",-122.41194152832031,37.63427734375
9144645,2020,2020-10-27,4117,2020-08-12,0433,20MW03,08AG,3,5,5,4117,0,0,0,,0,001,"COMMERCIAL AV","SPRUCE AV",112.00,E,N,A,-,N,,,,,,,,,,N,2,0,2,2,A,-,11,21954,A,N,G,B,D,A,H,-,C,D,0,Y,,Y,,Y,,N,60,1,1,0,0,1,0,0,0,1,"- ","- ",37.654289245605469,-122.41635131835938,"SAN MATEO","SOUTH SAN FRANCISCO",-122.41632843017578,37.654449462890625
91446788,2021,2021-04-09,9330,2021-03-27,2040,021662,,6,2,9,4100,0,1,3,,1,011,"SR-92 W/B","PILARCITOS CREEK ROAD",1151.00,E,N,A,-,Y,,,92,,,,,,W,N,2,0,2,2,A,-,01,23152,A,N,A,C,A,A,H,-,D,D,0,,,,,Y,Y,A,01,1,0,1,0,0,0,0,0,0,"- ","- ",37.493038177490234,-122.38217163085938,"SAN MATEO",UNINCORPORATED,-122.38216400146484,37.493003845214844
91449061,2021,2021-04-13,9330,2021-03-06,1535,022504,,6,2,9,4100,0,1,3,,1,020,SR-1,"COWELL-PURISIMA COASTAL TRAILHEAD",260.00,S,N,A,-,Y,,,,,,,,,,N,2,0,1,2,A,-,08,22107,,N,H,E,A,A,H,-,A,D,0,,Y,,,Y,,L,04,1,0,0,0,0,0,1,0,0,"- ","- ",37.234489440917969,-122.24524688720703,"SAN MATEO",UNINCORPORATED,,
91449447,2021,2021-04-13,9330,2021-04-03,1222,022279,,6,1,9,4100,0,3,5,,2,503,"SAND HILL ROAD","MANZANITA WAY",20.00,E,N,A,-,N,,,,,,,,,,N,2,0,1,1,A,-,03,22350,,N,F,A,A,A,H,-,A,D,0,,Y,,,Y,,L,04,1,0,0,0,0,0,1,0,0,"- ","- ",37.140689849853516,-122.24179840087891,"SAN MATEO",UNINCORPORATED,-122.24184417724609,37.410701751708984
91456854,2020,2021-04-23,9335,2020-08-04,0928,019213,,2,1,9,4100,0,1,2,,2,012,"US-101 S/B TO I-380 W/B","I-380 W/B",798.00,N,N,A,-,Y,,,101,,,,R,,S,Y,1,1,0,1,A,-,01,23152,F,N,E,I,A,A,H,-,A,D,0,,,,,Y,,D,22,0,0,0,0,0,0,0,0,0,"- ","- ",37.637439727783203,-122.40512847900391,"SAN MATEO",UNINCORPORATED,-122.40512847900391,37.637439727783203
91456896,2021,2021-05-12,9330,2021-04-14,1300,022101,,3,1,5,4116,0,1,2,,2,038,"US-101 S/B","POPLAR AVE",242.00,N,N,A,-,Y,,,101,,,,,,S,N,2,0,2,1,A,-,08,22107,,N,E,I,A,A,D,H,A,D,0,,,,,Y,,A,01,1,1,0,0,0,0,0,0,0,"- ","- ",37.580890655517578,-122.32514953613281,"SAN MATEO","SAN MATEO",-122.32510375976562,37.580940246582031
9146056,2020,2020-09-17,4106,2020-07-09,1122,2154,9,4,5,6,4106,0,0,0,,0,004,SOUTHGATE,"CRESTWOOD AV",65.00,E,N,A,-,N,,,,,,,,,,N,2,0,1,2,A,-,03,22350,,N,C,G,A,-,H,-,A,D,0,,Y,,,Y,,-,,1,0,0,0,0,0,1,0,0,"- ","- ",37.697151184082031,-122.48429870605469,"SAN MATEO","DALY CITY",-122.48427581787109,37.697277069091797
91461579,2021,2021-08-06,9330,2021-04-27,1100,021979,,2,1,4,4127,0,1,2,,2,058,"US-101 S/B","UNIVERSITY AVE",1500.00,S,N,A,-,Y,,,101,,,,,,S,Y,2,0,1,1,A,-,08,22107,,N,E,I,A,A,H,-,A,D,0,,,,,Y,,A,01,1,0,0,0,0,0,0,0,0,"- ","- ",37.458309173583984,-122.13736724853516,"SAN MATEO","EAST PALO ALTO",-122.13738250732422,37.458290100097656
91465057,2021,2021-05-04,9330,2021-04-20,0430,022524,,2,3,4,4104,0,1,2,,2,038,"US-101 S/B","ANZA BOULEVARD",1200.00,S,N,A,-,Y,,,101,,,,,,S,Y,2,0,1,2,A,-,08,22107,,N,B,C,A,A,D,-,D,D,0,,,,,Y,,A,01,1,0,0,0,0,0,0,0,0,"- ","- ",37.586971282958984,-122.34748077392578,"SAN MATEO",BURLINGAME,-122.34748077392578,37.586982727050781
9147201,2020,2020-10-22,4102,2020-08-28,2019,98750,10BC,5,5,4,4102,0,0,0,,0,003,"RALSTON AV","BELMONT CANYON RD",0.00,,Y,A,-,N,,,,,,,,,,Y,2,0,2,2,A,-,12,21453,A,N,D,C,A,A,H,-,B,A,0,,,,,Y,,A,01,1,1,0,0,0,0,0,0,0,"- ","- ",37.512069702148438,-122.29429626464844,"SAN MATEO",BELMONT,-122.32263946533203,37.511070251464844
91486201,2021,2021-06-17,9330,2021-05-19,0735,017984,,3,1,9,4100,0,1,3,,1,011,"STATE ROUTE 92","HALF MOON BAY CITY LIMITS",528.00,E,N,A,-,Y,,,92,,,,,,,N,2,0,1,1,C,-,18,,,N,E,I,A,A,H,-,A,D,0,,,,,Y,,-,"- ",1,0,0,0,0,0,0,0,0,"- ","- ",37.475700378417969,-122.41790008544922,"SAN MATEO",UNINCORPORATED,-122.41802215576172,37.475902557373047
9149018,2020,2021-01-21,4117,2020-09-01,1105,04JL03,08AE,2,5,5,4117,0,0,0,,0,001,"LINDEN AV","BADEN AV",0.00,,Y,B,-,N,,,,,,,,,,N,2,0,2,2,A,-,12,21453,A,N,D,C,A,A,H,-,A,A,0,,,,,Y,,A,07,1,0,1,0,0,0,0,0,0,"- ","- ",37.654190063476562,-122.41047668457031,"SAN MATEO","SOUTH SAN FRANCISCO",-122.41046905517578,37.654190063476562
91491523,2021,2021-06-08,9330,2021-05-25,1300,017984,,2,1,9,4100,0,1,1,,2,044,"INTERSTATE 280 N/B (JUNIPERO SERRA FREEWAY)",SR-92,3168.00,S,N,A,-,Y,,,280,,,,,,N,Y,2,0,1,2,A,-,08,22107,,N,D,C,A,A,H,-,A,D,0,,,,,Y,,D,22,1,0,0,0,0,0,0,0,0,"- ","- ",37.501361846923828,-122.32750701904297,"SAN MATEO",UNINCORPORATED,-122.32752227783203,37.501304626464844
91498641,2021,2021-06-16,9330,2021-05-01,1315,022294,,6,1,9,4100,0,3,5,,2,002,"LOBITOS CREEK RD","TUNITAS CREEK ROAD",1056.00,N,N,B,-,N,,,,,,,,,,N,2,0,1,1,A,-,03,22350,,N,E,I,A,B,H,-,A,D,0,,Y,,,Y,,L,04,1,0,0,0,0,0,1,0,0,"- ","- ",37.400318145751953,-122.37126922607422,"SAN MATEO",UNINCORPORATED,-122.36296844482422,37.399448394775391
9149908,2020,2020-11-25,4111,2020-07-25,2208,P5146,P12,6,5,4,4111,0,0,0,,0,0P2,"RT 1","ROCKAWAY BEACH AV",155.00,S,N,A,-,Y,SM,4,1,-,-,41.980,H,-,N,Y,2,0,4,3,A,-,01,23153,A,N,A,C,A,A,H,-,C,A,0,,,,,Y,Y,A,07,3,0,1,0,0,0,0,0,0,"- ","- ",,,"SAN MATEO",PACIFICA,-122.49562835693359,37.608444213867188
91499315,2021,2021-06-17,9330,2021-06-06,1410,021662,,7,2,9,4100,0,3,5,,2,005,"ALPINE ROAD",I-280,320.00,E,N,A,-,N,,,,,,,,,,Y,2,0,1,2,A,-,09,21801,B,N,D,C,A,A,H,-,A,A,0,,,Y,,Y,,A,07,1,0,0,0,0,0,0,0,1,"- ","- ",37.410179138183594,-122.19464111328125,"SAN MATEO",UNINCORPORATED,-122.19463348388672,37.410148620605469
9150696,2020,2020-09-18,4111,2020-07-28,1828,5137,09,2,5,4,4111,0,0,0,,0,002,"SKYLINE BL","WEST BOROUGH BL",135.00,N,N,A,-,N,,,,,,,,,,Y,2,0,3,2,A,-,03,22350,,N,C,-,A,-,H,-,A,A,0,,,,,Y,,A,01,1,2,0,0,0,0,0,0,0,"- ","- ",,,"SAN MATEO",PACIFICA,-122.46440124511719,37.639217376708984
91516683,2021,2021-07-09,9335,2021-06-30,0400,021957,,3,3,4,4114,0,1,1,,2,038,"I-380 WESTBOUND TO EL CAMINO REAL","EL CAMINO REAL",480.00,E,N,B,-,Y,,,380,,,,R,,W,Y,2,0,1,1,A,-,03,22350,,N,F,A,A,A,H,-,C,D,0,,,Y,,Y,,C,02,1,0,0,0,0,0,0,0,1,"- ","- ",37.634071350097656,-122.41773223876953,"SAN MATEO","SAN BRUNO",-122.41773223876953,37.634071350097656
91523168,2021,2021-07-19,9335,2021-07-10,1950,022241,,6,2,6,4106,0,1,1,,2,021,"I-280 S/B TO SULLIVAN AVENUE","THE WASHINGTON STREET OVERCROSSING",685.00,S,N,A,-,Y,,,280,,,,R,,S,N,2,0,1,1,A,-,03,22350,,N,E,I,A,A,H,-,B,A,0,,,Y,,Y,,C,02,1,0,0,0,0,0,0,0,1,"- ","- ",37.686031341552734,-122.47193908691406,"SAN MATEO","DALY CITY",-122.47193908691406,37.686031341552734
9152672,2020,2020-11-19,4100,2020-09-17,0730,25189,21,4,5,4,4115,0,0,0,,0,052,"HOLLY ST","OLD COUNTRY RD",13.00,W,N,B,-,N,,,,,,,,,,Y,2,0,1,2,A,-,12,21453,A,F,D,C,A,A,H,-,A,A,0,,,,,Y,,A,01,1,0,0,0,0,0,0,0,0,"- ","- ",,,"SAN MATEO","SAN CARLOS",-122.26117706298828,37.509052276611328
91538592,2021,2021-08-06,9330,2021-07-29,0530,021145,,4,3,5,4116,0,1,2,,2,048,"US-101 N/B","E. HILLSDALE BLVD",4752.00,S,N,A,-,Y,,,101,,,,,,N,Y,2,0,1,2,A,-,01,23152,A,N,C,C,A,A,H,-,B,D,0,,,,,Y,Y,A,01,1,0,0,0,0,0,0,0,0,"- ","- ",37.533889770507812,-122.27789306640625,"SAN MATEO","SAN MATEO",-122.27790069580078,37.533882141113281
91552155,2021,2021-08-24,9330,2021-08-11,2330,022355,,3,3,5,4116,0,1,2,,2,038,"US-101 N/B","3RD AVENUE",1056.00,N,N,A,-,Y,,,101,,,,,,N,Y,2,0,3,2,A,-,01,23152,A,N,C,E,A,A,D,-,D,D,0,,,,,Y,Y,A,01,1,2,0,0,0,0,0,0,0,"- ","- ",37.573860168457031,-122.31717681884766,"SAN MATEO","SAN MATEO",-122.31715393066406,37.573883056640625
9157750,2020,2020-11-25,4111,2020-09-02,2017,P5134,P18,3,5,4,4111,0,0,0,,0,0P3,"LINDA MAR BL","DE SOLO DR",313.00,E,N,A,-,N,,,,,,,,,,N,2,0,1,2,A,-,10,21952,,N,G,B,F,A,H,-,C,D,0,Y,,,,Y,,A,08,1,0,0,0,1,0,0,0,0,"- ","- ",37.5943603515625,-122.50213623046875,"SAN MATEO",PACIFICA,-122.500732421875,37.593475341796875
91579279,2021,2021-09-24,9330,2021-07-26,1750,022590,,1,2,4,4115,0,1,2,,2,048,"US-101 N/B","HOLLY STREET",3696.00,S,N,A,-,Y,,,101,,,,,,N,Y,2,0,1,2,A,-,03,22350,,N,C,C,A,A,D,-,A,D,0,,,Y,,Y,,C,02,1,0,0,0,0,0,0,0,1,"- ","- ",37.50994873046875,-122.25145721435547,"SAN MATEO","SAN CARLOS",-122.25145721435547,37.509952545166016
91583360,2021,2021-09-30,9330,2021-09-18,1720,022452,,6,2,9,4100,0,1,3,,1,021,"SR-84 (LA HONDA ROAD)","SYLVAN WAY",200.00,W,N,A,-,Y,,,84,,,,,,,N,2,0,1,1,A,-,08,22107,,N,F,A,A,A,H,-,A,D,0,,,Y,,Y,,C,02,1,0,0,0,0,0,0,0,1,"- ","- ",37.314849853515625,-122.29435729980469,"SAN MATEO",UNINCORPORATED,-122.29434967041016,37.314868927001953
91590599,2021,2021-10-07,9330,2021-02-27,1935,022042,,6,2,9,4100,0,1,3,,1,020,"SR-1 (CABRILLO HIGHWAY)","DEHOFF CANYON ROAD",4224.00,S,N,A,-,Y,,,1,,,,,,,Y,1,1,2,2,A,-,01,23152,A,N,A,C,A,A,H,-,D,D,0,,,,,Y,Y,A,07,1,1,0,0,0,0,0,0,0,"- ","- ",37.411098480224609,-122.42239379882812,"SAN MATEO",UNINCORPORATED,-122.42237091064453,37.411106109619141
91590680,2021,2021-10-07,9330,2021-08-24,2327,021953,,2,3,4,4120,0,1,3,,1,035,"SR-92 E/B","PIER ONE",9610.00,E,N,A,-,Y,,,92,,,,,,E,Y,2,0,2,3,A,-,09,21801,A,N,D,C,A,A,H,-,C,D,0,,,,Y,Y,,F,56,2,0,0,0,0,0,0,0,0,"- ","- ",37.591968536376953,-122.23895263671875,"SAN MATEO","FOSTER CITY",-122.23893737792969,37.591934204101562
9159342,2020,2020-12-01,4127,2020-09-16,1708,2233,4127,3,5,4,4127,0,0,0,,0,002,"UNIVERSITY AV","UNIVERSITY AV 2396",0.00,,-,A,-,N,,,,,,,,,,Y,2,0,3,2,A,-,03,22350,,F,C,C,A,A,H,-,A,D,0,,,,,Y,,A,07,2,1,0,0,0,0,0,0,0,"- ","- ",,,"SAN MATEO","EAST PALO ALTO",,