CASE_ID,ACCIDENT_YEAR,PROC_DATE,JURIS,COLLISION_DATE,COLLISION_TIME,OFFICER_ID,REPORTING_DISTRICT,DAY_OF_WEEK,CHP_SHIFT,POPULATION,CNTY_CITY_LOC,SPECIAL_COND,BEAT_TYPE,CHP_BEAT_TYPE,CITY_DIVISION_LAPD,CHP_BEAT_CLASS,BEAT_NUMBER,PRIMARY_RD,SECONDARY_RD,DISTANCE,DIRECTION,INTERSECTION,WEATHER_1,WEATHER_2,STATE_HWY_IND,CALTRANS_COUNTY,CALTRANS_DISTRICT,STATE_ROUTE,ROUTE_SUFFIX,POSTMILE_PREFIX,POSTMILE,LOCATION_TYPE,RAMP_INTERSECTION,SIDE_OF_HWY,TOW_AWAY,COLLISION_SEVERITY,NUMBER_KILLED,NUMBER_INJURED,PARTY_COUNT,PRIMARY_COLL_FACTOR,PCF_CODE_OF_VIOL,PCF_VIOL_CATEGORY,PCF_VIOLATION,PCF_VIOL_SUBSECTION,HIT_AND_RUN,TYPE_OF_COLLISION,MVIW,PED_ACTION,ROAD_SURFACE,ROAD_COND_1,ROAD_COND_2,LIGHTING,CONTROL_DEVICE,CHP_ROAD_TYPE,PEDESTRIAN_ACCIDENT,BICYCLE_ACCIDENT,MOTORCYCLE_ACCIDENT,TRUCK_ACCIDENT,NOT_PRIVATE_PROPERTY,ALCOHOL_INVOLVED,STWD_VEHTYPE_AT_FAULT,CHP_VEHTYPE_AT_FAULT,COUNT_SEVERE_INJ,COUNT_VISIBLE_INJ,COUNT_COMPLAINT_PAIN,COUNT_PED_KILLED,COUNT_PED_INJURED,COUNT_BICYCLIST_KILLED,COUNT_BICYCLIST_INJURED,COUNT_MC_KILLED,COUNT_MC_INJURED,PRIMARY_RAMP,SECONDARY_RAMP,LATITUDE,LONGITUDE,COUNTY,CITY,POINT_X,POINT_Y
91595303,2020,2021-10-13,9330,2020-11-01,1750,022042,,7,2,9,4100,0,1,3,,1,020,"STATE ROUTE 1 (SR-1 CABRILLO HIGHWAY)","WHITEHOUSE CANYON ROAD",528.00,S,N,A,-,Y,,,1,,,,,,,Y,1,1,1,1,A,-,08,22107,,N,F,A,A,A,H,-,D,D,0,,,,,Y,,A,07,0,1,0,0,0,0,0,0,0,"- ","- ",37.146198272705078,-122.33815002441406,"SAN MATEO",UNINCORPORATED,-122.33815765380859,37.146186828613281
91599908,2021,2021-10-19,9330,2021-04-06,2240,021953,,2,3,4,4104,0,1,2,,2,038,"US-101 N/B","MILLBRAE AVENUE",2640.00,S,N,A,-,Y,,,101,,,,,,N,N,1,1,0,2,A,-,11,21954,A,N,G,B,D,A,D,-,C,D,0,Y,,,,Y,,N,60,0,0,0,1,0,0,0,0,0,"- ","- ",37.597751617431641,-122.37290191650391,"SAN MATEO",BURLINGAME,-122.37287902832031,37.5977783203125
91601145,2021,2021-10-20,9330,2021-10-08,1650,022394,,5,2,3,4110,0,1,2,,2,038,"US-101 S/B","MILLBRAE AVENUE",340.00,S,N,A,-,Y,,,101,,,,,,S,Y,2,0,1,2,A,-,03,22350,,N,C,C,A,A,D,-,A,D,0,,,,,Y,,A,01,1,0,0,0,0,0,0,0,0,"- ","- ",37.601829528808594,-122.37938690185547,"SAN MATEO",MILLBRAE,-122.37940216064453,37.601806640625
91602529,2021,2021-10-21,9330,2021-09-12,1740,022590,,7,2,4,4115,0,1,2,,2,048,"US-101 S/B","HOLLY STREET",2500.00,N,N,A,-,Y,,,101,,,,,,S,Y,2,0,1,2,A,-,01,23152,A,M,B,C,A,A,D,-,A,D,0,,,Y,,Y,Y,C,02,1,0,0,0,0,0,0,0,1,"- ","- ",37.518978118896484,-122.26203155517578,"SAN MATEO","SAN CARLOS",-122.26199340820312,37.519020080566406
91610945,2021,2021-10-29,9335,2021-10-21,1105,019581,,4,1,9,4100,0,1,3,,2,040,SR-1,"TOM LANTOS TUNNEL",2170.00,N,N,B,-,Y,,,1,,,,,,,Y,2,0,4,2,A,-,08,22107,,N,A,C,A,B,H,-,A,D,0,,,,Y,Y,,F,27,1,3,0,0,0,0,0,0,0,"- ","- ",37.586509704589844,-122.50424957275391,"SAN MATEO",UNINCORPORATED,-122.50424194335938,37.586509704589844
91615343,2021,2021-11-04,9330,2021-10-22,0555,022200,,5,3,9,4100,0,1,1,,2,034,"I-280 N/B","BUNKER HILL DRIVE",1584.00,N,N,C,-,Y,,,280,,,,,,N,Y,2,0,2,2,A,-,03,22350,,N,A,C,A,B,F,-,D,D,0,,,,,Y,,A,07,2,0,0,0,0,0,0,0,0,"- ","- ",37.527988433837891,-122.35939025878906,"SAN MATEO",UNINCORPORATED,-122.35945892333984,37.527957916259766
91617183,2021,2021-11-05,9335,2021-10-26,2040,021424,,2,2,6,4106,0,1,3,,2,041,"SR-1 S/B TO SR-35 N/B","LAKESHIRE DRIVE",328.00,S,N,B,-,Y,,,1,,,,R,,S,Y,2,0,3,1,A,-,08,22107,,N,E,I,A,A,H,-,C,D,0,,,,,Y,,D,22,1,2,0,0,0,0,0,0,0,"- ","- ",37.669929504394531,-122.48436737060547,"SAN MATEO","DALY CITY",-122.48436737060547,37.669929504394531
91621870,2021,2021-11-10,9330,2021-10-10,1750,022394,,7,2,5,4116,0,1,2,,2,048,"US-101 NB","EAST HILLSDALE BOULEVARD",1584.00,S,N,A,-,Y,,,101,,,,,,N,N,2,0,1,1,A,-,01,23152,A,N,E,I,A,A,H,-,A,D,0,,,,,Y,Y,A,01,1,0,0,0,0,0,0,0,0,"- ","- ",37.541221618652344,-122.28459930419922,"SAN MATEO","SAN MATEO",-122.28464508056641,37.541175842285156
91636001,2021,2021-11-29,9335,2021-11-22,0220,022596,,1,3,5,4117,0,1,2,,2,012,"US-101 SB FROM PRODUCE AVENUE","S. AIRPORT BOULEVARD UNDERCROSSING",1531.00,S,N,A,-,Y,,,101,,,,R,,S,Y,2,0,2,2,A,-,01,23152,A,N,D,C,A,A,H,-,C,A,0,,,,,Y,Y,A,07,1,1,0,0,0,0,0,0,0,"- ","- ",37.645729064941406,-122.40667724609375,"SAN MATEO","SOUTH SAN FRANCISCO",-122.40667724609375,37.645729064941406
91644611,2021,2021-12-07,9330,2021-11-22,0740,021942,,1,1,4,4120,0,1,3,,2,031,"SR-92 WB","MARINERS ISLAND BLVD",1056.00,W,N,A,-,Y,,,,,,,,,,Y,2,0,1,2,A,-,03,22350,,N,C,C,A,A,H,-,A,D,0,,,,Y,Y,,A,01,1,0,0,0,0,0,0,0,0,"- ","- ",37.555038452148438,-122.28884124755859,"SAN MATEO","FOSTER CITY",-122.28853607177734,37.555122375488281
91650327,2021,2021-12-13,9330,2021-11-07,1547,022279,,7,2,9,4100,0,1,3,,2,042,"SR-35 (SKYLINE BOULEVARD)","NORTH ENTRANCE OF SKEGGS POINT PARKING LOT",528.00,N,N,A,-,Y,,,35,,,,,,,Y,2,0,2,3,A,-,03,22350,,N,C,C,A,A,H,-,A,D,0,,Y,,,Y,,A,01,1,0,1,0,0,0,1,0,0,"- ","- ",37.412220001220703,-122.30690002441406,"SAN MATEO",UNINCORPORATED,-122.30689239501953,37.412223815917969
9165273,2020,2020-12-02,4100,2020-08-15,2303,25172,4100,6,5,3,4107,0,0,0,,0,075,"RT 1","WAVECREST RD",79.00,S,N,A,-,Y,SM,4,1,-,-,27.550,H,-,S,Y,2,0,2,2,A,-,04,21703,,N,C,C,A,A,H,-,C,D,0,,,Y,,Y,,C,02,1,1,0,0,0,0,0,0,1,"- ","- ",,,"SAN MATEO","HALF MOON BAY",-122.42880249023438,37.447566986083984
91655910,2021,2021-12-20,9335,2021-12-13,0011,022525,,1,3,6,4106,0,1,1,,2,021,"I-280 S/B","THE HICKEY BOULEVARD UNDERCROSSING",1580.00,S,N,C,-,Y,,,280,,,,,,S,Y,2,0,1,1,C,-,18,,,N,E,J,A,B,C,-,D,D,0,,,,,Y,,-,"- ",1,0,0,0,0,0,0,0,0,"- ","- ",37.659511566162109,-122.46379852294922,"SAN MATEO","DALY CITY",-122.46379089355469,37.659523010253906
91660222,2021,2021-12-23,9330,2021-07-14,2500,021942,,3,4,9,4100,0,1,3,,1,020,"SR-1 (CABRILLO HIGHWAY)","PESCADERO BEACH STATE PARK",2300.00,N,N,B,-,Y,,,1,,,,,,,Y,1,1,0,1,A,-,08,22107,,N,E,I,A,A,H,-,D,D,0,,,,,Y,,A,07,0,0,0,0,0,0,0,0,0,"- ","- ",37.280040740966797,-122.40873718261719,"SAN MATEO",UNINCORPORATED,-122.40821075439453,37.279983520507812
91679783,2021,2022-01-18,9330,2021-04-03,1352,021662,,6,1,9,4100,0,1,3,,2,042,"SR-35 (SKYLINE BLVD)","COUNTY ROAD",2112.00,S,N,A,-,Y,,,35,,,,,,,Y,1,1,0,2,A,-,09,21801,A,N,D,C,A,A,H,-,A,D,0,,,Y,,Y,,A,01,0,0,0,0,0,0,0,1,0,"- ","- ",37.430488586425781,-122.31365966796875,"SAN MATEO",UNINCORPORATED,-122.31375885009766,37.430397033691406
91679872,2022,2022-01-18,9330,2022-01-05,0510,022185,,3,3,3,4110,0,1,2,,2,038,"US-101 S/B","MILLBRAE AVENUE",2112.00,S,N,A,-,Y,SM,,101,,,17.384,H,,L,Y,2,0,2,2,A,-,08,22107,,N,D,C,A,A,D,-,D,D,0,,,,,Y,,A,01,1,0,1,0,0,0,0,0,0,"- ","- ",37.597358703613281,-122.37252807617188,"SAN MATEO",MILLBRAE,-122.37256622314453,37.597324371337891
91682558,2021,2022-01-21,9330,2021-08-29,1140,022524,,7,1,9,4100,0,3,5,,2,004,"CANADA ROAD","EDGEWOOD ROAD",6864.00,N,N,A,-,N,,,,,,,,,,N,2,0,1,1,A,-,08,22107,,N,E,I,A,A,H,-,A,D,0,,Y,,,Y,,L,04,1,0,0,0,0,0,1,0,0,"- ","- ",37.479221343994141,-122.31150054931641,"SAN MATEO",UNINCORPORATED,-122.3115234375,37.479236602783203
91683369,2021,2022-06-08,9330,2021-12-24,1241,022595,,5,1,9,4100,0,3,5,,2,004,"EDGEWOOD ROAD","EL VANADA ROAD",270.00,W,N,B,-,N,,,,,,,,,,Y,2,0,1,2,A,-,01,23152,A,F,C,G,A,A,H,-,A,D,0,,Y,,,Y,Y,A,08,1,0,0,0,0,0,1,0,0,"- ","- ",37.474578857421875,-122.27689361572266,"SAN MATEO",UNINCORPORATED,-122.27680206298828,37.474571228027344
91685712,2021,2022-01-26,9330,2021-11-17,1915,022244,,3,2,9,4100,0,3,5,,2,505,"MIDDLEFIELD ROAD","DUMBARTON AVENUE",0.00,,Y,A,-,N,,,,,,,,,,N,2,0,1,2,A,-,10,21950,A,N,G,B,B,A,H,-,C,D,0,Y,,,,Y,,A,07,1,0,0,0,1,0,0,0,0,"- ","- ",37.475070953369141,-122.20906829833984,"SAN MATEO",UNINCORPORATED,-122.2091064453125,37.475162506103516
91688472,2021,2022-01-28,9330,2021-11-27,1104,022344,,6,1,9,4100,0,3,5,,2,002,"MIRAMONTES POINT ROAD","POPPY LN",80.00,E,N,A,-,N,,,,,,,,,,N,2,0,1,2,A,-,11,21950,B,N,G,B,D,A,H,-,A,D,0,Y,,,,Y,,N,60,1,0,0,0,1,0,0,0,0,"- ","- ",37.433998107910156,-122.41898345947266,"SAN MATEO",UNINCORPORATED,-122.41897583007812,37.434013366699219
91691582,2022,2022-02-02,9335,2022-01-23,0148,022486,,7,3,6,4106,0,1,1,,2,021,I-280,"JUNIPERO SERRA BLVD OVERCROSSING",475.00,N,N,A,-,Y,SM,,280,,R,26.591,H,,L,Y,2,0,2,1,A,-,01,23152,A,N,E,I,A,A,H,-,C,D,0,,,,,Y,Y,A,07,2,0,0,0,0,0,0,0,0,"- ","- ",37.696678161621094,-122.47142791748047,"SAN MATEO","DALY CITY",-122.47122955322266,37.696727752685547
9169465,2020,2020-12-21,4113,2020-10-01,1955,481,5,4,5,5,4113,0,0,0,,0,005,"WOODSIDE RD","VALOTA RD",3.00,E,N,A,-,N,,,84,,,,,,,N,2,0,1,2,A,-,11,21950,B,N,G,B,B,A,H,-,C,A,0,Y,,,,Y,,N,60,1,0,0,0,1,0,0,0,0,"- ","- ",37.459720611572266,-122.22621154785156,"SAN MATEO","REDWOOD CITY",-122.22616577148438,37.459693908691406
91696141,2022,2022-11-03,9330,2022-01-29,1348,022244,,6,1,9,4100,0,1,3,,1,021,"SR-84 (LA HONDA ROAD)","SR-35 (SKYLINE BOULEVARD)",6336.00,W,N,A,-,Y,SM,,84,,,13.803,H,,R,Y,2,0,2,2,A,-,05,21460,A,N,A,C,A,A,H,-,A,D,0,,,Y,,Y,,C,02,2,0,0,0,0,0,0,0,2,"- ","- ",37.3726806640625,-122.26455688476562,"SAN MATEO",UNINCORPORATED,-122.26450347900391,37.372676849365234
91703166,2022,2022-02-17,9330,2022-02-05,0205,022575,,6,3,4,4120,0,1,3,,1,035,"SR-92 E/B TO FOSTER CITY BOULEVARD","METRO CENTER BOULEVARD",400.00,W,N,A,-,Y,,,,,,,,,,Y,2,0,1,1,A,-,03,22350,,N,E,8,A,A,H,-,C,D,0,,,,,Y,,A,01,1,0,0,0,0,0,0,0,0,"- ","- ",37.562740325927734,-122.27361297607422,"SAN MATEO","FOSTER CITY",-122.27361297607422,37.562740325927734
91703328,2022,2022-02-17,9330,2022-02-06,0050,022575,,7,3,4,4102,0,1,2,,2,048,"US-101 N/B","RALSTON AVENUE",1900.00,S,N,A,-,Y,SM,,101,,,9.189,H,,R,Y,2,0,1,1,A,-,01,23152,G,N,E,8,A,A,D,-,C,D,0,,,,,Y,Y,A,07,1,0,0,0,0,0,0,0,0,"- ","- ",37.522411346435547,-122.26570892333984,"SAN MATEO",BELMONT,-122.26564788818359,37.522453308105469
91705349,2021,2022-02-22,9330,2021-11-28,1208,022344,,7,1,9,4100,0,3,5,,2,004,"CANADA RD","EDGEWOOD RD",250.00,S,N,A,-,N,,,,,,,,,,N,2,0,1,1,A,-,03,22350,,N,F,A,A,A,H,-,A,D,0,,Y,,,Y,,L,04,1,0,0,0,0,0,1,0,0,"- ","- ",37.463291168212891,-122.29734039306641,"SAN MATEO",UNINCORPORATED,-122.29740142822266,37.463268280029297
91705485,2022,2022-02-22,9335,2022-02-10,0435,022416,,4,3,2,4103,0,1,2,,2,012,"US-101 N/B","OYSTER POINT BLVD",5016.00,N,N,A,-,Y,SM,,101,,,23.707,H,,R,Y,2,0,1,2,C,-,18,,,N,D,2,A,A,H,-,D,D,0,,,,,Y,,-,"- ",1,0,0,0,0,0,0,0,0,"- ","- ",37.675090789794922,-122.38912200927734,"SAN MATEO",BRISBANE,-122.3890380859375,37.675067901611328
91706846,2021,2022-02-23,9335,2021-09-15,1417,021672,,3,2,9,4100,0,1,3,,2,040,"SR-1 (CABRILLO HIGHWAY)","6000 CABRILLO HIGHWAY",729.00,N,N,B,-,Y,,,1,,,,,,,Y,1,1,0,1,A,-,08,22107,,N,E,I,A,A,H,-,A,D,0,,,,,Y,,A,01,0,0,0,0,0,0,0,0,0,"- ","- ",37.569248199462891,-122.51528167724609,"SAN MATEO",UNINCORPORATED,-122.51515960693359,37.569347381591797
91707754,2022,2022-02-24,9330,2022-02-13,1340,022436,,7,1,9,4100,0,1,3,,1,020,SR-1,"SR-84 (LA HONDA ROAD)",0.00,,Y,A,-,Y,SM,,1,,,18.185,H,,R,N,2,0,1,1,A,-,08,22107,,N,F,A,A,A,H,-,A,D,0,,Y,,,Y,,L,04,1,0,0,0,0,0,1,0,0,"- ","- ",37.324451446533203,-122.39981079101562,"SAN MATEO",UNINCORPORATED,-122.39991760253906,37.324497222900391
91716438,2022,2022-03-07,9330,2022-02-13,0542,022200,,7,3,5,4116,0,1,2,,2,038,"US-101 N/B","THIRD AVENUE",528.00,S,N,A,-,Y,SM,,101,,,13.254,H,,R,Y,2,0,2,2,A,-,03,22350,,N,C,C,A,A,H,-,C,D,0,,,,,Y,,A,01,2,0,0,0,0,0,0,0,0,"- ","- ",37.568729400634766,-122.31153106689453,"SAN MATEO","SAN MATEO",-122.31153869628906,37.5687255859375
91729109,2021,2022-03-22,9330,2021-09-04,1955,022381,,6,2,3,4108,0,1,1,,2,034,"I-280 NB","GOLF COURSE DRIVE",198.00,N,N,A,-,Y,,,280,,,,,,N,Y,1,1,0,1,A,-,08,22107,,N,E,I,A,A,H,-,B,D,0,,,,,Y,,A,07,0,0,0,0,0,0,0,0,0,"- ","- ",37.547618865966797,-122.37236022949219,"SAN MATEO",HILLSBOROUGH,-122.37230682373047,37.547679901123047
9173056,2020,2021-01-08,4116,2020-10-15,1851,28252,62,4,5,5,4116,0,0,0,,0,00D,"LOS PRADOS ST","LA SELVA ST",236.00,S,N,A,-,N,,,,,,,,,,Y,2,0,1,4,A,-,01,23152,A,N,B,E,A,A,H,-,C,A,0,,,,,Y,Y,A,01,1,0,0,0,0,0,0,0,0,"- ","- ",37.544559478759766,-122.28309631347656,"SAN MATEO","SAN MATEO",-122.28285217285156,37.544784545898438
91730855,2022,2022-03-24,9330,2022-03-13,1335,022355,,7,1,4,4127,0,1,2,,2,058,"US-101 N/B","UNIVERSITY AVENUE",10.00,N,N,A,-,Y,SM,,101,,,0.914,H,,R,Y,2,0,1,2,A,-,16,24002,A,N,E,J,A,A,H,-,A,D,0,,,,,Y,,A,01,1,0,0,0,0,0,0,0,0,"- ","- ",37.460651397705078,-122.14148712158203,"SAN MATEO","EAST PALO ALTO",-122.14131164550781,37.460842132568359
91735838,2022,2022-03-29,9330,2022-03-16,0010,022072,,3,3,4,4120,0,1,3,,1,035,"SR-92 E/B","SUB STATION 4",2112.00,E,N,B,G,Y,SM,,92,,R,17.847,H,,R,Y,2,0,1,2,A,-,03,22350,,M,C,C,A,A,H,-,C,D,0,,,,,Y,,D,22,1,0,0,0,0,0,0,0,0,"- ","- ",37.599529266357422,-122.21356964111328,"SAN MATEO","FOSTER CITY",-122.21356964111328,37.599529266357422
91750581,2022,2022-04-18,9330,2022-04-06,1530,022807,,3,2,9,4100,0,3,5,,2,004,"KAREN ROAD","O'NEILL AVENUE",150.00,S,N,A,-,N,,,,,,,,,,N,2,0,1,2,A,-,09,21804,A,N,D,G,A,A,H,-,A,D,0,,Y,,,Y,,L,04,1,0,0,0,0,0,1,0,0,"- ","- ",37.52301025390625,-122.26817321777344,"SAN MATEO",UNINCORPORATED,-122.26814270019531,37.523029327392578
91750670,2022,2022-04-19,9330,2022-04-07,0640,021987,,4,1,9,4100,0,1,3,,1,020,SR-1,"20075 SR-1",122.00,N,N,A,-,Y,SM,,1,,,19.758,H,,R,Y,2,0,1,1,A,-,08,22107,,N,E,I,A,A,H,-,B,D,0,,,,,Y,,A,01,1,0,0,0,0,0,0,0,0,"- ","- ",37.342250823974609,-122.39459991455078,"SAN MATEO",UNINCORPORATED,-122.39467620849609,37.342262268066406
91759161,2022,2022-04-28,9330,2022-04-17,1505,022589,,7,2,9,4100,0,1,3,,2,042,"SR-35 (SKYLINE BOULEVARD)",SR-92,2640.00,N,N,A,-,N,,,,,,,,,,N,2,0,1,2,A,-,08,22107,,N,D,G,A,A,H,-,A,D,0,,Y,,,Y,,L,04,1,0,0,0,0,0,1,0,0,"- ","- ",37.517459869384766,-122.354736328125,"SAN MATEO",UNINCORPORATED,-122.35482025146484,37.517425537109375
91763346,2022,2022-05-03,9330,2022-04-03,1715,022436,,7,2,4,4120,0,1,3,,1,035,"SR-92 W/B","SUBSTATION 4",1056.00,E,N,A,-,Y,SM,,92,,R,17.701,H,,L,Y,2,0,1,2,A,-,03,22350,,N,C,C,A,A,H,-,A,D,0,,,Y,,Y,,A,01,1,0,0,0,0,0,0,0,1,"- ","- ",37.598968505859375,-122.21613311767578,"SAN MATEO","FOSTER CITY",-122.21611785888672,37.598949432373047
91767106,2022,2022-05-09,9330,2022-05-07,0340,022372,,6,3,4,4115,0,1,2,,2,048,"US-101 S/B","HOLLY STREET",2640.00,S,N,A,-,Y,SM,,101,,,7.891,H,,L,Y,2,0,2,1,A,-,01,23152,A,N,E,I,A,A,D,-,D,D,0,,,,,Y,Y,D,22,2,0,0,0,0,0,0,0,0,"- ","- ",37.508419036865234,-122.24996948242188,"SAN MATEO","SAN CARLOS",-122.25,37.508399963378906
91771170,2021,2022-05-13,9335,2021-08-01,0343,022271,,7,3,6,4106,0,1,1,,2,021,"I-280 N/B","SAN PEDRO AVENUE OVERCROSSING",85.00,N,N,A,-,Y,,,280,,,,,,N,Y,2,0,2,1,A,-,08,22107,,N,E,I,A,A,H,-,C,D,0,,,,,Y,,A,01,1,1,0,0,0,0,0,0,0,"- ","- ",37.685539245605469,-122.47142791748047,"SAN MATEO","DALY CITY",-122.47132873535156,37.685535430908203
91771173,2021,2022-05-13,9335,2021-08-01,0344,022271,,7,3,6,4106,0,1,1,,2,021,"I-280 N/B","SAN PEDRO ROAD OVERCROSSING",55.50,N,N,B,-,Y,,,280,,,,,,N,Y,1,1,2,3,A,-,01,23152,A,N,G,B,E,A,H,-,C,D,0,Y,,,,Y,Y,A,01,1,1,0,1,0,0,0,0,0,"- ","- ",37.685718536376953,-122.47123718261719,"SAN MATEO","DALY CITY",-122.4713134765625,37.685726165771484
9178235,2020,2021-01-30,4116,2020-11-03,2136,27730,13A,2,5,5,4116,0,0,0,,0,00A,"TILTON AV","SAN MATEO DR",0.00,,Y,A,-,N,,,,,,,,,,N,2,0,1,2,A,-,03,22350,,F,G,B,E,A,H,-,C,D,0,Y,,,,Y,,D,22,1,0,0,0,1,0,0,0,0,"- ","- ",37.568088531494141,-122.32881927490234,"SAN MATEO","SAN MATEO",-122.32817077636719,37.568271636962891
91785911,2022,2022-06-01,9330,2022-05-19,1950,022589,,4,2,5,4113,0,1,2,,2,048,"US-101 N/B","WHIPPLE AVENUE",428.00,S,N,A,-,Y,SM,,101,,,6.545,H,,R,Y,2,0,2,3,A,-,03,22350,,N,C,E,A,A,D,-,B,D,0,,,,,Y,Y,D,22,2,0,0,0,0,0,0,0,0,"- ","- ",37.496250152587891,-122.23159790039062,"SAN MATEO","REDWOOD CITY",-122.23171234130859,37.496002197265625
9178991,2020,2020-11-17,4111,2020-09-27,1847,P5136,P10,7,5,4,4111,0,0,0,,0,0P2,"ARLEEN WY","CULLEN DR",25.00,N,N,A,-,N,,,,,,,,,,N,2,0,1,2,A,-,21,22106,,N,D,E,A,A,H,-,B,D,0,,,,,Y,,A,01,1,0,0,0,0,0,0,0,0,"- ","- ",,,"SAN MATEO",PACIFICA,-122.48346710205078,37.619678497314453
91795152,2022,2022-06-14,9335,2022-06-10,0617,020384,,5,1,9,4100,0,1,3,,2,040,"SR-1 S/B","OLD DEVIL'S SLIDE HIGHWAY",1000.00,N,N,A,-,N,,,,,,,,,,Y,2,0,2,2,A,-,08,22107,,N,A,C,A,A,H,-,A,D,0,,,,,Y,,A,01,1,1,0,0,0,0,0,0,0,"- ","- ",37.586078643798828,-122.50428009033203,"SAN MATEO",UNINCORPORATED,-122.50428009033203,37.586078643798828
91797095,2022,2022-06-17,9335,2022-06-04,0030,022187,,6,3,4,4114,0,1,1,,2,020,"I-280 N/B TO SAN BRUNO AVE","THE SOUTH EDGE OF THE SAN BRUNO AVE PROLONGATION",841.00,S,N,A,-,Y,SM,,280,,R,20.601,H,,R,Y,2,0,2,1,A,-,01,23152,A,N,E,I,A,A,H,-,D,D,0,,,,,Y,Y,A,01,1,1,0,0,0,0,0,0,0,"- ","- ",37.62255859375,-122.42680358886719,"SAN MATEO","SAN BRUNO",-122.42707061767578,37.622451782226562
91801652,2022,2022-06-23,9330,2022-06-12,1609,021662,,7,2,9,4100,0,1,1,,2,044,"EDGEWOOD ROAD","I-280 S/B TO EDGWOOD ROAD",0.00,,Y,B,-,Y,,,,,,,,,,Y,2,0,1,2,A,-,09,21802,B,N,D,C,A,A,H,-,A,D,0,,,Y,,Y,,A,07,1,0,0,0,0,0,0,0,1,"- ","- ",37.467769622802734,-122.29332733154297,"SAN MATEO",UNINCORPORATED,,
91831163,2022,2022-08-02,9330,2022-07-22,2335,022774,,5,3,9,4100,0,1,3,,1,011,"SR-92 (HALF MOON BAY ROAD)","OLD CANADA ROAD",45.00,E,N,A,-,Y,SM,,92,,,6.600,H,,R,Y,2,0,7,2,A,-,01,23152,A,N,A,C,A,A,H,-,D,D,0,,,,,Y,Y,A,01,4,3,0,0,0,0,0,0,0,"- ","- ",37.506568908691406,-122.35790252685547,"SAN MATEO",UNINCORPORATED,-122.35792541503906,37.506576538085938
91833778,2022,2022-08-05,9330,2022-07-26,1902,022575,,2,2,9,4100,0,1,3,,2,072,"ALPINE ROAD","SR-35 (SKYLINE BOULEVARD)",2640.00,W,N,A,-,N,,,,,,,,,,N,2,0,1,1,A,-,08,22107,,N,E,I,A,A,H,-,B,D,0,,Y,,,Y,,L,04,1,0,0,0,0,0,1,0,0,"- ","- ",34.952999114990234,-120.41549682617188,"SAN MATEO",UNINCORPORATED,-122.19442749023438,37.316505432128906
91836064,2022,2022-08-09,9330,2022-07-15,0605,022914,,5,1,5,4116,0,1,2,,2,038,"US-101 N/B","3RD AVENUE",968.00,S,N,A,-,Y,SM,,101,,,13.256,H,,R,Y,2,0,4,3,A,-,01,23152,,N,C,C,A,A,D,-,B,D,0,,,,,Y,Y,D,22,1,1,2,0,0,0,0,0,0,"- ","- ",37.568729400634766,-122.31159210205078,"SAN MATEO","SAN MATEO",-122.31156158447266,37.568748474121094
91837919,2022,2022-08-11,9330,2022-08-02,1730,022898,,2,2,9,4100,0,1,3,,2,042,"SR-35 (SKYLINE BOULEVARD)","RAPLEY RANCH ROAD",500.00,S,N,A,-,Y,SM,,35,,,5.791,H,,R,Y,2,0,1,1,A,-,03,22350,,N,E,I,A,A,H,-,A,D,0,,,Y,,Y,,C,02,1,0,0,0,0,0,0,0,1,"- ","- ",37.339580535888672,-122.21732330322266,"SAN MATEO",UNINCORPORATED,-122.21728515625,37.339595794677734
91840591,2022,2022-08-15,9335,2022-08-06,0825,019581,,6,1,6,4106,0,1,1,,2,021,"I-280 S/B","SAN PEDRO RD.",26.00,S,N,A,-,Y,SM,,280,,R,25.784,H,,L,Y,2,0,1,2,A,-,03,22350,,N,C,C,A,A,H,-,A,D,0,,,,Y,Y,,A,01,1,0,0,0,0,0,0,0,0,"- ","- ",37.685169219970703,-122.47177886962891,"SAN MATEO","DALY CITY",-122.47158050537109,37.685169219970703
91847709,2021,2022-08-24,9330,2021-12-28,0348,021648,,2,3,4,4109,0,1,2,,2,058,"US-101 SOUTHBOUND","THE RINGWOOD AVENUE PEDESTRIAN OVERCROSSING",511.00,S,N,A,-,Y,,,101,,,,,,S,Y,1,1,0,2,A,-,03,22350,,N,E,C,A,A,C,-,D,D,0,,,Y,,Y,,-,"- ",0,0,0,0,0,0,0,1,0,"- ","- ",37.474700927734375,-122.16519165039062,"SAN MATEO","MENLO PARK",-122.16524505615234,37.474605560302734