CASE_ID,ACCIDENT_YEAR,PROC_DATE,JURIS,COLLISION_DATE,COLLISION_TIME,OFFICER_ID,REPORTING_DISTRICT,DAY_OF_WEEK,CHP_SHIFT,POPULATION,CNTY_CITY_LOC,SPECIAL_COND,BEAT_TYPE,CHP_BEAT_TYPE,CITY_DIVISION_LAPD,CHP_BEAT_CLASS,BEAT_NUMBER,PRIMARY_RD,SECONDARY_RD,DISTANCE,DIRECTION,INTERSECTION,WEATHER_1,WEATHER_2,STATE_HWY_IND,CALTRANS_COUNTY,CALTRANS_DISTRICT,STATE_ROUTE,ROUTE_SUFFIX,POSTMILE_PREFIX,POSTMILE,LOCATION_TYPE,RAMP_INTERSECTION,SIDE_OF_HWY,TOW_AWAY,COLLISION_SEVERITY,NUMBER_KILLED,NUMBER_INJURED,PARTY_COUNT,PRIMARY_COLL_FACTOR,PCF_CODE_OF_VIOL,PCF_VIOL_CATEGORY,PCF_VIOLATION,PCF_VIOL_SUBSECTION,HIT_AND_RUN,TYPE_OF_COLLISION,MVIW,PED_ACTION,ROAD_SURFACE,ROAD_COND_1,ROAD_COND_2,LIGHTING,CONTROL_DEVICE,CHP_ROAD_TYPE,PEDESTRIAN_ACCIDENT,BICYCLE_ACCIDENT,MOTORCYCLE_ACCIDENT,TRUCK_ACCIDENT,NOT_PRIVATE_PROPERTY,ALCOHOL_INVOLVED,STWD_VEHTYPE_AT_FAULT,CHP_VEHTYPE_AT_FAULT,COUNT_SEVERE_INJ,COUNT_VISIBLE_INJ,COUNT_COMPLAINT_PAIN,COUNT_PED_KILLED,COUNT_PED_INJURED,COUNT_BICYCLIST_KILLED,COUNT_BICYCLIST_INJURED,COUNT_MC_KILLED,COUNT_MC_INJURED,PRIMARY_RAMP,SECONDARY_RAMP,LATITUDE,LONGITUDE,COUNTY,CITY,POINT_X,POINT_Y
91850801,2022,2022-08-26,9330,2022-04-29,2049,022279,,5,2,9,4100,0,3,5,,2,002,"PESCADERO STATE BEACH PARKING LOT",SR-1,94.00,W,N,A,-,Y,SM,,1,,,13.567,H,,R,Y,1,3,0,1,A,-,01,23152,A,F,E,I,A,A,H,-,C,A,0,,,,,Y,Y,D,22,0,0,0,0,0,0,0,0,0,"- ","- ",37.259708404541016,-122.41352844238281,"SAN MATEO",UNINCORPORATED,-122.41322326660156,37.259666442871094
91854058,2022,2022-08-31,9330,2022-07-26,1720,022929,,2,2,9,4100,0,1,3,,1,021,"SR-84 (LA HONDA ROAD)","HILDEBRAND ROAD",2640.00,E,N,A,-,Y,SM,,84,,,9.904,H,,R,Y,2,0,1,2,A,-,01,23152,A,N,A,C,A,A,H,-,A,D,0,,,,,Y,Y,A,01,1,0,0,0,0,0,0,0,0,"- ","- ",37.333019256591797,-122.27134704589844,"SAN MATEO",UNINCORPORATED,-122.2713623046875,37.333023071289062
91855949,2022,2022-09-02,9330,2022-08-22,2200,022929,,1,3,9,4100,0,3,5,,2,203,"LONG RIDGE ROAD","DIABLO WAY",4752.00,W,N,A,-,N,,,,,,,,,,Y,2,0,1,1,C,-,18,,,N,E,I,A,A,H,-,D,D,0,,,,,Y,,-,"- ",1,0,0,0,0,0,0,0,0,"- ","- ",37.282188415527344,-122.18788909912109,"SAN MATEO",UNINCORPORATED,-122.19084930419922,37.282058715820312
91860687,2022,2022-09-09,9330,2022-09-04,1210,022768,,7,1,9,4100,0,1,3,,2,052,"SR-35 (SKYLINE BOULEVARD)","RAPLEY RANCH ROAD",2640.00,N,N,A,-,N,,,,,,,,,,Y,2,0,1,1,A,-,08,22107,,N,F,A,A,A,H,-,A,D,0,,,Y,,Y,,C,02,1,0,0,0,0,0,0,0,1,"- ","- ",37.344829559326172,-122.22831726074219,"SAN MATEO",UNINCORPORATED,-122.22830963134766,37.344844818115234
91870736,2022,2022-09-22,9330,2022-09-10,1045,022768,,6,1,9,4100,0,1,2,,2,058,"ALPINE ROAD","BIG DIPPER RANCH ROAD",2112.00,W,N,A,-,N,,,,,,,,,,N,2,0,1,2,A,-,21,22106,,N,H,G,A,A,H,-,A,D,0,,Y,,,Y,,D,22,1,0,0,0,0,0,1,0,0,"- ","- ",37.294239044189453,-122.21148681640625,"SAN MATEO",UNINCORPORATED,,
91870836,2022,2022-09-22,9330,2022-09-10,1130,022768,,6,1,9,4100,0,1,3,,1,021,"SR-84 (LA HONDA ROAD)","HILDEBRAND ROAD",1056.00,E,N,B,-,Y,SM,,84,,,9.468,H,,R,Y,2,0,1,1,A,-,08,22107,,N,E,J,A,A,H,-,A,D,0,,,Y,,Y,,C,02,1,0,0,0,0,0,0,0,1,"- ","- ",37.327259063720703,-122.27094268798828,"SAN MATEO",UNINCORPORATED,-122.27097320556641,37.327266693115234
91874796,2022,2022-09-27,9335,2022-09-19,2047,022860,,1,2,6,4106,0,1,1,,2,021,"SR-1 S/B","ST FRANCES BLVD UNDERCROSSING",1430.00,N,N,A,-,Y,SM,,1,,R,47.332,H,,L,N,2,0,1,2,A,-,07,21658,A,N,C,C,A,A,H,-,C,D,0,,,Y,,Y,,A,01,1,0,0,0,0,0,0,0,1,"- ","- ",37.672019958496094,-122.47560882568359,"SAN MATEO","DALY CITY",-122.47568511962891,37.672073364257812
91883446,2022,2022-10-05,9330,2022-10-03,1420,023042,,1,2,4,4109,0,1,2,,2,058,"US-101 N/B","MARSH ROAD",610.00,S,N,A,-,Y,SM,,101,,,3.438,H,,R,Y,2,0,2,3,A,-,01,23152,G,F,C,E,E,A,H,-,A,D,0,Y,,,,Y,Y,A,01,1,1,0,0,1,0,0,0,0,"- ","- ",37.482421875,-122.17807006835938,"SAN MATEO","MENLO PARK",-122.17811584472656,37.48236083984375
91883816,2022,2022-10-06,9330,2022-08-03,1015,022929,,3,1,9,4100,0,3,5,,2,005,"SAND HILL ROAD","PORTOLA ROAD",7.00,E,N,A,-,Y,,,,,,,,,,N,2,0,1,3,A,-,03,22350,,N,C,6,A,A,H,-,D,D,0,,Y,,Y,Y,,F,26,1,0,0,0,0,0,1,0,0,"- ","- ",37.402458190917969,-122.24503326416016,"SAN MATEO",UNINCORPORATED,-122.24506378173828,37.402420043945312
91885159,2021,2022-10-07,9335,2021-11-14,2256,022416,,7,3,6,4106,0,1,1,,2,021,"I-280 S/B","SCHOOL STREET OVERCROSSING",278.00,N,N,A,-,Y,,,280,,,,,,S,Y,1,1,1,4,A,-,07,21658,A,M,G,B,E,A,H,-,D,D,0,Y,,,,Y,,N,60,0,1,0,1,0,0,0,0,0,"- ","- ",37.694068908691406,-122.47073364257812,"SAN MATEO","DALY CITY",-122.47057342529297,37.694072723388672
91890284,2022,2022-10-14,9335,2022-09-30,0822,023063,,5,1,9,4100,0,1,3,,2,040,"SR-1 SOUTHBOUND","TOM LANTOS TUNNEL",3780.00,S,N,A,-,Y,SM,,1,,,37.781,H,,L,Y,2,0,1,1,A,-,03,22350,,M,H,A,A,A,A,-,A,D,0,,,,,Y,,A,01,1,0,0,0,0,0,0,0,0,"- ","- ",37.561660766601562,-122.51364898681641,"SAN MATEO",UNINCORPORATED,-122.51358795166016,37.561672210693359
91897258,2022,2022-10-24,9330,2022-10-21,2110,023060,,5,2,5,4116,0,1,2,,2,038,"US-101 NORTHBOUND","PENINSULA AVENUE",280.00,S,N,A,-,Y,SM,,101,,,14.668,H,,R,N,2,0,2,2,A,-,03,22350,,N,C,C,A,A,D,-,C,D,0,,,Y,,Y,,-,"- ",1,0,1,0,0,0,0,0,1,"- ","- ",37.584159851074219,-122.32829284667969,"SAN MATEO","SAN MATEO",-122.32827758789062,37.58416748046875
91904024,2022,2022-10-28,9330,2022-07-15,1930,022849,,5,2,9,4100,0,1,3,,1,021,"SR-84 (LA HONDA ROAD)","KEBET RIDGE ROAD",2640.00,W,N,B,-,N,,,,,,,,,,Y,2,0,1,1,A,-,08,22107,,N,F,A,A,A,H,-,A,D,0,,,Y,,Y,,C,02,1,0,0,0,0,0,0,0,1,"- ","- ",37.3743896484375,-122.26506042480469,"SAN MATEO",UNINCORPORATED,-122.26495361328125,37.374401092529297
91905072,2022,2022-10-31,9330,2022-10-15,0015,019432,,6,3,4,4104,0,1,2,,2,038,"US-101 SOUTHBOUND","MILLBRAE AVENUE OVERCROSSING",1056.00,N,N,A,-,Y,SM,,101,,,18.150,H,,L,Y,2,0,1,2,A,-,01,23152,A,N,C,C,A,A,H,-,D,D,0,,,Y,,Y,Y,A,01,1,0,0,0,0,0,0,0,1,"- ","- ",37.604381561279297,-122.38353729248047,"SAN MATEO",BURLINGAME,-122.38347625732422,37.604442596435547
91905439,2022,2022-10-31,9330,2022-10-08,0547,022785,,6,3,5,4113,0,1,2,,2,048,"US-101 NB","MAPLE ST",400.00,S,N,A,-,Y,SM,,101,,,5.799,H,,R,Y,2,0,3,2,A,-,07,21658,A,N,B,C,A,A,H,-,C,D,0,,,,Y,Y,,A,01,1,0,2,0,0,0,0,0,0,"- ","- ",37.491619110107422,-122.21923065185547,"SAN MATEO","REDWOOD CITY",-122.21926879882812,37.491558074951172
91905875,2022,2022-10-31,9330,2022-07-06,0527,022785,,3,3,4,4127,0,1,2,,2,078,"US-101 SB TO UNIVERSITY AVE","UNIVERSITY AVENUE",265.00,E,N,A,-,Y,,,,,,,,,,Y,2,0,1,1,A,-,03,22350,,N,E,I,A,A,H,-,B,D,0,,,,,Y,,A,01,1,0,0,0,0,0,0,0,0,"- ","- ",37.459129333496094,-122.13992309570312,"SAN MATEO","EAST PALO ALTO",-122.13992309570312,37.459129333496094
91905921,2022,2022-10-31,9335,2022-03-26,1455,021957,,6,2,9,4100,0,3,5,,2,001,"GUADALUPE CANYON PKY WESTBOUND","RADIO ROAD UNDERCROSSING",2555.00,W,N,A,-,N,,,,,,,,,,Y,1,1,0,2,A,-,08,22107,,N,F,A,A,A,H,-,A,D,0,,,Y,,Y,,C,02,0,0,0,0,0,0,0,1,0,"- ","- ",37.699050903320312,-122.44096374511719,"SAN MATEO",UNINCORPORATED,-122.44251251220703,37.6995849609375
91906732,2022,2022-11-01,9330,2022-05-01,1104,020646,,7,1,9,4100,0,1,3,,1,021,"STATE ROUTE 84 (LA HONDA ROAD)","STATE ROUTE 35 (SKYLINE BOULEVARD)",6336.00,W,N,A,-,Y,SM,,84,,,13.762,H,,R,Y,1,1,0,1,A,-,01,23152,F,N,E,I,A,A,H,-,A,D,0,,,Y,,Y,,C,02,0,0,0,0,0,0,0,1,0,"- ","- ",37.372100830078125,-122.26421356201172,"SAN MATEO",UNINCORPORATED,-122.26416778564453,37.372154235839844
91906796,2022,2022-11-01,9330,2022-03-14,1309,022849,,1,1,9,4100,0,1,3,,1,010,"STATE ROUTE 1 (SR-1)","CAPISTRANO ROAD",1114.00,S,N,A,-,Y,SM,,1,,,32.652,H,,R,Y,1,1,2,2,C,-,18,,,N,A,C,A,A,H,-,A,D,0,,,,Y,Y,,-,"- ",1,0,1,0,0,0,0,0,0,"- ","- ",37.503791809082031,-122.47786712646484,"SAN MATEO",UNINCORPORATED,-122.47782135009766,37.503868103027344
91917081,2022,2022-11-14,9330,2022-10-22,0820,022409,,6,1,3,4108,0,1,1,,2,034,"I-280 NB","GOLF COURSE DRIVE",5200.00,N,N,B,-,Y,SM,,280,,R,15.251,H,,R,Y,2,0,2,2,A,-,01,23152,A,N,C,C,A,B,H,-,A,D,0,,,,,Y,Y,A,01,1,1,0,0,0,0,0,0,0,"- ","- ",37.559749603271484,-122.38227081298828,"SAN MATEO",HILLSBOROUGH,-122.38236999511719,37.559688568115234
9192801,2020,2021-01-12,4100,2020-11-16,1136,18840,,1,5,3,4110,0,0,0,,0,,"CENTER ST","SAN ANSELMO",167.00,W,N,A,-,N,,,,,,,,,,Y,2,0,3,2,A,-,09,21804,A,N,A,C,A,A,H,-,A,D,0,,,,,Y,,A,01,3,0,0,0,0,0,0,0,0,"- ","- ",,,"SAN MATEO",MILLBRAE,-122.3978271484375,37.608501434326172
91929125,2022,2022-11-29,9330,2022-07-02,1620,022849,,6,2,9,4100,0,1,1,,2,034,"I-280 SOUTHBOUND","TROUSDALE DRIVE",1850.00,S,N,B,-,Y,SM,,280,,R,16.828,H,,L,Y,1,1,0,1,A,-,08,22107,,N,E,I,A,A,H,-,A,D,0,,,,,Y,,A,01,0,0,0,0,0,0,0,0,0,"- ","- ",37.576118469238281,-122.40139007568359,"SAN MATEO",UNINCORPORATED,-122.40154266357422,37.576068878173828
91929159,2022,2022-11-29,9330,2022-10-13,1815,022793,,4,2,4,4104,0,1,2,,2,038,"US-101 SOUTHBOUND",BROADWAY,2640.00,N,N,A,-,Y,SM,,101,,,17.134,H,,L,Y,2,0,1,3,A,-,08,22107,,N,C,C,A,A,D,-,A,D,0,,,Y,,Y,,C,02,1,0,0,0,0,0,0,0,1,"- ","- ",37.595039367675781,-122.36903381347656,"SAN MATEO",BURLINGAME,-122.36904907226562,37.595020294189453
9192960,2020,2020-12-31,4100,2020-11-15,1910,25953,MLB,7,5,3,4110,0,0,0,,0,061,"EL CAMINO REAL","MILLBRAE AV",0.00,,Y,A,-,Y,SM,4,82,-,-,15.946,I,5,S,N,2,0,1,2,A,-,11,21456,B,N,G,B,B,A,H,-,C,A,0,Y,,,,Y,,N,60,1,0,0,0,1,0,0,0,0,"- ","- ",,,"SAN MATEO",MILLBRAE,-122.38741302490234,37.598503112792969
91929610,2022,2022-11-29,9330,2022-11-16,1133,021942,,3,1,4,4109,0,3,5,,2,509,"ALAMEDA DE LAS PULGAS","VALPARAISO AVENUE",0.00,,Y,A,-,N,,,,,,,,,,Y,2,0,1,3,A,-,12,21453,A,N,D,G,A,A,H,-,A,A,0,,Y,,,Y,,A,01,1,0,0,0,0,0,1,0,0,"- ","- ",37.434108734130859,-122.20583343505859,"SAN MATEO","MENLO PARK",-122.20584106445312,37.434059143066406
91933755,2022,2022-12-05,9330,2022-11-20,1520,022933,,7,2,9,4100,0,1,3,,1,021,SR-84,SR-35,6864.00,W,N,A,-,Y,SM,,84,,,13.728,H,,R,N,2,0,1,1,A,-,03,22350,,N,E,I,A,A,H,-,A,D,0,,,,,Y,,A,01,1,0,0,0,0,0,0,0,0,"- ","- ",37.372081756591797,-122.26354217529297,"SAN MATEO",UNINCORPORATED,-122.26354217529297,37.372104644775391
91935933,2022,2022-12-14,9330,2022-11-15,1710,021648,,2,2,9,4100,0,3,5,,2,509,"1150 ALTSCHUL AVENUE","OAKLEY AVENUE",133.00,S,N,A,-,N,,,,,,,,,,N,2,0,1,2,A,-,06,21760,C,N,C,G,A,A,H,-,B,D,0,,Y,,,Y,,A,01,1,0,0,0,0,0,1,0,0,"- ","- ",37.431110382080078,-122.20516204833984,"SAN MATEO",UNINCORPORATED,-122.20519256591797,37.43115234375
91939456,2022,2022-12-12,9330,2022-11-06,1015,022768,,7,1,9,4100,0,1,3,,2,072,"SR-35 (SKYLINE BOULEVARD)","PAGE MILL ROAD",2640.00,S,N,A,-,Y,SCL,,35,,D,0.900,H,,R,Y,2,0,1,2,A,-,03,22350,,N,C,C,A,A,H,-,A,D,0,,,Y,,Y,,C,02,1,0,0,0,0,0,0,0,1,"- ","- ",37.295581817626953,-122.16446685791016,"SAN MATEO",UNINCORPORATED,-122.16444396972656,37.295578002929688
9193982,2020,2021-02-06,4116,2020-11-25,1217,28071,32,3,5,5,4116,0,0,0,,0,00C,"EAST HILLSDALE BL","SARATOGA DR",100.00,E,N,A,-,N,,,,,,,,,,N,2,0,1,2,D,-,00,,,N,B,G,A,A,H,-,A,A,0,,Y,,,Y,,-,"- ",1,0,0,0,0,0,1,0,0,"- ","- ",37.541000366210938,-122.29094696044922,"SAN MATEO","SAN MATEO",-122.29092407226562,37.541999816894531
91945295,2022,2022-12-19,9330,2022-12-08,1745,022244,,4,2,9,4100,0,3,5,,2,103,"KANOFF STREET","TAMARIND STREET",69.00,E,N,C,-,N,,,,,,,,,,N,2,0,1,2,A,-,11,21954,A,N,G,B,E,B,H,-,D,D,0,Y,,,,Y,,N,60,1,0,0,0,1,0,0,0,0,"- ","- ",37.541709899902344,-122.50736999511719,"SAN MATEO",UNINCORPORATED,-122.50736999511719,37.541721343994141
91948911,2022,2022-12-22,9330,2022-06-03,1618,021243,,5,2,9,4100,0,1,1,,2,034,"I-280 SOUTHBOUND","GOLF COURSE DRIVE",7400.00,N,N,A,-,Y,SM,,280,,R,15.680,H,,L,N,1,1,0,2,A,-,11,21953,,N,G,B,E,A,H,-,A,D,0,Y,,,,Y,Y,N,60,0,0,0,1,0,0,0,0,0,"- ","- ",37.564441680908203,-122.38744354248047,"SAN MATEO",UNINCORPORATED,-122.387451171875,37.564434051513672
91954519,2022,2022-12-29,9330,2022-07-30,1458,022590,,6,2,5,4116,0,1,3,,2,031,"SR-92 W/B TO DELAWARE STREET","DELAWARE STREET",150.00,W,N,A,-,Y,SM,,92,,R,11.575,H,,L,Y,1,1,1,2,A,-,08,22107,,N,C,C,A,A,H,-,A,D,0,,,,,Y,,A,01,1,0,0,0,0,0,0,0,0,"- ","- ",37.552768707275391,-122.30621337890625,"SAN MATEO","SAN MATEO",-122.30620574951172,37.552661895751953
91958191,2022,2023-01-03,9335,2022-09-09,0407,022416,,5,3,6,4106,0,1,1,,2,021,"I-280 S/B","SERRAMONTE BLVD",173.00,S,N,A,-,Y,SM,,280,,R,24.596,H,,L,Y,2,0,2,2,A,-,01,23152,A,N,A,C,A,A,H,-,D,D,0,,,,,Y,Y,A,01,1,0,1,0,0,0,0,0,0,"- ","- ",37.669078826904297,-122.46614837646484,"SAN MATEO","DALY CITY",-122.46602630615234,37.669094085693359
91966491,2023,2023-01-12,9335,2023-01-04,1655,023121,,3,2,6,4106,0,1,1,,2,021,"I-280 S/B FROM HICKEY BLVD","HICKEY BLVD",90.00,S,N,C,-,Y,,,,,,,,,,N,2,0,1,1,C,-,18,,,N,E,J,A,B,H,-,D,D,0,,,,,Y,,-,"- ",1,0,0,0,0,0,0,0,0,"- ","- ",37.663379669189453,-122.46642303466797,"SAN MATEO","DALY CITY",-122.46642303466797,37.663379669189453
91968309,2023,2023-01-13,9335,2023-01-09,"958 ",020658,,1,1,6,4106,0,1,3,,2,041,"I-280 SB FROM SR-1 NB","THE NORTH ROADWAY EDGE OF SOUTHGATE AVENUE U/C",20.00,N,N,B,C,Y,,,,,,,,,,N,2,0,1,1,A,-,03,22350,,N,E,I,A,B,H,-,A,A,0,,,,,Y,,A,07,1,0,0,0,0,0,0,0,0,"- ","- ",37.676151275634766,-122.47184753417969,"SAN MATEO","DALY CITY",-122.47184753417969,37.676151275634766
9198077,2020,2021-02-01,4120,2020-11-24,1806,225,10,2,5,4,4120,0,0,0,,0,00Y,"EAST HILLSDALE BL","CENTER PARK LN",0.00,,Y,A,-,N,,,,,,,,,,N,2,0,1,2,A,-,10,21950,,N,A,B,B,A,H,-,C,A,0,Y,,,,Y,,A,01,1,0,0,0,1,0,0,0,0,"- ","- ",37.556041717529297,-122.27512359619141,"SAN MATEO","FOSTER CITY",-122.27455139160156,37.556301116943359
91986281,2023,2023-02-03,9330,2023-01-26,1528,023042,,4,2,9,4100,0,1,3,,1,020,SR-1,"HILL ROAD",3400.00,S,N,A,-,Y,SM,,1," "," ",11.983,H,,R,N,2,0,1,1,A,-,08,22107,,N,E,I,A,A,H,-,A,D,0,,,Y,,Y,,C,02,1,0,0,0,0,0,0,0,1,"- ","- ",37.237598419189453,-122.41574096679688,"SAN MATEO",UNINCORPORATED,-122.41574859619141,37.237598419189453
91989011,2023,2023-02-07,9330,2023-02-05,1125,022876,,7,1,9,4100,0,1,1,,2,044,"I-280 S/B",SR-92,3610.00,S,N,B,C,Y,SM,,280," "," ",10.143,H,,L,Y,2,0,3,1,A,-,08,22107,,N,E,J,A,B,H,-,A,D,0,,,,,Y,,A,01,1,0,2,0,0,0,0,0,0,"- ","- ",37.500961303710938,-122.32878112792969,"SAN MATEO",UNINCORPORATED,-122.32881927490234,37.500892639160156
91994257,2023,2023-02-14,9330,2023-01-24,1110,020554,,2,1,9,4100,0,1,3,,1,011,"SR-92 W/B","CANADA RD.",275.00,E,N,A,-,Y,SM,,92," ",T,7.239,H,,L,Y,2,0,1,2,A,-,01,23152,A,N,C,C,A,A,H,-,A,A,0,,,,,Y,Y,A,01,1,0,0,0,0,0,0,0,0,"- ","- ",37.507080078125,-122.34020233154297,"SAN MATEO",UNINCORPORATED,-122.34020233154297,37.507061004638672
91994980,2023,2023-02-15,9330,2023-02-09,2105,021877,,4,2,5,4116,0,1,3,,2,031,"SR-92 E/B","ALAMEDA DE LAS PULGAS",528.00,W,N,A,-,Y,SM,,92," ",R,9.948,H,,R,Y,2,0,1,1,A,-,08,22107,,N,E,I,A,A,H,-,D,D,0,,,,,Y,,A,01,1,0,0,0,0,0,0,0,0,"- ","- ",37.540618896484375,-122.32987213134766,"SAN MATEO","SAN MATEO",-122.32987213134766,37.540618896484375
91996387,2023,2023-02-16,9335,2023-02-08,1602,019999,,3,2,4,4111,0,1,3,,2,041,"SR-1 N/B","500 FT SOUTH OF OCEANA BLVD.",0.00,,N,A,-,Y,SM,,1," ",R,43.651,H,,R,N,2,0,1,2,A,-,07,21658,A,N,C,C,A,A,H,-,A,D,0,,,,,Y,,D,22,1,0,0,0,0,0,0,0,0,"- ","- ",37.628391265869141,-122.48915863037109,"SAN MATEO",PACIFICA,-122.48915863037109,37.628391265869141
92002123,2023,2023-02-24,9330,2023-02-20,1900,022141,,1,2,9,4100,0,3,5,,2,505,"EDISON WAY","FIFTH AVENUE",0.00,,Y,A,-,N,,,,,,,,,,N,2,0,1,2,A,-,10,21954,B,F,G,B,D,A,H,-,D,A,0,Y,,,,Y,Y,-,99,1,0,0,0,1,0,0,0,0,"- ","- ",37.476211547851562,-122.20188903808594,"SAN MATEO",UNINCORPORATED,-122.20201110839844,37.476181030273438
92009260,2021,2023-03-03,9335,2021-11-21,2300,022468,,7,3,6,4106,0,1,1,,2,021,"I-280 S/B",SR-1,8.00,N,N,A,-,Y,,,280,,,,,,S,Y,1,1,0,1,A,-,08,22107,,N,E,I,A,A,H,-,D,D,0,,,,,Y,,A,01,0,0,0,0,0,0,0,0,0,"- ","- ",37.677730560302734,-122.47165679931641,"SAN MATEO","DALY CITY",-122.47145843505859,37.677806854248047
92009865,2023,2023-03-06,9330,2023-03-03,"228 ",023011,,5,3,5,4116,0,1,3,,2,031,"SR-92 W/B","EL CAMINO REAL",901.50,E,N,A,-,Y,SM,,92," ",R,11.407,H,,L,Y,2,0,1,1,A,-,03,22350,,N,F,A,A,A,H,-,C,D,0,,,Y,,Y,,C,02,1,0,0,0,0,0,0,0,1,"- ","- ",37.552188873291016,-122.30918884277344,"SAN MATEO","SAN MATEO",-122.30918121337891,37.552181243896484
92015620,2023,2023-03-13,9335,2023-03-12,"630 ",019631,,7,1,6,4106,0,1,1,,2,021,"I-280 N/B","SERRAMONTE BLVD",275.00,S,N,C,-,Y,SM,,280," ",R,24.574,H,,R,N,2,0,1,1,A,-,08,22107,,N,E,I,A,B,H,-,D,D,0,,,,,Y,,A,01,1,0,0,0,0,0,0,0,0,"- ","- ",37.668899536132812,-122.46578979492188,"SAN MATEO","DALY CITY",-122.46564483642578,37.668914794921875
92019545,2022,2023-03-16,9330,2022-09-28,1130,021942,,3,1,9,4100,0,1,3,,1,010,"STATE ROUTE 1 (CABRILLO HIGHWAY)","TERRACE AVENUE",0.00,,Y,A,-,Y,SM,,1,,,35.026,H,,R,Y,1,1,1,2,A,-,05,21460,A,N,A,G,A,A,H,-,A,D,0,,Y,,Y,Y,,F,26,0,1,0,0,0,1,0,0,0,"- ","- ",37.525199890136719,-122.5111083984375,"SAN MATEO",UNINCORPORATED,-122.51112365722656,37.525188446044922
92021862,2023,2023-03-20,9330,2023-03-11,1050,022785,,6,1,9,4100,0,3,5,,2,511,"SAND HILL RD","PORTOLA RD",0.00,,Y,A,-,Y,,,,,,,,,,N,2,0,1,2,A,-,09,21802,A,N,D,G,A,B,H,-,A,A,0,,Y,,,Y,,A,01,1,0,0,0,0,0,1,0,0,"- ","- ",37.402420043945312,-122.2451171875,"SAN MATEO",UNINCORPORATED,-122.24507141113281,37.402397155761719
92027942,2023,2023-03-24,9330,2023-03-17,2130,022849,,5,2,4,4102,0,3,5,,2,406,"HARBOR BOULEVARD","INDUSTRIAL ROAD",20.00,E,N,A,-,N,,,,,,,,,,Y,2,0,2,3,A,-,01,23153,A,N,A,C,A,A,H,-,C,D,0,,,,,Y,Y,A,01,1,0,1,0,0,0,0,0,0,"- ","- ",37.521198272705078,-122.26717376708984,"SAN MATEO",BELMONT,-122.26720428466797,37.521121978759766
92042039,2022,2023-04-12,9335,2022-08-23,0715,021099,,2,1,6,4106,0,1,3,,2,041,"SR-1 NORTHBOUND TO I-280 SOUTHBOUND","SOUTHGATE AVENUE",315.00,N,N,B,E,Y,SM,,280,,R,25.129,H,,L,Y,1,1,1,3,A,-,03,22350,,N,C,2,E,B,H,-,A,A,0,Y,,,,Y,,A,01,0,1,0,1,0,0,0,0,0,"- ","- ",37.675930023193359,-122.4705810546875,"SAN MATEO","DALY CITY",-122.47035980224609,37.676021575927734
92044360,2023,2023-04-13,9330,2023-04-09,1615,023253,,7,2,9,4100,0,1,3,,2,042,"SR-35 SOUTHBOUND","SKEGGS POINT PARKING LOT",528.00,S,N,A,-,Y,SM,,35," "," ",14.400,H,,L,Y,2,0,1,1,A,-,08,22107,,N,F,A,A,A,H,-,A,D,0,,,Y,,Y,,C,02,1,0,0,0,0,0,0,0,1,"- ","- ",37.408878326416016,-122.30767059326172,"SAN MATEO",UNINCORPORATED,-122.30766296386719,37.408878326416016
92047785,2023,2023-04-18,9330,2023-04-16,1328,023060,,7,1,9,4100,0,1,3,,1,021,"WOODSIDE ROAD (SR-84)","MADERA LANE",0.00,,Y,A,-,N,,,,,,,,,,N,2,0,2,2,A,-,05,21460,A,N,B,C,A,A,H,-,A,D,0,,,Y,,Y,,C,02,1,0,1,0,0,0,0,0,1,"- ","- ",37.320549011230469,-122.33905029296875,"SAN MATEO",UNINCORPORATED,,
92051719,2023,2023-04-24,9330,2023-04-18,"925 ",022409,,2,1,9,4100,0,1,3,,1,011,SR-92,"OLD CANADA ROAD",130.00,E,N,A,-,Y,SM,,92," "," ",6.611,H,,R,Y,2,0,1,2,A,-,05,21460,A,N,A,C,A,A,H,-,A,D,0,,,,,Y,,D,22,1,0,0,0,0,0,0,0,0,"- ","- ",37.506740570068359,-122.35787200927734,"SAN MATEO",UNINCORPORATED,-122.35785675048828,37.506736755371094
92057871,2023,2023-05-01,9330,2023-04-21,2050,022933,,5,2,9,4100,0,1,3,,2,042,"SR-35 NB",SR-92,504.00,S,N,A,-,Y,SM,,35," "," ",22.894,H,,R,Y,2,0,2,2,A,-,05,21460,A,N,A,C,A,A,H,-,D,D,0,,,,,Y,,D,22,1,0,1,0,0,0,0,0,0,"- ","- ",37.494319915771484,-122.36797332763672,"SAN MATEO",UNINCORPORATED,-122.36796569824219,37.494319915771484
92089460,2023,2023-06-08,9330,2023-05-29,1205,022409,,1,1,9,4100,0,1,3,,1,010,SR-1,"CYPRESS AVENUE",0.00,,Y,A,-,Y,SM,,1," "," ",34.963,H,,R,N,2,0,1,2,A,-,09,21802,A,N,D,C,A,A,H,-,A,A,0,,,Y,,Y,,A,07,1,0,0,0,0,0,0,0,1,"- ","- ",37.524448394775391,-122.51042175292969,"SAN MATEO",UNINCORPORATED,-122.51040649414062,37.524459838867188