CASE_ID,ACCIDENT_YEAR,PROC_DATE,JURIS,COLLISION_DATE,COLLISION_TIME,OFFICER_ID,REPORTING_DISTRICT,DAY_OF_WEEK,CHP_SHIFT,POPULATION,CNTY_CITY_LOC,SPECIAL_COND,BEAT_TYPE,CHP_BEAT_TYPE,CITY_DIVISION_LAPD,CHP_BEAT_CLASS,BEAT_NUMBER,PRIMARY_RD,SECONDARY_RD,DISTANCE,DIRECTION,INTERSECTION,WEATHER_1,WEATHER_2,STATE_HWY_IND,CALTRANS_COUNTY,CALTRANS_DISTRICT,STATE_ROUTE,ROUTE_SUFFIX,POSTMILE_PREFIX,POSTMILE,LOCATION_TYPE,RAMP_INTERSECTION,SIDE_OF_HWY,TOW_AWAY,COLLISION_SEVERITY,NUMBER_KILLED,NUMBER_INJURED,PARTY_COUNT,PRIMARY_COLL_FACTOR,PCF_CODE_OF_VIOL,PCF_VIOL_CATEGORY,PCF_VIOLATION,PCF_VIOL_SUBSECTION,HIT_AND_RUN,TYPE_OF_COLLISION,MVIW,PED_ACTION,ROAD_SURFACE,ROAD_COND_1,ROAD_COND_2,LIGHTING,CONTROL_DEVICE,CHP_ROAD_TYPE,PEDESTRIAN_ACCIDENT,BICYCLE_ACCIDENT,MOTORCYCLE_ACCIDENT,TRUCK_ACCIDENT,NOT_PRIVATE_PROPERTY,ALCOHOL_INVOLVED,STWD_VEHTYPE_AT_FAULT,CHP_VEHTYPE_AT_FAULT,COUNT_SEVERE_INJ,COUNT_VISIBLE_INJ,COUNT_COMPLAINT_PAIN,COUNT_PED_KILLED,COUNT_PED_INJURED,COUNT_BICYCLIST_KILLED,COUNT_BICYCLIST_INJURED,COUNT_MC_KILLED,COUNT_MC_INJURED,PRIMARY_RAMP,SECONDARY_RAMP,LATITUDE,LONGITUDE,COUNTY,CITY,POINT_X,POINT_Y
92090374,2022,2023-06-09,9330,2022-12-10,2344,022575,,6,3,4,4120,0,1,3,,1,035,"SR-92 EASTBOUND","FOSTER CITY BOULEVARD",11141.00,E,N,C,-,Y,SM,,92,,R,15.699,H,,R,Y,1,1,2,4,A,-,01,23152,A,N,C,2,E,B,H,-,C,D,0,Y,,,,Y,Y,A,07,2,0,0,1,0,0,0,0,0,"- ","- ",37.586921691894531,-122.24777984619141,"SAN MATEO","FOSTER CITY",-122.24789428710938,37.587001800537109
9209493,2020,2021-02-05,4100,2020-11-25,1207,25126,4100,3,5,4,4115,0,0,0,,0,051,"EL CAMINO REAL","BELMONT AV",0.00,,Y,A,-,N,,,,,,,,,,Y,2,0,2,2,A,-,08,22107,,N,D,C,A,A,H,-,A,D,0,,,,,Y,,A,01,1,1,0,0,0,0,0,0,0,"- ","- ",,,"SAN MATEO","SAN CARLOS",-122.24890899658203,37.497509002685547
92094969,2023,2023-06-15,9330,2023-06-09,1625,022975,,5,2,4,4115,0,1,2,,2,048,"US-101 NORTHBOUND","HOLLY STREET",1700.00,S,N,A,-,Y,SM,,101," "," ",8.070,H,,R,Y,2,0,5,5,A,-,03,22350,,N,C,C,A,A,H,-,A,D,0,,,,Y,Y,,F,26,1,3,1,0,0,0,0,0,0,"- ","- ",37.510429382324219,-122.25206756591797,"SAN MATEO","SAN CARLOS",-122.25202941894531,37.510456085205078
92097130,2023,2023-06-19,9330,2023-06-12,1630,016184,,1,2,9,4100,0,1,3,,1,020,"SR-1 (CABRILLO HIGHWAY) SOUTHBOUND","SAN GREGORIO STATE BEACH ENTRANCE",0.00,,Y,A,-,Y,SM,,1," "," ",18.089,H,,L,Y,2,0,7,2,A,-,09,21802,A,N,D,C,A,A,H,-,A,A,0,,,,,Y,,A,01,2,2,3,0,0,0,0,0,0,"- ","- ",37.323131561279297,-122.40086364746094,"SAN MATEO",UNINCORPORATED,-122.40082550048828,37.323116302490234
92098574,2023,2023-06-21,9330,2023-06-09,1625,023060,,5,2,5,4113,0,1,2,,2,048,"US-101 SOUTHBOUND","WOODSIDE ROAD",1953.00,N,N,A,-,Y,SM,,101," "," ",5.787,H,,L,Y,2,0,4,5,A,-,03,22350,,N,C,C,A,A,H,-,A,D,0,,,,,Y,,A,08,1,2,1,0,0,0,0,0,0,"- ","- ",37.491279602050781,-122.21926116943359,"SAN MATEO","REDWOOD CITY",-122.21921539306641,37.491340637207031
92099996,2023,2023-06-22,9330,2023-06-11,1243,022344,,7,1,5,4116,0,1,3,,2,042,SR-35,"MILE MARKER SM 35 676",351.00,N,N,B,-,Y,SM,,35," "," ",17.663,H,,R,N,2,0,3,1,A,-,03,22350,,N,E,A,A,D,H,-,A,D,0,,,,,Y,,A,01,1,1,1,0,0,0,0,0,0,"- ","- ",37.439670562744141,-122.32324981689453,"SAN MATEO","SAN MATEO",-122.32326507568359,37.439666748046875
9210082,2020,2021-01-11,4127,2020-10-09,2127,2245,4127,5,5,4,4127,0,0,0,,0,003,"EAST BAYSHORE RD","CLARKE AV",170.00,N,N,A,-,N,,,,,,,,,,Y,2,0,3,1,A,-,03,22350,,M,A,I,A,A,H,-,C,D,0,,,,,Y,,A,01,1,0,2,0,0,0,0,0,0,"- ","- ",,,"SAN MATEO","EAST PALO ALTO",-122.13520050048828,37.457450866699219
92102398,2023,2023-06-26,9330,2023-06-14,2242,023265,,3,3,4,4120,0,1,3,,1,035,"SR-92 E/B OFF-RAMP TO FOSTER CITY BOULEVARD","FOSTER CITY BOULEVARD",528.00,N,N,A,-,Y,,,,,,,,,,Y,2,0,1,1,A,-,08,22107,,N,A,I,A,A,H,-,C,D,0,,,,,Y,,A,01,1,0,0,0,0,0,0,0,0,"- ","- ",37.562618255615234,-122.27324676513672,"SAN MATEO","FOSTER CITY",-122.27324676513672,37.562618255615234
92108297,2023,2024-09-12,9330,2023-07-02,"445 ",022898,,7,3,4,4109,0,1,2,,2,058,"US-101 NB","MARSH ROAD",1515.00,N,N,A,-,Y,SM,,101," "," ",3.885,H,,R,N,2,0,2,1,A,-,08,22107,,N,F,I,A,A,H,-,C,D,0,,,,,Y,,A,07,2,0,0,0,0,0,0,0,0,"- ","- ",37.485080718994141,-122.18572998046875,"SAN MATEO","MENLO PARK",-122.18578338623047,37.484931945800781
92112211,2023,2023-07-07,9330,2023-06-18,"455 ",023032,,7,3,5,4116,0,1,2,,2,048,"US-101 NORTHBOUND TO HILLSDALE BOULEVARD","HILLSDALE BOULEVARD",400.00,S,N,A,-,Y,,,,,,,,,,N,2,0,1,1,A,-,01,23152,A,M,E,I,A,A,H,-,C,D,0,,,,,Y,Y,A,07,1,0,0,0,0,0,0,0,0,"- ","- ",37.54412841796875,-122.28665161132812,"SAN MATEO","SAN MATEO",-122.28665161132812,37.54412841796875
9211497,2020,2021-01-21,4127,2020-02-21,1835,2222,4127,5,5,4,4127,0,0,0,,0,002,"FORDHAM ST","PURDUE AV",18.00,W,N,A,-,N,,,,,,,,,,Y,1,1,0,2,A,-,11,21955,,N,G,B,D,A,H,-,C,A,0,Y,,,,Y,,N,60,0,0,0,1,0,0,0,0,0,"- ","- ",,,"SAN MATEO","EAST PALO ALTO",-122.13698577880859,37.478042602539062
9211679,2020,2022-06-18,4113,2020-08-26,0100,433,3,3,5,5,4113,0,0,0,,0,003,"WOODSIDE RD","MIDDLEFIELD RD",845.00,E,N,A,-,N,,,84,,,,,,,N,1,1,0,2,D,-,00,,,N,G,B,D,A,H,-,D,D,0,Y,,,,Y,,-,"- ",0,0,0,1,0,0,0,0,0,"- ","- ",37.481098175048828,-122.21898651123047,"SAN MATEO","REDWOOD CITY",-122.21907043457031,37.481147766113281
9211819,2021,2021-04-15,4100,2021-03-02,1405,25189,SNC,2,5,4,4115,0,0,0,,0,053,"CRESTVIEW DR","EDMONDS RD",0.00,,Y,A,-,N,,,,,,,,,,Y,1,1,1,2,A,-,09,21804,A,N,D,C,A,A,H,-,E,A,0,,,,,Y,,A,01,0,0,1,0,0,0,0,0,0,"- ","- ",,,"SAN MATEO","SAN CARLOS",-122.2801513671875,37.475883483886719
92124594,2023,2023-09-11,9330,2023-07-23,1940,023011,,7,2,9,4100,0,1,3,,2,042,"SR-35 (SKYLINE BOULEVARD) NB","MUDDY ROAD",2640.00,N,N,A,-,Y,SM,,35," "," ",21.747,H,,R,N,2,0,1,1,A,-,03,22350,,N,E,8,A,A,H,-,A,D,0,,,Y,,Y,,C,02,1,0,0,0,0,0,0,0,1,"- ","- ",37.485221862792969,-122.36020660400391,"SAN MATEO",UNINCORPORATED,-122.36021423339844,37.485206604003906
9212943,2020,2021-06-02,4100,2020-11-13,0051,19480,MLB,5,5,3,4110,0,0,0,,0,062,"EL CAMINO REAL","CENTER ST",80.00,S,N,A,-,Y,SM,4,82,-,-,16.820,H,-,S,Y,2,0,1,2,A,-,12,21455,,N,G,B,D,A,H,-,C,A,0,Y,,,,Y,,N,60,1,0,0,0,1,0,0,0,0,"- ","- ",,,"SAN MATEO",MILLBRAE,-122.39867401123047,37.607509613037109
92134170,2022,2023-08-02,9330,2022-12-29,2310,022792,,4,3,9,4100,0,1,3,,2,052,"SR-35 NB","PAGE MILL ROAD",3168.00,S,N,C,E,Y,SM,,35,,,2.647,H,,R,Y,1,1,2,1,A,-,08,22107,,N,E,I,A,B,H,-,D,D,0,,,,,Y,,-,"- ",1,1,0,0,0,0,0,0,0,"- ","- ",37.312728881835938,-122.17812347412109,"SAN MATEO",UNINCORPORATED,-122.17813873291016,37.312778472900391
92140535,2023,2023-08-10,9335,2023-08-04,"320 ",022860,,5,3,5,4117,0,1,1,,2,021,"I-280 S/B","WESTBOROUGH BLVD UNDERCROSSING",1270.00,N,N,B,-,Y,SM,,280," ",R,22.889,H,,L,Y,2,0,1,1,A,-,08,22107,,N,E,I,A,B,H,-,C,D,0,,,,,Y,,A,01,1,0,0,0,0,0,0,0,0,"- ","- ",37.648441314697266,-122.45176696777344,"SAN MATEO","SOUTH SAN FRANCISCO",-122.45169067382812,37.648471832275391
9214381,2020,2021-03-01,4113,2020-12-31,1617,441,11,4,5,5,4113,0,0,0,,0,023,BROADWAY,"WALNUT ST",0.00,,Y,A,-,N,,,,,,,,,,N,2,0,1,2,A,-,03,22350,,F,G,B,C,A,H,-,A,D,0,Y,,,,Y,,A,01,1,0,0,0,1,0,0,0,0,"- ","- ",37.486431121826172,-122.22467041015625,"SAN MATEO","REDWOOD CITY",-122.22528839111328,37.486679077148438
92144958,2022,2023-08-16,9330,2022-11-07,1200,021942,,1,1,9,4100,0,3,5,,2,005,"SAND HILL ROAD","WHISKEY HILL ROAD",259.00,W,N,A,-,N,,,,,,,,,,N,1,1,0,2,A,-,09,21803,A,N,B,G,A,A,H,-,A,D,0,,Y,,,Y,,D,22,0,0,0,0,0,1,0,0,0,"- ","- ",37.411548614501953,-122.24091339111328,"SAN MATEO",UNINCORPORATED,-122.24066162109375,37.411758422851562
9214968,2020,2021-02-05,4106,2020-12-29,1515,2137,10,2,5,6,4106,0,0,0,,0,004,"SKYLINE BL","MILE MARKER #1",19.00,N,N,A,-,N,,,,,,,,,,N,2,0,1,2,A,-,08,22107,,N,H,G,A,A,H,-,A,D,0,,Y,,,Y,,L,04,1,0,0,0,0,0,1,0,0,"- ","- ",,,"SAN MATEO","DALY CITY",,
9216934,2020,2021-02-11,4127,2020-11-23,1530,2257,4127,1,5,4,4127,0,0,0,,0,003,"BAYSHORE RD","NORTH GATE OF PROPERTY",56.00,S,N,A,-,N,,,,,,,,,,N,2,0,1,2,A,-,08,22107,,N,G,B,E,A,H,-,A,D,0,Y,,,,Y,,A,01,1,0,0,0,1,0,0,0,0,"- ","- ",,,"SAN MATEO","EAST PALO ALTO",,
92175417,2023,2023-09-20,9330,2023-09-11,1445,021243,,1,2,9,4100,0,3,5,,2,203,"PESCADERO CREEK ROAD","ALPINE ROAD",7392.00,W,N,A,-,N,,,,,,,,,,N,2,0,1,1,A,-,03,22350,,N,F,A,A,A,H,-,A,D,0,,,Y,,Y,,C,02,1,0,0,0,0,0,0,0,1,"- ","- ",37.302299499511719,-122.27362060546875,"SAN MATEO",UNINCORPORATED,-122.27619934082031,37.312038421630859
92183919,2023,2023-10-02,9330,2023-09-18,1715,023011,,1,2,9,4100,0,3,5,,2,004,"HARBOR BLVD","OLD COUNTY ROAD",0.00,,Y,A,-,N,,,,,,,,,,N,2,0,1,2,A,-,10,21950,A,N,G,1,B,A,H,-,A,A,0,Y,,,,Y,,A,01,1,0,0,0,1,0,0,0,0,"- ","- ",37.517719268798828,-122.2713623046875,"SAN MATEO",UNINCORPORATED,-122.27120208740234,37.517742156982422
9218448,2020,2021-02-08,4127,2020-09-13,1958,2254,4127,7,5,4,4127,0,0,0,,0,002,"HUNTER ST","PURDUE AV",254.00,E,N,A,-,N,,,,,,,,,,N,2,0,1,2,A,-,03,22350,,F,B,B,F,A,H,-,C,D,0,Y,,,,Y,,A,01,1,0,0,0,1,0,0,0,0,"- ","- ",,,"SAN MATEO","EAST PALO ALTO",-122.13819885253906,37.479854583740234
92186318,2023,2023-10-02,9330,2023-09-19,1015,020646,,2,1,9,4100,0,1,3,,1,010,SR-1,"2ND ST",40.00,N,N,B,-,Y,SM,,1," "," ",36.596,H,,R,N,2,0,1,2,A,-,06,21750,A,N,B,C,A,A,H,-,A,D,0,,,Y,,Y,,C,02,1,0,0,0,0,0,0,0,1,"- ","- ",37.545719146728516,-122.51394653320312,"SAN MATEO",UNINCORPORATED,-122.51394653320312,37.545719146728516
92192522,2023,2023-10-05,9330,2023-09-23,1100,022914,,6,1,9,4100,0,1,3,,2,052,SR-35,"OLD LA HONDA ROAD",0.00,,Y,A,-,Y,SM,,35," "," ",9.106,H,,R,Y,2,0,1,2,A,-,09,21801,A,N,D,C,A,A,H,-,A,D,0,,,Y,,Y,,A,01,1,0,0,0,0,0,0,0,1,"- ","- ",37.371891021728516,-122.25260162353516,"SAN MATEO",UNINCORPORATED,-122.25260162353516,37.371879577636719
92193436,2023,2023-11-08,9330,2023-04-10,1655,022595,,1,2,9,4100,0,3,5,,2,004,"CANADA ROAD","EDGEWOOD ROAD",3696.00,N,N,A,-,N,,,,,,,,,,Y,1,1,2,2,A,-,08,22107,,N,D,G,A,A,H,-,A,D,0,,Y,,,Y,,L,04,0,1,1,0,0,1,0,0,0,"- ","- ",37.47222900390625,-122.30538940429688,"SAN MATEO",UNINCORPORATED,-122.30527496337891,37.472095489501953
9220022,2021,2021-03-17,4116,2021-01-01,0933,27872,12,5,5,5,4116,0,0,0,,0,00A,"TILTON AVE","HUMBOLDT AV",0.00,,Y,A,-,N,,,,,,,,,,Y,2,0,1,2,A,-,12,22450,,F,D,G,A,A,H,-,A,B,0,,Y,,,Y,,A,01,1,0,0,0,0,0,1,0,0,"- ","- ",37.573520660400391,-122.32054901123047,"SAN MATEO","SAN MATEO",-122.32056427001953,37.573532104492188
92205440,2023,2023-10-23,9330,2023-08-19,2300,023251,,6,3,9,4100,0,2,4,,1,051,"SEMICIRCULAR ROAD","MIDDLEFIELD ROAD",500.00,W,N,A,-,N,,,,,,,,,,Y,2,0,1,1,A,-,03,22350,,N,E,I,A,A,H,-,C,D,0,,,Y,,Y,,C,02,1,0,0,0,0,0,0,0,1,"- ","- ",37.470458984375,-122.20253753662109,"SAN MATEO",UNINCORPORATED,-122.20381927490234,37.470363616943359
92206514,2023,2023-10-23,9330,2023-10-20,1925,023011,,5,2,9,4100,0,1,3,,1,010,"SR-1 (CABRILLO HIGHWAY)","SECOND ST",15.00,N,N,B,-,Y,SM,,1," "," ",36.592,H,,R,N,2,0,1,2,A,-,11,21954,A,N,G,B,E,A,H,-,D,D,0,Y,,,,Y,Y,N,60,1,0,0,0,1,0,0,0,0,"- ","- ",37.545658111572266,-122.51394653320312,"SAN MATEO",UNINCORPORATED,-122.51397705078125,37.545673370361328
92240969,2023,2023-11-20,9330,2023-09-01,1520,023011,,5,2,9,4100,0,1,3,,1,020,"TUNITAS CREEK ROAD","LOBITOS CREEK CUTOFF",3168.00,E,N,B,-,N,,,,,,,,,,Y,2,0,2,1,A,-,03,22350,,N,F,8,A,B,H,-,A,D,0,,,,,Y,,A,71,2,0,0,0,0,0,0,0,0,"- ","- ",37.387409210205078,-122.3721923828125,"SAN MATEO",UNINCORPORATED,-122.38026428222656,37.372802734375
92247010,2023,2023-11-28,9330,2023-11-16,"500 ",022754,,4,3,4,4109,0,3,5,,2,509,"ALAMEDA DE LAS PULGAS","CAMINO A LOS CERROS",0.00,,Y,A,-,N,,,,,,,,,,Y,2,0,4,2,A,-,09,21802,A,N,D,2,A,B,H,-,C,A,0,,,,,Y,,A,01,1,3,0,0,0,0,0,0,0,"- ","- ",37.436111450195312,-122.2103271484375,"SAN MATEO","MENLO PARK",-122.21033477783203,37.436103820800781
92272156,2023,2023-12-27,9330,2023-12-15,1331,023486,,5,1,9,4100,0,1,3,,1,010,"SR-1 S/B","11TH ST",84.00,N,N,A,-,Y,SM,,1," "," ",36.158,H,,L,N,2,0,1,2,A,-,11,21954,A,N,G,B,D,A,D,-,A,D,0,Y,,,,Y,,N,60,1,0,0,0,1,0,0,0,0,"- ","- ",37.539791107177734,-122.51686859130859,"SAN MATEO",UNINCORPORATED,-122.51683044433594,37.539783477783203
92275813,2023,2024-01-01,9330,2023-12-30,"950 ",023191,,6,1,9,4100,0,1,1,,2,034,"I-280 N/B","LARKSPUR DR",1056.00,N,N,C,-,Y,SM,,280," ",R,18.748,H,,R,Y,2,0,1,1,A,-,08,22107,,N,E,I,A,B,H,-,A,D,0,,,,,Y,,A,07,1,0,0,0,0,0,0,0,0,"- ","- ",37.598548889160156,-122.42178344726562,"SAN MATEO",UNINCORPORATED,-122.42188262939453,37.598468780517578
92284204,2023,2024-01-10,9330,2023-06-21,1730,022244,,3,2,9,4100,0,1,3,,2,042,"SR-35 N/B (SKYLINE BOULEVARD)","REIDS ROOST ROAD",528.00,N,N,A,-,Y,SM,,35," "," ",13.732,H,,R,Y,1,2,1,1,A,-,01,23153,A,N,E,I,A,A,H,-,A,D,0,,,,,Y,Y,A,01,1,0,0,0,0,0,0,0,0,"- ","- ",37.402858734130859,-122.29908752441406,"SAN MATEO",UNINCORPORATED,-122.29911804199219,37.402835845947266
92294099,2024,2024-01-22,9330,2024-01-07,1140,022768,,7,1,9,4100,0,1,3,,2,042,"SR-35 (SKYLINE BOULEVARD)","WARE ROAD",780.00,S,N,A,-,Y,SM,,35," "," ",18.060,H,,R,Y,2,0,2,2,A,-,05,21460,C,N,A,C,A,A,H,-,A,D,0,,,Y,,Y,,C,02,1,1,0,0,0,0,0,0,2,"- ","- ",37.443931579589844,-122.32762145996094,"SAN MATEO",UNINCORPORATED,-122.32762908935547,37.443923950195312
92294740,2024,2024-01-23,9330,2024-01-12,1410,023032,,5,2,4,4109,0,1,2,,2,058,"US-101 NB","WILLOW ROAD",1056.00,N,N,A,-,Y,SM,,101," "," ",2.044,H,,R,N,2,0,1,2,A,-,03,22350,,N,C,C,A,A,H,-,A,D,0,,,Y,,Y,,C,02,1,0,0,0,0,0,0,0,1,"- ","- ",37.4705810546875,-122.15802764892578,"SAN MATEO","MENLO PARK",-122.15798950195312,37.470619201660156
92298461,2024,2024-01-26,9330,2024-01-25,"730 ",022914,,4,1,5,4116,0,1,2,,2,038,"US-101 NB","DORE AVENUE",898.00,S,N,A,-,Y,SM,,101," "," ",13.919,H,,R,Y,2,0,1,2,A,-,03,22350,,N,C,C,A,A,H,-,A,D,0,,,,,Y,,A,01,1,0,0,0,0,0,0,0,0,"- ","- ",37.575901031494141,-122.31948852539062,"SAN MATEO","SAN MATEO",-122.31941223144531,37.575954437255859
92298649,2023,2024-01-29,9335,2023-05-27,"915 ",023119,,6,1,9,4100,0,3,5,,2,001,"GUADALUPE CANYON PKY","RADIO ROAD",758.00,E,N,B,-,N,,,,,,,,,,Y,1,1,0,1,A,-,08,22107,,N,E,I,A,A,H,-,A,A,0,,,Y,,Y,,C,02,0,0,0,0,0,0,0,1,0,"- ","- ",37.696689605712891,-122.43212127685547,"SAN MATEO",UNINCORPORATED,-122.43262481689453,37.696300506591797
92301114,2023,2024-01-30,9330,2023-05-30,1838,019764,,2,2,9,4100,0,1,3,,1,020,"SR-1 (CABRILLO HWY)","BEAN HOLLOW ROAD",898.00,N,N,A,-,Y,SM,,1," "," ",10.914,H,,R,Y,1,2,1,2,A,-,05,21460,A,N,A,C,A,A,H,-,A,D,0,,,,,Y,,A,01,1,0,0,0,0,0,0,0,0,"- ","- ",37.224468231201172,-122.40731811523438,"SAN MATEO",UNINCORPORATED,-122.4073486328125,37.224456787109375
92302043,2023,2024-01-31,9335,2023-10-09,"31  ",023312,,1,3,5,4117,0,1,1,,2,021,"I-280 S/B FROM WESTBOROUGH BLVD","WESTBOROUGH BLVD",400.00,S,N,A,-,Y,,,,,,,,,,Y,2,0,2,2,A,-,05,21651,C,N,A,C,A,A,H,-,C,D,0,,,,,Y,,A,01,1,1,0,0,0,0,0,0,0,"- ","- ",37.644618988037109,-122.44963073730469,"SAN MATEO","SOUTH SAN FRANCISCO",-122.44963073730469,37.644618988037109
92303753,2023,2024-02-02,9335,2023-06-10,"104 ",023121,,6,3,5,4117,0,1,1,,2,020,"I-280 S/B","AVALON DRIVE",217.00,N,N,A,-,Y,SM,,280," ",R,22.102,H,,L,Y,1,1,0,1,A,-,01,23152,A,N,E,8,A,A,H,-,D,D,0,,,,,Y,Y,A,01,0,0,0,0,0,0,0,0,0,"- ","- ",37.639980316162109,-122.44267272949219,"SAN MATEO","SOUTH SAN FRANCISCO",-122.44255828857422,37.640045166015625
92309601,2023,2024-02-08,9330,2023-04-22,"537 ",022914,,6,3,5,4116,0,1,2,,2,038,"US-101 N/B","3RD AVENUE",2834.00,N,N,B,-,Y,SM,,101," "," ",14.007,H,,R,Y,1,1,3,2,A,-,03,22350,,N,C,C,A,A,H,-,C,D,0,,,,,Y,,A,01,3,0,0,0,0,0,0,0,0,"- ","- ",37.576881408691406,-122.32050323486328,"SAN MATEO","SAN MATEO",-122.32044982910156,37.576915740966797
92314204,2023,2024-02-14,9330,2023-08-27,"250 ",022876,,7,3,9,4100,0,1,1,,2,034,"I-280 S/B","SR-92 W/B",52.00,S,N,B,-,Y,SM,,280," "," ",10.946,H,,L,Y,1,1,0,1,A,-,08,22107,,N,F,8,A,A,H,-,D,D,0,,,,,Y,Y,A,07,0,0,0,0,0,0,0,0,0,"- ","- ",37.508060455322266,-122.34047698974609,"SAN MATEO",UNINCORPORATED,-122.34053802490234,37.50799560546875
92319069,2024,2024-03-19,9330,2024-02-09,"150 ",023265,,5,3,4,4104,0,1,2,,2,038,"US-101 N/B",BROADWAY,1584.00,N,N,A,-,Y,SM,,101," "," ",16.884,H,,R,Y,2,0,2,2,A,-,01,23153,A,N,C,C,A,A,H,-,C,D,0,,,,,Y,Y,D,22,1,1,0,0,0,0,0,0,0,"- ","- ",37.592918395996094,-122.36540985107422,"SAN MATEO",BURLINGAME,-122.36541748046875,37.592910766601562
92320909,2023,2024-02-22,9330,2023-12-18,1330,023566,,1,1,5,4113,0,1,1,,2,044,"EDGEWOOD RD. (1000 BLOCK)","WOODHUE CT",90.00,E,N,C,-,Y,,,,,,,,,,Y,2,0,1,2,A,-,03,22350,,N,G,B,E,B,H,-,A,D,0,Y,,,,Y,,A,07,1,0,0,0,1,0,0,0,0,"- ","- ",37.475818634033203,-122.26290893554688,"SAN MATEO","REDWOOD CITY",-122.26297760009766,37.475822448730469
92321569,2024,2024-02-23,9330,2024-02-14,1915,022837,,3,2,9,4100,0,1,3,,1,020,SR-1,"GREEN OAKS WAY",1214.00,S,N,B,C,Y,SM,,1," "," ",1.662,H,,R,N,2,0,2,1,A,-,08,22107,,N,E,I,A,B,H,-,D,D,0,,,,,Y,,A,01,1,1,0,0,0,0,0,0,0,"- ","- ",37.128860473632812,-122.31114196777344,"SAN MATEO",UNINCORPORATED,-122.31103515625,37.128913879394531
9232538,2021,2021-03-29,4106,2021-02-02,1924,2146,5,2,5,6,4106,0,0,0,,0,003,"JUNIPERO SERRA BL","90TH ST",0.00,,Y,A,-,N,,,,,,,,,,N,2,0,1,2,A,-,10,21950,A,N,G,B,B,A,H,-,C,D,0,Y,,,,Y,,I,11,1,0,0,0,1,0,0,0,0,"- ","- ",,,"SAN MATEO","DALY CITY",-122.47100067138672,37.691108703613281
92329465,2023,2024-03-04,9330,2023-06-11,1550,022975,,7,2,9,4100,0,1,3,,2,052,SR-35,"RAPLEY RANCH ROAD",300.00,N,N,B,-,Y,SM,,35," "," ",6.048,H,,R,Y,1,1,2,3,A,-,03,22350,,N,C,2,A,B,H,-,A,D,0,,,Y,,Y,,C,02,0,2,0,0,0,0,0,1,2,"- ","- ",37.341541290283203,-122.22104644775391,"SAN MATEO",UNINCORPORATED,-122.22106170654297,37.341518402099609
92329475,2023,2024-03-04,9330,2023-04-29,2355,023032,,6,3,5,4116,0,1,2,,2,048,"US-101 N/B",SR-92,2112.00,S,N,A,-,Y,SM,,101," "," ",11.500,H,,R,Y,1,1,0,2,A,-,03,22350,,N,C,2,A,A,H,-,C,D,0,,,Y,,Y,,C,02,0,0,0,0,0,0,0,1,0,"- ","- ",37.548740386962891,-122.29167938232422,"SAN MATEO","SAN MATEO",-122.29167938232422,37.548740386962891
9233682,2021,2021-04-12,4102,2021-02-20,1152,00675,6CI,6,5,4,4102,0,0,0,,0,003,"RALSTON AV","PULLMAN AV",0.00,,Y,A,-,N,,,,,,,,,,Y,2,0,1,2,A,-,09,21800,A,N,D,C,A,A,H,-,A,A,0,,,Y,,Y,,A,01,1,0,0,0,0,0,0,0,1,"- ","- ",37.511341094970703,-122.29741668701172,"SAN MATEO",BELMONT,-122.29740142822266,37.5113525390625
92342260,2024,2024-04-09,9330,2024-03-07,1645,022200,,4,2,9,4100,0,3,5,,2,003,"POLHEMUS ROAD","ASCENSION DR",0.00,,Y,A,-,N,,,,,,,,,,N,2,0,1,2,A,-,08,22107,,F,D,G,A,A,H,-,A,A,0,,Y,,,Y,,-,99,1,0,0,0,0,0,1,0,0,"- ","- ",37.529430389404297,-122.34700775146484,"SAN MATEO",UNINCORPORATED,-122.34696960449219,37.529315948486328
92343279,2024,2024-03-20,9335,2024-03-05,2125,023593,,2,2,5,4117,0,1,2,,2,012,"US-101 N/B TO DUBUQUE AVE","DUBUQUE AVE",29.00,S,N,A,-,Y,,,,,,,,,,Y,2,0,2,2,A,-,03,22350,,N,C,C,A,A,H,-,C,A,0,,,,,Y,,A,01,1,0,1,0,0,0,0,0,0,"- ","- ",37.662471771240234,-122.39981079101562,"SAN MATEO","SOUTH SAN FRANCISCO",-122.39981079101562,37.662471771240234
92350319,2024,2024-03-29,9330,2024-03-20,"224 ",022595,,3,3,5,4116,0,1,2,,2,038,"US-101 N/B","KEHOE AVE.",1584.00,S,N,A,-,Y,SM,,101," "," ",12.371,H,,R,Y,2,0,1,2,A,-,08,22107,,N,B,C,A,A,H,-,D,D,0,,,,,Y,,A,01,1,0,0,0,0,0,0,0,0,"- ","- ",37.559078216552734,-122.30117034912109,"SAN MATEO","SAN MATEO",-122.30120849609375,37.559059143066406