CASE_ID,ACCIDENT_YEAR,PROC_DATE,JURIS,COLLISION_DATE,COLLISION_TIME,OFFICER_ID,REPORTING_DISTRICT,DAY_OF_WEEK,CHP_SHIFT,POPULATION,CNTY_CITY_LOC,SPECIAL_COND,BEAT_TYPE,CHP_BEAT_TYPE,CITY_DIVISION_LAPD,CHP_BEAT_CLASS,BEAT_NUMBER,PRIMARY_RD,SECONDARY_RD,DISTANCE,DIRECTION,INTERSECTION,WEATHER_1,WEATHER_2,STATE_HWY_IND,CALTRANS_COUNTY,CALTRANS_DISTRICT,STATE_ROUTE,ROUTE_SUFFIX,POSTMILE_PREFIX,POSTMILE,LOCATION_TYPE,RAMP_INTERSECTION,SIDE_OF_HWY,TOW_AWAY,COLLISION_SEVERITY,NUMBER_KILLED,NUMBER_INJURED,PARTY_COUNT,PRIMARY_COLL_FACTOR,PCF_CODE_OF_VIOL,PCF_VIOL_CATEGORY,PCF_VIOLATION,PCF_VIOL_SUBSECTION,HIT_AND_RUN,TYPE_OF_COLLISION,MVIW,PED_ACTION,ROAD_SURFACE,ROAD_COND_1,ROAD_COND_2,LIGHTING,CONTROL_DEVICE,CHP_ROAD_TYPE,PEDESTRIAN_ACCIDENT,BICYCLE_ACCIDENT,MOTORCYCLE_ACCIDENT,TRUCK_ACCIDENT,NOT_PRIVATE_PROPERTY,ALCOHOL_INVOLVED,STWD_VEHTYPE_AT_FAULT,CHP_VEHTYPE_AT_FAULT,COUNT_SEVERE_INJ,COUNT_VISIBLE_INJ,COUNT_COMPLAINT_PAIN,COUNT_PED_KILLED,COUNT_PED_INJURED,COUNT_BICYCLIST_KILLED,COUNT_BICYCLIST_INJURED,COUNT_MC_KILLED,COUNT_MC_INJURED,PRIMARY_RAMP,SECONDARY_RAMP,LATITUDE,LONGITUDE,COUNTY,CITY,POINT_X,POINT_Y
92352724,2024,2024-04-02,9330,2024-03-21,1740,023693,,4,2,4,4120,0,1,3,,2,031,"SR-92 E/B","MARINERS ISLAND BOULEVARD",70.00,E,N,A,-,Y,SM,,92," ",R,12.794,H,,R,N,2,0,1,2,A,-,07,21658,A,N,B,C,A,A,H,-,A,D,0,,,Y,,Y,,A,08,1,0,0,0,0,0,0,0,1,"- ","- ",37.556510925292969,-122.28482818603516,"SAN MATEO","FOSTER CITY",-122.28483581542969,37.556514739990234
92356488,2024,2024-04-04,9330,2024-03-29,2010,023011,,5,2,9,4100,0,1,3,,1,010,"SR-1 (CABRILLO HIGHWAY)","CAPISTRANO ROAD",0.00,,Y,B,C,Y,SM,,1," "," ",33.354,H,,R,Y,2,0,2,2,A,-,01,23152,A,N,D,C,A,B,H,-,D,A,0,,,,,Y,Y,A,01,1,0,1,0,0,0,0,0,0,"- ","- ",37.509830474853516,-122.48802947998047,"SAN MATEO",UNINCORPORATED,-122.48802185058594,37.509834289550781
9236084,2021,2021-04-06,4106,2021-02-14,1610,2173,4,7,5,6,4106,0,0,0,,0,003,"JOHN DALY BL","NIANTIC AV",150.00,E,N,A,-,N,,,,,,,,,,Y,2,0,2,3,A,-,12,21453,,N,D,C,A,A,H,-,A,A,0,,,,,Y,Y,A,01,1,0,1,0,0,0,0,0,0,"- ","- ",,,"SAN MATEO","DALY CITY",-122.46906280517578,37.705009460449219
9237408,2021,2021-03-17,4100,2021-01-30,1340,25827,4100,6,5,3,4110,0,0,0,,0,061,"MAGNOLIA AV","CHADBOURNE AV",0.00,,Y,A,-,N,,,,,,,,,,N,2,0,1,2,A,-,10,21950,A,N,G,B,B,A,H,-,A,A,0,Y,,,,Y,,A,01,1,0,0,0,1,0,0,0,0,"- ","- ",,,"SAN MATEO",MILLBRAE,-122.39018249511719,37.598335266113281
92374412,2024,2024-04-24,9335,2024-02-11,2010,023111,,7,2,6,4106,0,1,1,,2,021,"I-280 N/B","KING DRIVE UNDERCROSSING",251.00,N,N,A,-,Y,SM,,280," ",R,23.226,H,,R,Y,2,0,1,2,A,-,03,22350,,N,C,C,A,A,H,-,C,D,0,,,Y,,Y,,C,02,1,0,0,0,0,0,0,0,1,"- ","- ",37.652790069580078,-122.45461273193359,"SAN MATEO","DALY CITY",-122.45461273193359,37.652790069580078
92378859,2024,2024-04-30,9330,2024-04-19,2207,023486,,5,3,4,4109,0,1,2,,2,058,"US-101 S/B FROM WILLOW ROAD E/B","WILLOW ROAD",213.00,S,N,A,-,Y,,,,,,,,,,Y,2,0,2,1,A,-,08,22107,,F,E,I,A,A,H,-,C,D,0,,,,,Y,,A,01,2,0,0,0,0,0,0,0,0,"- ","- ",37.467910766601562,-122.1544189453125,"SAN MATEO","MENLO PARK",-122.15460968017578,37.468406677246094
92380730,2024,2024-05-02,9330,2024-04-14,1604,023060,,7,2,9,4100,0,1,3,,1,021,"SR-84 (LA HONDA RD)","WILLIAMS RANCH ROAD",110.00,E,N,B,-,Y,SM,,84," "," ",12.812,H,,R,Y,2,0,2,2,A,-,03,22350,,N,B,2,A,A,H,-,A,D,0,,,Y,,Y,,C,02,1,0,1,0,0,0,0,0,1,"- ","- ",37.362438201904297,-122.26100921630859,"SAN MATEO",UNINCORPORATED,-122.26099395751953,37.362430572509766
9238086,2021,2021-03-26,4116,2021-02-28,1115,26724,12,7,5,5,4116,0,0,0,,0,00A,"HUMBOLDT ST","INDIAN AV",0.00,,Y,A,-,N,,,,,,,,,,N,2,0,1,2,A,-,12,22450,,N,H,G,A,A,H,-,A,A,0,,Y,,,Y,,L,04,1,0,0,0,0,0,1,0,0,"- ","- ",37.577548980712891,-122.32489776611328,"SAN MATEO","SAN MATEO",-122.32492065429688,37.577537536621094
92386878,2023,2024-08-14,9335,2023-07-10,"208 ",023082,,1,3,6,4106,0,1,1,,2,021,"I-280 S/B","JUNIPERO SERRA BLVD",630.00,N,N,A,-,Y,SM,,280," ",R,26.622,H,,L,N,1,1,0,2,A,-,11,21954,A,N,G,B,E,A,H,-,D,D,0,Y,,,,Y,Y,N,60,0,0,0,1,0,0,0,0,0,"- ","- ",37.697151184082031,-122.47154235839844,"SAN MATEO","DALY CITY",-122.47137451171875,37.697174072265625
92387478,2024,2024-05-13,9335,2024-05-02,2119,021672,,4,2,4,4114,0,1,1,,2,038,"I-380 E/B TO US-101 S/B","SEVENTH ST. UNDERCROSSING",537.00,W,N,A,-,Y,SM,,380," "," ",6.106,H,,R,N,2,0,1,1,A,-,01,23152,A,N,E,I,A,A,H,-,C,D,0,,,,,Y,Y,A,07,1,0,0,0,0,0,0,0,0,"- ","- ",37.633750915527344,-122.40776824951172,"SAN MATEO","SAN BRUNO",-122.40779113769531,37.633872985839844
92393556,2024,2024-05-20,9335,2024-05-14,"950 ",022187,,2,1,9,4100,0,3,5,,2,001,"GUADALUPE CANYON PKWY","OF RADIO ROAD",4361.00,W,N,A,-,N,,,,,,,,,,Y,2,0,1,1,A,-,08,22107,,N,E,I,A,A,H,-,A,D,0,,,,,Y,,A,08,1,0,0,0,0,0,0,0,0,"- ","- ",37.70166015625,-122.44837188720703,"SAN MATEO",UNINCORPORATED,-122.44821929931641,37.701568603515625
92395346,2024,2024-05-21,9330,2024-05-20,2335,023492,,1,3,4,4109,0,1,2,,2,058,"US-101 S/B","WILLOW ROAD OVERCROSSING",2165.00,N,N,B,-,Y,SM,,101," "," ",2.239,H,,L,Y,2,0,1,2,A,-,03,22350,,N,C,C,A,A,H,-,C,D,0,,,Y,,Y,,C,02,1,0,0,0,0,0,0,0,1,"- ","- ",37.472240447998047,-122.16123962402344,"SAN MATEO","MENLO PARK",-122.16123199462891,37.472244262695312
92408156,2024,2024-06-06,9330,2024-05-25,1005,022975,,6,1,9,4100,0,1,3,,1,011,SR-92,"DIGGES CYN RD",2904.00,W,N,A,-,Y,SM,,92," "," ",0.833,H,,R,Y,2,0,3,2,A,-,03,22350,,N,A,2,A,A,H,-,A,D,0,,,,,Y,,A,01,1,1,1,0,0,0,0,0,0,"- ","- ",37.472480773925781,-122.42064666748047,"SAN MATEO",UNINCORPORATED,-122.420654296875,37.472484588623047
9241281,2021,2021-04-05,4116,2021-02-28,1355,27518,23A,7,5,5,4116,0,0,0,,0,0DT,"EAST 5TH AV","EL CAMINO REAL",0.00,E,N,A,-,N,,,,,,,,,,N,2,0,2,3,A,-,03,22350,,N,G,B,F,A,H,-,A,A,0,Y,,,,Y,,A,01,2,0,0,0,2,0,0,0,0,"- ","- ",37.561679840087891,-122.32441711425781,"SAN MATEO","SAN MATEO",-122.32445526123047,37.561653137207031
92415033,2024,2024-06-14,9330,2024-06-05,1435,022837,,3,2,2,4118,0,1,1,,2,054,"I-280 S/B","FARM HILL BOULEVARD",2112.00,S,N,A,-,Y,SM,,280," ",R,4.157,H,,L,N,2,0,1,1,C,-,18,,,N,H,A,A,A,H,-,A,D,0,,,Y,,Y,,-,"- ",1,0,0,0,0,0,0,0,1,"- ","- ",37.443328857421875,-122.25425720214844,"SAN MATEO",WOODSIDE,-122.2542724609375,37.443305969238281
92418745,2023,2024-06-19,9330,2023-07-24,1900,022774,,1,2,9,4100,0,1,1,,2,054,"I-280 N/B","SAND HILL ROAD",1227.00,N,N,A,-,Y,SM,,280," ",R,1.851,H,,R,Y,1,1,0,1,A,-,08,22107,,N,E,I,A,A,H,-,B,D,0,,,,,Y,,A,01,0,0,0,0,0,0,0,0,0,"- ","- ",37.420940399169922,-122.22332763671875,"SAN MATEO",UNINCORPORATED,-122.22351837158203,37.420742034912109
92421190,2024,2024-06-24,9335,2024-01-16,2500,022802,,2,4,5,4117,0,1,2,,2,012,"US-101 SOUTHBOUND","I-380 W/B",2280.00,N,N,A,-,Y,SM,,101," ",R,21.142,H,,L,N,1,1,0,2,A,-,08,22107,,F,G,B,E,A,H,-,C,D,0,Y,,,,Y,,-,99,0,0,0,1,0,0,0,0,0,"- ","- ",37.641910552978516,-122.40632629394531,"SAN MATEO","SOUTH SAN FRANCISCO",-122.40615844726562,37.641921997070312
92422224,2024,2024-06-24,9330,2024-06-02,"915 ",023253,,7,1,9,4100,0,3,5,,2,205,"CLOVERDALE ROAD","GAZOS CREEK ROAD",488.00,E,N,C,-,N,,,,,,,,,,N,2,0,1,1,A,-,08,22107,,N,F,A,A,B,H,-,A,D,0,,Y,,,Y,,L,04,1,0,0,0,0,0,1,0,0,"- ","- ",37.192211151123047,-122.34124755859375,"SAN MATEO",UNINCORPORATED,-122.33954620361328,37.187606811523438
92426341,2024,2024-07-03,9330,2024-06-20,"410 ",022504,,4,3,9,4100,0,1,3,,1,020,SR-1,"POMPONIO STATE BEACH PARKING LOT ENTRANCE",5.00,N,N,A,-,Y,SM,,1," "," ",16.460,H,,R,Y,2,0,2,2,A,-,05,21460,,N,B,2,A,A,H,-,D,D,0,,,,Y,Y,,F,26,1,1,0,0,0,0,0,0,0,"- ","- ",37.299858093261719,-122.40470123291016,"SAN MATEO",UNINCORPORATED,-122.40467071533203,37.299861907958984
92428818,2024,2024-07-02,9330,2024-02-01,"638 ",023320,,4,1,3,4108,0,1,1,,2,034,"I-280 N/B","TROUSDALE DRIVE",6336.00,S,N,C,-,Y,SM,,280," ",R,15.976,H,,R,N,1,1,3,1,A,-,03,22350,,N,E,I,A,B,H,-,C,D,0,,,,,Y,,A,01,1,2,0,0,0,0,0,0,0,"- ","- ",37.566848754882812,-122.39170837402344,"SAN MATEO",HILLSBOROUGH,-122.39174652099609,37.566791534423828
9242964,2021,2021-04-15,4120,2021-03-09,1225,213,6,2,5,4,4120,0,0,0,,0,00Y,"SHELL BL","LIGHT STANDARD #4060A",23.00,W,N,A,-,N,,,,,,,,,,N,2,0,1,2,A,-,07,21658,A,N,H,G,A,A,H,-,A,D,0,,Y,,,Y,,L,04,1,0,0,0,0,0,1,0,0,"- ","- ",37.549808502197266,-122.26393890380859,"SAN MATEO","FOSTER CITY",,
92430880,2024,2024-07-04,9330,2024-06-24,2245,023728,,1,3,5,4113,0,1,2,,2,058,"US-101 S/B","MARSH ROAD",3028.00,N,N,A,-,Y,SM,,101," "," ",4.166,H,,L,Y,2,0,2,2,A,-,01,23152,A,N,C,C,A,A,H,-,D,D,0,,,,,Y,Y,A,01,1,1,0,0,0,0,0,0,0,"- ","- ",37.485630035400391,-122.19094085693359,"SAN MATEO","REDWOOD CITY",-122.19094085693359,37.485618591308594
92432352,2024,2024-07-08,9330,2024-05-26,"150 ",023570,,7,3,9,4100,0,3,5,,2,503,"WHISKEY HILL ROAD","SAND HILL ROAD",500.00,N,N,B,-,N,,,,,,,,,,Y,2,0,1,1,C,-,18,,,N,E,I,A,A,H,-,D,D,0,,,,,Y,,-,"- ",1,0,0,0,0,0,0,0,0,"- ","- ",37.414169311523438,-122.24150848388672,"SAN MATEO",UNINCORPORATED,-122.24114990234375,37.413368225097656
92444310,2024,2024-07-22,9330,2024-05-19,1320,022975,,7,1,9,4100,0,1,3,,2,052,SR-35,"OLD LA HONDA RD",1950.00,S,N,A,-,Y,SM,,35," "," ",8.705,H,,R,Y,2,0,1,1,A,-,08,22107,,N,F,I,A,A,H,-,A,D,0,,,,,Y,,A,01,1,0,0,0,0,0,0,0,0,"- ","- ",37.367679595947266,-122.24800109863281,"SAN MATEO",UNINCORPORATED,-122.2479248046875,37.367725372314453
9254614,2021,2021-04-29,4100,2021-02-25,1143,25886,WDS,4,5,2,4118,0,0,0,,0,030,"PORTOLA RD","SAND HILL RD",138.00,N,N,A,-,N,,,,,,,,,,N,2,0,1,1,A,-,03,22350,,N,F,A,A,A,H,-,A,D,0,,Y,,,Y,,L,04,1,0,0,0,0,0,1,0,0,"- ","- ",,,"SAN MATEO",WOODSIDE,-122.24546813964844,37.402606964111328
9254887,2020,2021-04-29,4127,2020-12-09,1942,2262,4127,3,5,4,4127,0,0,0,,0,003,"CLARKE AV","TEA CT",30.00,W,N,A,-,N,,,,,,,,,,N,2,0,1,2,A,-,09,21801,A,N,D,C,A,A,H,-,C,A,0,,,Y,,Y,,A,01,1,0,0,0,0,0,0,0,1,"- ","- ",,,"SAN MATEO","EAST PALO ALTO",-122.13475036621094,37.46514892578125
9256169,2021,2021-06-03,4116,2021-04-02,1646,28252,38,5,5,5,4116,0,0,0,,0,00C,"31ST AV","28TH AV",0.00,,Y,A,-,N,,,,,,,,,,N,2,0,1,1,A,-,03,22350,,N,A,I,A,A,H,-,A,A,0,,Y,,,Y,,L,04,1,0,0,0,0,0,1,0,0,"- ","- ",37.533111572265625,-122.32073974609375,"SAN MATEO","SAN MATEO",-122.320707,37.533101000000002
9256243,2021,2021-06-17,4113,2021-04-13,2118,351,5,2,5,5,4113,0,0,0,,0,005,"RT 84","HESS RD",441.00,E,N,A,-,Y,,,84,,,,,,,N,2,0,1,1,D,-,00,,,N,H,A,A,A,H,-,C,D,0,,Y,,,Y,,-,"- ",1,0,0,0,0,0,1,0,0,"- ","- ",37.471488952636719,-122.22297668457031,"SAN MATEO","REDWOOD CITY",-122.22305297851562,37.471511840820312
9256255,2021,2021-06-28,4113,2021-05-10,0224,351,3,1,5,5,4113,0,0,0,,0,003,"RT 82","LINCOLN AV",0.00,,Y,A,-,Y,SM,4,82,-,-,3.800,H,-,S,N,1,1,0,3,A,-,10,21950,A,F,G,B,D,A,H,-,C,D,0,Y,,,,Y,,A,01,0,0,0,1,0,0,0,0,0,"- ","- ",37.480068206787109,-122.22573089599609,"SAN MATEO","REDWOOD CITY",-122.22674560546875,37.480007171630859
9256261,2021,2021-11-30,4106,2021-03-04,2000,1180,10,4,5,6,4106,0,0,0,,0,004,"RT 35","WESTRIDGE AV",0.00,,Y,A,-,Y,SM,4,35,-,-,30.270,I,5,S,Y,1,1,0,2,A,-,11,21456,C,N,G,B,B,A,H,-,C,A,0,Y,,,,Y,,N,60,0,0,0,1,0,0,0,0,0,"- ","- ",,,"SAN MATEO","DALY CITY",-122.49281311035156,37.690475463867188
9256511,2021,2021-08-19,4104,2021-05-10,0359,0645,1,1,5,4,4104,0,0,0,,0,00A,"LORTON AV","BAYSWATER AV",230.00,N,N,A,-,N,,,,,,,,,,Y,1,1,1,2,A,-,01,23152,A,F,C,E,A,A,H,-,C,D,0,,,,,Y,Y,A,07,0,1,0,0,0,0,0,0,0,"- ","- ",37.577560424804688,-122.34387969970703,"SAN MATEO",BURLINGAME,-122.34382629394531,37.577083587646484
92595609,2024,2024-07-23,9330,2024-04-14,2000,023587,,7,2,4,4104,0,1,2,,2,038,"US-101 S/B",BROADWAY,3696.00,S,N,A,-,Y,SM,,101," "," ",15.848,H,,L,Y,2,0,1,2,A,-,08,22107,,N,E,8,A,A,H,-,B,D,0,,,,,Y,,A,01,1,0,0,0,0,0,0,0,0,"- ","- ",37.587078094482422,-122.34879302978516,"SAN MATEO",BURLINGAME,-122.34879302978516,37.587017059326172
9260968,2021,2021-07-27,4116,2021-06-01,1900,28536,32,2,5,5,4116,0,0,0,,0,00C,"CURTISS ST","POINTSETTIA AV",0.00,,Y,A,-,N,,,,,,,,,,N,2,0,1,1,-,-,"- ",,,N,F,A,A,A,H,-,A,A,0,,,Y,,Y,,C,02,1,0,0,0,0,0,0,0,1,"- ","- ",37.538768768310547,-122.29324340820312,"SAN MATEO","SAN MATEO",-122.29322052001953,37.538784027099609
9261328,2021,2021-05-14,4101,2021-02-13,1554,16KM02,,6,5,2,4101,0,0,0,,0,002,"RT 82","SELBY LN",0.00,,Y,A,-,Y,SM,4,82,-,-,2.614,I,5,S,Y,2,0,2,2,A,-,03,22350,,N,D,C,A,A,H,-,A,D,0,,,Y,,Y,,C,02,2,0,0,0,0,0,0,0,2,"- ","- ",37.468391418457031,-122.21079254150391,"SAN MATEO",ATHERTON,-122.21078491210938,37.468448638916016
9261874,2021,2021-06-04,4106,2021-04-04,1523,2177,12,7,5,6,4106,0,0,0,,0,005,"EASTMOOR AV","SULLIVAN AV",13.00,W,N,A,-,N,,,,,,,,,,Y,2,0,6,2,A,-,01,23153,A,N,A,C,A,A,H,-,A,A,0,,,,,Y,Y,A,08,2,4,0,0,0,0,0,0,0,"- ","- ",,,"SAN MATEO","DALY CITY",-122.47228240966797,37.684490203857422
9264979,2021,2021-05-21,4113,2021-03-24,1700,433,2,3,5,5,4113,0,0,0,,0,002,"ALDEN ST","ARGUELLO ST",0.00,,Y,A,-,N,,,,,,,,,,Y,2,0,1,2,A,-,"- ",,,N,E,I,A,A,H,-,A,D,0,,,Y,,Y,,C,02,1,0,0,0,0,0,0,0,1,"- ","- ",37.489109039306641,-122.23487091064453,"SAN MATEO","REDWOOD CITY",-122.2353515625,37.488807678222656
9268041,2021,2021-05-26,4114,2021-03-26,2239,0062,SNB5,5,5,4,4114,0,0,0,,0,001,"WEST SAN BRUNO AV","MASSON AV",10.00,W,N,A,-,N,,,,,,,,,,Y,2,0,1,2,A,-,10,21950,A,N,G,B,B,A,H,-,C,D,0,Y,,,,Y,,A,08,1,0,0,0,1,0,0,0,0,"- ","- ",,,"SAN MATEO","SAN BRUNO",-122.41361236572266,37.629966735839844
9271959,2021,2021-06-10,4120,2021-05-03,0656,222,1,1,5,4,4120,0,0,0,,0,00X,"EAST HILLSDALE BL","FOSTER CITY BL",0.00,,Y,A,-,N,,,,,,,,,,N,2,0,1,2,A,-,11,21954,A,N,G,B,B,A,H,-,A,A,0,Y,,,,Y,,N,60,1,0,0,0,1,0,0,0,0,"- ","- ",37.561389923095703,-122.26894378662109,"SAN MATEO","FOSTER CITY",-122.26917266845703,37.561321258544922
9273702,2021,2021-06-29,4106,2021-05-21,2102,2151,1,5,5,6,4106,0,0,0,,0,001,"BAYSHORE BL","MACDONALD ST",17.00,E,N,A,-,N,,,,,,,,,,Y,2,0,1,2,A,-,05,21650,,N,D,C,A,A,H,-,C,D,0,,,Y,,Y,,C,02,1,0,0,0,0,0,0,0,1,"- ","- ",,,"SAN MATEO","DALY CITY",-122.40675354003906,37.705364227294922
9276545,2021,2021-09-30,4106,2021-09-04,1614,2083,5,6,5,6,4106,0,0,0,,0,003,"SAN PEDRO RD","ALLEMANY ST",0.00,,Y,A,-,N,,,,,,,,,,N,2,0,1,2,A,-,10,21950,,F,G,B,B,A,H,-,A,D,0,Y,,,,Y,,A,01,1,0,0,0,1,0,0,0,0,"- ","- ",,,"SAN MATEO","DALY CITY",-122.46762084960938,37.688346862792969
9278864,2021,2021-06-29,4113,2021-05-19,2101,487,3,3,5,5,4113,0,0,0,,0,003,"VETERANS BL","CHESTNUT ST",0.00,,Y,A,-,N,,,,,,,,,,Y,2,0,2,2,D,-,00,,,N,A,C,A,A,H,-,C,A,0,,,Y,,Y,,-,"- ",1,0,1,0,0,0,0,0,1,"- ","- ",37.488861083984375,-122.21684265136719,"SAN MATEO","REDWOOD CITY",-122.21704864501953,37.488754272460938
9286364,2021,2021-07-20,4113,2021-06-07,1711,487,3,1,5,5,4113,0,0,0,,0,003,"WOODSIDE RD",BROADWAY,0.00,,Y,A,-,Y,SM,4,84,-,-,25.540,H,-,N,Y,2,0,2,3,A,-,03,22350,,N,C,C,A,A,H,-,A,A,0,,,,,Y,,A,01,2,0,0,0,0,0,0,0,0,"- ","- ",37.487049102783203,-122.21421051025391,"SAN MATEO","REDWOOD CITY",-122.21408081054688,37.487026214599609
9287405,2021,2021-07-23,4101,2021-06-16,0142,20VK03,4101,3,5,2,4101,0,0,0,,0,001,"RT 82","ALMENDRAL AV",225.00,S,N,A,-,Y,SM,4,82,-,-,2.140,H,-,N,N,2,0,1,2,A,-,11,21954,A,N,G,B,D,A,H,-,D,D,0,Y,,,,Y,,N,60,1,0,0,0,1,0,0,0,0,"- ","- ",,,"SAN MATEO",ATHERTON,-122.20413970947266,37.464107513427734
9298657,2021,2021-08-12,4111,2021-06-13,1700,P5158,P02,7,5,4,4111,0,0,0,,0,0P1,"INVERNESS DR","HICKEY BL",0.00,,Y,A,-,N,,,,,,,,,,N,2,0,1,2,A,-,10,21950,A,F,G,B,E,A,H,-,A,A,0,Y,,,,Y,Y,-,99,1,0,0,0,1,0,0,0,0,"- ","- ",,,"SAN MATEO",PACIFICA,-122.47955322265625,37.654651641845703
93050969,2024,2024-07-31,9335,2024-07-19,"806 ",023876,,5,1,9,4100,0,1,2,,2,011,"US-101 SOUTHBOUND","SAN BRUNO AVENUE OVERCROSSING",265.00,S,N,A,-,Y,SM,,101," ",R,20.330,H,,L,N,2,0,1,2,A,-,11,21954,A,N,G,B,E,A,H,-,A,D,0,Y,,,,Y,,N,60,1,0,0,0,1,0,0,0,0,"- ","- ",37.630481719970703,-122.40267944335938,"SAN MATEO",UNINCORPORATED,-122.40272521972656,37.630477905273438
9316268,2021,2021-09-17,4111,2021-07-17,0944,P5162,P14,6,5,4,4111,0,0,0,,0,0P3,"SAN PEDRO AV","RT 1",191.00,S,N,A,-,N,,,,,,,,,,N,2,0,1,2,A,-,11,21954,A,F,G,B,D,A,H,-,A,D,0,Y,,,,Y,,N,60,1,0,0,0,1,0,0,0,0,"- ","- ",,,"SAN MATEO",PACIFICA,-122.50343322753906,37.595558166503906
9320518,2021,2023-06-19,4127,2021-04-05,1532,2232,4127,1,5,4,4127,0,0,0,,0,002,"FORDHAM ST","MICHIGAN AV",332.00,E,N,A,-,N,,,,,,,,,,Y,1,1,0,2,A,-,06,21750,A,N,B,C,A,A,H,-,A,B,0,,,Y,,Y,,C,02,0,0,0,0,0,0,0,1,0,"- ","- ",,,"SAN MATEO","EAST PALO ALTO",-122.13710784912109,37.473640441894531
9320634,2022,2022-04-28,4111,2022-02-21,2130,P5155,P05,1,5,4,4111,0,0,0,,0,0P1,"SKYLINE BL","CYPRESS AV",11.00,S,N,C,-,Y,SM,4,35,-,-,26.970,H,-,N,N,1,1,0,2,A,-,11,21955,,N,G,B,D,A,H,-,D,D,0,Y,,,,Y,,N,60,0,0,0,1,0,0,0,0,0,"- ","- ",37.647480010986328,-122.47203063964844,"SAN MATEO",PACIFICA,-122.47203063964844,37.647464752197266
9321177,2022,2023-03-14,4104,2022-09-30,2234,0254,5,5,5,4,4104,0,0,0,,0,00A,"CALIFORNIA DR","OAK GROVE AV",0.00,,Y,A,-,N,,,,,,,,,,Y,1,2,0,3,A,-,11,21950,B,F,G,B,B,A,H,-,C,A,0,Y,,,,Y,,A,01,0,0,0,2,0,0,0,0,0,"- ","- ",37.582290649414062,-122.35111999511719,"SAN MATEO",BURLINGAME,-122.35111236572266,37.582279205322266
9322205,2021,2021-09-16,4111,2021-08-09,0711,P5162,P14,1,5,4,4111,0,0,0,,0,00P,"CABRILLO HWY","LINDA MAR BL",634.00,N,N,A,-,Y,SM,4,1,-,-,41.080,H,-,N,Y,2,0,2,2,A,-,01,23153,F,N,F,C,A,A,H,-,A,A,0,,,,,Y,,A,01,1,1,0,0,0,0,0,0,0,"- ","- ",,,"SAN MATEO",PACIFICA,-122.50231170654297,37.597301483154297
9322776,2021,2021-10-15,4127,2021-08-02,2016,2242,4127,1,5,4,4127,0,0,0,,0,003,"OCONNOR ST","AZALIA DR",11.00,S,N,A,-,N,,,,,,,,,,N,2,0,1,2,A,-,12,22450,A,F,D,E,A,A,H,-,A,A,0,,,Y,,Y,,A,01,1,0,0,0,0,0,0,0,1,"- ","- ",,,"SAN MATEO","EAST PALO ALTO",-122.12918090820312,37.460941314697266
9323373,2021,2021-10-04,4106,2021-08-31,1651,2070,9,2,5,6,4106,0,0,0,,0,004,"S MAAYFAIR AV","CRESTON AV",410.00,N,N,A,-,N,,,,,,,,,,Y,2,0,1,1,A,-,03,22350,,N,E,J,A,A,H,-,A,D,0,,,Y,,Y,,C,02,1,0,0,0,0,0,0,0,1,"- ","- ",,,"SAN MATEO","DALY CITY",-122.49388122558594,37.693889617919922
9341337,2021,2021-11-06,4106,2021-09-03,2116,2161,14,5,5,6,4106,0,0,0,,0,006,"KING DR","VERDUCCI DR",0.00,,Y,A,-,N,,,,,,,,,,N,2,0,2,4,A,-,01,23152,,N,A,C,A,A,H,-,C,A,0,,,,,Y,,A,01,1,1,0,0,0,0,0,0,0,"- ","- ",,,"SAN MATEO","DALY CITY",-122.46292877197266,37.650222778320312
9343152,2021,2021-10-07,4103,2021-08-15,2240,LU400,1,7,5,2,4103,0,0,0,,0,00U,"SIERRA POINT PKWY","SHORELINE CT",473.00,W,N,A,-,N,,,,,,,,,,Y,2,0,1,1,A,-,01,23152,A,N,E,I,A,A,H,-,D,D,0,,,,,Y,Y,A,01,1,0,0,0,0,0,0,0,0,"- ","- ",37.672828674316406,-122.38807678222656,"SAN MATEO",BRISBANE,-122.3887939453125,37.673820495605469
9349683,2021,2021-11-18,4106,2021-10-04,1130,2146,14,1,5,6,4106,0,0,0,,0,006,"CALLAN BL","HICKEY BL",0.00,,Y,A,-,N,,,,,,,,,,Y,2,0,3,3,A,-,17,21451,A,N,D,C,A,A,H,-,A,A,0,,,,,Y,,A,01,1,1,1,0,0,0,0,0,0,"- ","- ",,,"SAN MATEO","DALY CITY",-122.47473907470703,37.665298461914062
9369012,2021,2022-01-10,4120,2021-11-07,1935,212,11,7,5,4,4120,0,0,0,,0,00X,"TRITON DR","FOSTER CITY BL",0.00,,Y,A,-,N,,,,,,,,,,N,2,0,1,2,A,-,03,22350,,N,G,B,D,A,H,-,C,D,0,Y,,,,Y,,A,07,1,0,0,0,1,0,0,0,0,"- ","- ",37.562931060791016,-122.27094268798828,"SAN MATEO","FOSTER CITY",-122.27146148681641,37.562911987304688