CASE_ID,ACCIDENT_YEAR,PROC_DATE,JURIS,COLLISION_DATE,COLLISION_TIME,OFFICER_ID,REPORTING_DISTRICT,DAY_OF_WEEK,CHP_SHIFT,POPULATION,CNTY_CITY_LOC,SPECIAL_COND,BEAT_TYPE,CHP_BEAT_TYPE,CITY_DIVISION_LAPD,CHP_BEAT_CLASS,BEAT_NUMBER,PRIMARY_RD,SECONDARY_RD,DISTANCE,DIRECTION,INTERSECTION,WEATHER_1,WEATHER_2,STATE_HWY_IND,CALTRANS_COUNTY,CALTRANS_DISTRICT,STATE_ROUTE,ROUTE_SUFFIX,POSTMILE_PREFIX,POSTMILE,LOCATION_TYPE,RAMP_INTERSECTION,SIDE_OF_HWY,TOW_AWAY,COLLISION_SEVERITY,NUMBER_KILLED,NUMBER_INJURED,PARTY_COUNT,PRIMARY_COLL_FACTOR,PCF_CODE_OF_VIOL,PCF_VIOL_CATEGORY,PCF_VIOLATION,PCF_VIOL_SUBSECTION,HIT_AND_RUN,TYPE_OF_COLLISION,MVIW,PED_ACTION,ROAD_SURFACE,ROAD_COND_1,ROAD_COND_2,LIGHTING,CONTROL_DEVICE,CHP_ROAD_TYPE,PEDESTRIAN_ACCIDENT,BICYCLE_ACCIDENT,MOTORCYCLE_ACCIDENT,TRUCK_ACCIDENT,NOT_PRIVATE_PROPERTY,ALCOHOL_INVOLVED,STWD_VEHTYPE_AT_FAULT,CHP_VEHTYPE_AT_FAULT,COUNT_SEVERE_INJ,COUNT_VISIBLE_INJ,COUNT_COMPLAINT_PAIN,COUNT_PED_KILLED,COUNT_PED_INJURED,COUNT_BICYCLIST_KILLED,COUNT_BICYCLIST_INJURED,COUNT_MC_KILLED,COUNT_MC_INJURED,PRIMARY_RAMP,SECONDARY_RAMP,LATITUDE,LONGITUDE,COUNTY,CITY,POINT_X,POINT_Y
9403243,2021,2022-02-18,4127,2021-05-29,1118,2269,4127,6,5,4,4127,0,0,0,,0,003,"EAST BAYSHORE RD","PULGAS AV",350.00,N,N,A,-,N,,,,,,,,,,Y,2,0,2,2,A,-,05,21651,,N,A,E,A,A,H,-,A,D,0,,,,,Y,,D,22,1,0,1,0,0,0,0,0,0,"- ","- ",,,"SAN MATEO","EAST PALO ALTO",-122.13092041015625,37.454940795898438
9412463,2022,2022-03-03,4102,2022-02-05,1503,26,5C,6,5,4,4102,0,0,0,,0,002,"OAK KNOLL DR","PINE KNOLL",0.00,,Y,A,-,N,,,,,,,,,,N,2,0,1,1,A,-,08,22107,,N,H,G,A,A,H,-,A,A,0,,Y,,,Y,,L,04,1,0,0,0,0,0,1,0,0,"- ","- ",37.522129058837891,-122.29315185546875,"SAN MATEO",BELMONT,-122.29311370849609,37.522132873535156
9414553,2021,2022-03-22,4127,2021-11-21,0043,2242,4127,7,5,4,4127,0,0,0,,0,001,"EAST BAYSHORE RD","OAKWOOD DR",114.00,N,N,A,-,N,,,,,,,,,,N,2,0,1,2,A,-,14,21201,D,F,C,G,A,A,H,-,C,A,0,,Y,,,Y,Y,L,04,1,0,0,0,0,0,1,0,0,"- ","- ",,,"SAN MATEO","EAST PALO ALTO",-122.14810943603516,37.465023040771484
9420916,2021,2022-05-10,4111,2021-11-09,1415,P5150,P12,2,5,4,4111,0,0,0,,0,0P2,"RT 1","FASSLER AV",0.00,,Y,A,-,Y,SM,4,1,-,-,42.014,I,5,S,Y,2,0,7,5,C,-,18,,,N,D,C,A,A,H,-,A,A,0,,,,Y,Y,,-,"- ",1,6,0,0,0,0,0,0,0,"- ","- ",,,"SAN MATEO",PACIFICA,-122.49526214599609,37.608806610107422
9423007,2022,2022-03-28,4113,2022-03-05,0220,363,2,6,5,5,4113,0,0,0,,0,002,"VETERAN BL","WHIPPLE AV",70.00,S,N,B,-,N,,,,,,,,,,Y,2,0,2,1,A,-,01,23152,A,N,E,I,A,B,H,-,C,A,0,,,,,Y,Y,A,01,1,1,0,0,0,0,0,0,0,"- ","- ",37.494678497314453,-122.23441314697266,"SAN MATEO","REDWOOD CITY",-122.23435974121094,37.494407653808594
94368704,2024,2024-08-26,9330,2024-08-11,1035,022929,,7,1,9,4100,0,1,3,,2,042,SR-35,"BEAR GULCH RD",1584.00,S,N,A,-,Y,SM,,35," "," ",12.577,H,,R,Y,2,0,1,1,A,-,08,22107,,N,E,I,A,A,H,-,A,D,0,,,Y,,Y,,C,02,1,0,0,0,0,0,0,0,1,"- ","- ",37.392108917236328,-122.28896331787109,"SAN MATEO",UNINCORPORATED,-122.2889404296875,37.392093658447266
94370015,2024,2024-08-26,9335,2024-08-14,1730,017331,,3,2,4,4114,0,1,2,,2,012,US-101,"GRAND AVE",1320.00,S,N,A,-,Y,SM,,101," "," ",21.775,H,,R,Y,2,0,1,2,A,-,07,21658,A,F,B,C,A,A,H,-,A,D,0,,,Y,,Y,,A,01,1,0,0,0,0,0,0,0,1,"- ","- ",37.651031494140625,-122.40679168701172,"SAN MATEO","SAN BRUNO",-122.40671539306641,37.651035308837891
94374161,2024,2024-08-28,9330,2024-08-20,1505,023693,,2,2,9,4100,0,3,5,,2,507,"COLEMAN AVENUE","ARLINGTON WAY",65.00,N,N,A,-,N,,,,,,,,,,N,2,0,1,1,A,-,08,22107,,N,F,A,A,A,B,-,A,D,0,,Y,,,Y,,L,04,1,0,0,0,0,0,1,0,0,"- ","- ",37.463958740234375,-122.16841888427734,"SAN MATEO",UNINCORPORATED,-122.16825866699219,37.463966369628906
94375891,2024,2024-08-29,9330,2024-05-21,1755,023696,,2,2,9,4100,0,3,5,,2,505,"FAIR OAKS","SECOND AVENUE",211.00,S,N,A,-,N,,,,,,,,,,Y,2,0,1,5,A,-,03,22350,,N,E,8,A,A,H,-,A,D,0,,,,Y,Y,,A,01,1,0,0,0,0,0,0,0,0,"- ","- ",37.479171752929688,-122.20375823974609,"SAN MATEO",UNINCORPORATED,-122.20298004150391,37.478889465332031
94382526,2024,2024-09-05,9330,2024-07-30,1715,023687,,2,2,5,4113,0,3,5,,2,505,"MIDDLEFIELD ROAD","4TH AVE",6.00,S,N,A,-,N,,,,,,,,,,N,2,0,1,2,A,-,09,21800,A,N,D,G,A,A,H,-,A,D,0,,Y,,,Y,,-,"- ",1,0,0,0,0,0,1,0,0,"- ","- ",37.472610473632812,-122.20530700683594,"SAN MATEO","REDWOOD CITY",-122.205322265625,37.472648620605469
94391541,2024,2024-09-12,9335,2024-09-01,"24  ",023832,,7,3,9,4100,0,1,2,,2,012,"US-101 N/B TO SOUTH AIRPORT BOULEVARD","SOUTH AIRPORT BOULEVARD",110.00,S,N,A,-,Y,SM,,101," "," ",21.460,H,,R,Y,2,0,1,1,A,-,03,22350,,N,E,8,A,A,H,-,C,D,0,,,Y,,Y,,C,02,1,0,0,0,0,0,0,0,1,"- ","- ",37.646598815917969,-122.40608215332031,"SAN MATEO",UNINCORPORATED,-122.40631103515625,37.646587371826172
94392088,2024,2024-09-12,9330,2024-08-03,1611,023032,,6,2,9,4100,0,1,3,,1,021,"SR-84 (LA HONDA ROAD)","HIDDEN CREEK ROAD",50.00,E,N,A,-,N,,,,,,,,,,Y,2,0,1,1,A,-,03,22350,,N,E,8,A,A,H,-,A,D,0,,,Y,,Y,,C,02,1,0,0,0,0,0,0,0,1,"- ","- ",37.322418212890625,-122.34327697753906,"SAN MATEO",UNINCORPORATED,-122.34329223632812,37.322490692138672
94392436,2024,2024-09-13,9335,2024-09-03,1629,023979,,2,2,6,4106,0,1,1,,2,021,"I-280 N/B","SERRAMONTE BOULEVARD UNDERCROSSING",215.00,S,N,A,-,Y,SM,,280," ",R,24.591,H,,R,N,2,0,4,3,A,-,03,22350,,N,C,C,A,A,H,-,A,D,0,,,,,Y,,A,01,1,2,1,0,0,0,0,0,0,"- ","- ",37.669151306152344,-122.46578216552734,"SAN MATEO","DALY CITY",-122.46568298339844,37.669158935546875
94393934,2024,2024-09-13,9330,2024-09-03,1710,019764,,2,2,9,4100,0,1,3,,1,021,"SR-84 ( LA HONDA RD.)","HILDEBRAND RD.",3696.00,E,N,A,-,N,,,,,,,,,,Y,2,0,1,3,A,-,08,22107,,N,B,C,A,A,H,-,A,D,0,,,Y,,Y,,C,02,1,0,0,0,0,0,0,0,1,"- ","- ",37.333038330078125,-122.27139282226562,"SAN MATEO",UNINCORPORATED,-122.27042388916016,37.333511352539062
94399315,2024,2024-09-18,9330,2024-09-04,1615,023640,,3,2,9,4100,0,3,5,,2,406,"HARBOR BLVD","US-101 S/B",189.00,W,N,A,-,N,,,,,,,,,,N,2,0,1,2,A,-,09,21804,B,F,D,2,A,A,H,-,A,D,0,,,Y,,Y,,A,07,1,0,0,0,0,0,0,0,1,"- ","- ",37.521820068359375,-122.26650238037109,"SAN MATEO",UNINCORPORATED,-122.26663970947266,37.522895812988281
9440794,2022,2022-05-10,4106,2022-03-25,2222,2151,4,5,5,6,4106,0,0,0,,0,003,"MISSION ST","HILLCREST DR",0.00,,Y,A,-,Y,SM,4,82,-,-,24.910,I,5,S,N,2,0,2,2,A,-,09,21801,,N,D,C,A,A,H,-,C,A,0,,,,,Y,,D,22,1,0,1,0,0,0,0,0,0,"- ","- ",37.705600738525391,-122.46163177490234,"SAN MATEO","DALY CITY",-122.46183013916016,37.705684661865234
94418669,2023,2025-01-08,9330,2023-10-12,2155,023251,,4,2,9,4100,0,3,5,,2,002,"PESCADERO CREEK ROAD",SR-1,0.00,,Y,A,-,Y,,,,,,,,,,Y,1,1,2,1,A,-,01,23152,A,N,E,8,A,A,H,-,C,A,0,,,,,Y,Y,A,01,0,0,2,0,0,0,0,0,0,"- ","- ",37.259799957275391,-122.41358184814453,"SAN MATEO",UNINCORPORATED,-122.41316986083984,37.259693145751953
94423766,2024,2024-10-09,9330,2024-08-19,1215,023696,,1,1,5,4113,0,1,2,,2,048,"US-101 SB","SR-84 (WOODSIDE ROAD)",1954.00,N,N,A,-,Y,SM,,101," "," ",5.783,H,,L,Y,2,0,1,1,A,-,07,21658,A,N,E,8,A,A,H,-,A,D,0,,,,,Y,,A,08,1,0,0,0,0,0,0,0,0,"- ","- ",37.491390228271484,-122.21910095214844,"SAN MATEO","REDWOOD CITY",-122.21915435791016,37.491310119628906
94425410,2024,2024-10-09,9330,2024-09-15,"850 ",023254,,7,1,9,4100,0,1,1,,2,054,"I-280 S/B","ALPINE ROAD",0.00,,Y,A,-,N,,,,,,,,,,N,2,0,1,2,A,-,09,21803,A,N,H,G,A,A,H,-,A,A,0,,Y,,,Y,,A,07,1,0,0,0,0,0,1,0,0,"- ","- ",37.407958984375,-122.19497680664062,"SAN MATEO",UNINCORPORATED,-122.19483947753906,37.409049987792969
94439469,2024,2024-10-21,9330,2024-05-14,1550,023696,,2,2,5,4113,0,3,5,,2,505,"MIDDLEFIELD ROAD","2ND AVE",0.00,,Y,A,-,N,,,,,,,,,,N,2,0,1,2,A,-,09,21800,A,F,D,G,A,A,H,-,A,D,0,,Y,,,Y,,-,99,1,0,0,0,0,0,1,0,0,"- ","- ",37.473701477050781,-122.20693206787109,"SAN MATEO","REDWOOD CITY",-122.20697021484375,37.473739624023438
94441189,2024,2024-10-22,9330,2024-07-29,2500,022344,,1,4,5,4116,0,1,3,,2,031,"US-101 N/B FROM SR-92 E/B",SR-92,100.00,S,N,B,-,Y,SM,,92," ",R,12.207,H,,R,Y,1,1,0,1,A,-,08,22107,,N,E,8,A,A,H,-,B,D,0,,,,,Y,Y,A,01,0,0,0,0,0,0,0,0,0,"- ","- ",37.55303955078125,-122.29453277587891,"SAN MATEO","SAN MATEO",-122.29458618164062,37.553226470947266
94454856,2024,2024-11-01,9335,2024-01-08,"240 ",023366,,1,3,6,4106,0,1,1,,2,021,"I-280 S/B","JOHN DALY BOULEVARD",1848.00,S,N,A,-,Y,SM,,280," ",R,26.793,H,,L,Y,1,2,0,2,A,-,05,21651,B,N,A,C,A,A,H,-,D,D,0,,,,,Y,Y,A,01,0,0,0,0,0,0,0,0,0,"- ","- ",37.699680328369141,-122.47164916992188,"SAN MATEO","DALY CITY",-122.47173309326172,37.699672698974609
94454944,2024,2024-11-01,9335,2024-03-14,"417 ",023483,,4,3,6,4106,0,1,1,,2,021,"I-280 N/B","JOHN DALY BLVD",2200.00,S,N,A,-,Y,SM,,280," ",R,26.765,H,,R,Y,1,1,0,2,A,-,11,21954,A,N,G,B,E,A,H,-,C,D,0,Y,,,,Y,Y,N,60,0,0,0,1,0,0,0,0,0,"- ","- ",37.699359893798828,-122.47123718261719,"SAN MATEO","DALY CITY",-122.47137451171875,37.699356079101562
94457625,2024,2024-11-04,9330,2024-10-19,1510,023032,,6,2,9,4100,0,1,3,,1,021,SR-84,"SEQUOIA AVENUE",5280.00,E,N,A,-,Y,SM,,84," "," ",13.678,H,,R,N,2,0,1,1,A,-,03,22350,,N,F,A,A,A,H,-,A,D,0,,,Y,,Y,,C,02,1,0,0,0,0,0,0,0,1,"- ","- ",37.371818542480469,-122.26284027099609,"SAN MATEO",UNINCORPORATED,-122.26278686523438,37.371822357177734
94505509,2024,2024-12-16,9330,2024-04-05,"25  ",023265,,5,3,9,4100,0,1,1,,2,044,"I-280 S/B TO GATE",GATE,104.00,N,N,B,-,Y,SM,,280," "," ",9.432,H,,L,Y,1,1,0,1,A,-,08,22107,,N,E,I,A,B,H,-,D,A,0,,,,,Y,,A,01,0,0,0,0,0,0,0,0,0,"- ","- ",37.498321533203125,-122.31655883789062,"SAN MATEO",UNINCORPORATED,-122.31638336181641,37.498531341552734
94514218,2024,2024-12-23,9330,2024-12-11,"612 ",021648,,3,1,9,4100,0,1,3,,1,020,SR-1,"ROSSI ROAD",582.00,N,N,A,-,Y,SM,,1," "," ",4.397,H,,R,N,2,0,1,1,C,-,18,,,N,H,H,A,A,G,-,A,D,0,,,,,Y,,-,"- ",1,0,0,0,0,0,0,0,0,"- ","- ",37.150108337402344,-122.34886169433594,"SAN MATEO",UNINCORPORATED,-122.34874725341797,37.15020751953125
94516841,2024,2024-12-26,9330,2024-08-20,1846,023974,,2,2,5,4116,0,1,2,,2,038,"US-101 S/B","POPLAR AVENUE",739.00,N,N,A,-,Y,SM,,101," "," ",14.471,H,,L,N,2,0,2,2,A,-,03,22350,,M,C,C,A,A,H,-,A,D,0,,,,,Y,,A,07,1,1,0,0,0,0,0,0,0,"- ","- ",37.581829071044922,-122.32621002197266,"SAN MATEO","SAN MATEO",-122.32612609863281,37.581886291503906
94544975,2025,2025-01-21,9330,2025-01-12,1350,023011,,7,1,4,4120,0,1,3,,1,035,"SR-92 W/B","FOSTER CITY BLVD",20064.00,E,N,A,-,Y,SM,,92," ",R,17.428,H,,L,Y,2,0,1,1,A,-,08,22107,,N,E,8,A,A,H,-,A,D,0,,,,,Y,,A,01,1,0,0,0,0,0,0,0,0,"- ","- ",37.597480773925781,-122.22074127197266,"SAN MATEO","FOSTER CITY",-122.22077941894531,37.597557067871094
94546584,2024,2025-01-22,9330,2024-10-02,1917,023974,,3,2,5,4113,0,1,2,,2,048,"US-101 N/B","MAPLE STREET",85.00,S,N,A,-,Y,SM,,101," "," ",5.791,H,,R,Y,2,0,2,2,C,-,18,,,N,C,2,A,A,H,-,C,D,0,,,,,Y,Y,-,"- ",1,1,0,0,0,0,0,0,0,"- ","- ",37.491500854492188,-122.21916198730469,"SAN MATEO","REDWOOD CITY",-122.21915435791016,37.491508483886719
94563041,2025,2025-02-04,9335,2025-01-22,1825,023121,,3,2,9,4100,0,1,2,,2,011,"US-101 NORTHBOUND","SAN BRUNO AVENUE",420.00,S,N,A,-,Y,SM,,101," ",R,20.297,H,,R,Y,2,0,4,4,A,-,03,22350,,N,C,C,A,A,H,-,C,D,0,,,,,Y,,D,22,1,1,2,0,0,0,0,0,0,"- ","- ",37.630081176757812,-122.40249633789062,"SAN MATEO",UNINCORPORATED,-122.40244293212891,37.630084991455078
94579043,2025,2025-02-13,9330,2025-02-07,1415,023011,,5,2,9,4100,0,1,3,,2,042,"SR-35 (SKYLINE BOULEVARD)","MISTY RIDGE ROAD",400.00,S,N,B,C,Y,SM,,35," "," ",19.986,H,,R,Y,2,0,1,1,A,-,03,22350,,N,E,8,A,B,H,-,A,D,0,,,,,Y,,A,07,1,0,0,0,0,0,0,0,0,"- ","- ",37.464008331298828,-122.34586334228516,"SAN MATEO",UNINCORPORATED,-122.34591674804688,37.463996887207031
94579590,2025,2025-02-14,9335,2025-02-04,"30  ",024179,,2,3,6,4106,0,1,1,,2,021,"I-280 N/B","SERRAMONTE BOULEVARD U/C",546.00,S,N,B,C,Y,SM,,280," ",R,24.523,H,,R,Y,2,0,1,1,A,-,08,22107,,N,E,8,A,B,H,-,D,D,0,,,,,Y,,A,01,1,0,0,0,0,0,0,0,0,"- ","- ",37.668159484863281,-122.46571350097656,"SAN MATEO","DALY CITY",-122.46559143066406,37.668159484863281
94587302,2025,2025-02-24,9330,2025-02-14,1701,023587,,5,2,9,4100,0,1,3,,1,020,"SR-1(CABRILLO HIGHWAY)","PIGEON POINT ROAD (NORTHERN END)",0.00,,Y,A,-,Y,SM,,1," "," ",7.975,H,,R,Y,2,0,2,2,A,-,09,21801,A,N,A,C,A,A,H,-,A,D,0,,,,,Y,Y,A,07,1,0,1,0,0,0,0,0,0,"- ","- ",37.184638977050781,-122.3905029296875,"SAN MATEO",UNINCORPORATED,-122.39051818847656,37.184616088867188
94589758,2025,2025-02-25,9330,2025-01-28,1645,016184,,2,2,9,4100,0,3,5,,2,509,"ALAMEDA DE LAS PULGAS","CAMINO DE LOS ROBLES",0.00,,Y,A,-,N,,,,,,,,,,N,2,0,1,2,A,-,09,21801,A,F,H,6,A,A,H,-,A,A,0,,Y,,,Y,,A,07,1,0,0,0,0,0,1,0,0,"- ","- ",37.434909820556641,-122.20758819580078,"SAN MATEO",UNINCORPORATED,-122.20758819580078,37.434860229492188
94590388,2023,2025-02-26,9330,2023-11-24,1405,023032,,5,2,9,4100,0,1,3,,1,020,"SR-1 (CABRILLO HIGHWAY)","STAGE ROAD",881.00,N,N,A,-,Y,SM,,1," "," ",19.592,H,,R,Y,1,1,1,3,A,-,01,23152,A,N,H,6,A,A,H,-,A,D,0,,Y,,,Y,Y,A,07,1,0,0,0,0,0,1,0,0,"- ","- ",37.339900970458984,-122.39478302001953,"SAN MATEO",UNINCORPORATED,-122.39482116699219,37.339893341064453
9460295,2022,2022-06-27,4111,2022-05-19,1630,P5164,P05,4,5,4,4111,0,0,0,,0,0P1,"MANOR DR","CLARIDGE DR",192.00,W,N,A,-,N,,,,,,,,,,N,2,0,1,2,A,-,11,21954,A,F,G,B,E,A,H,-,A,D,0,Y,,,,Y,,N,60,1,0,0,0,1,0,0,0,0,"- ","- ",,,"SAN MATEO",PACIFICA,-122.47197723388672,37.645816802978516
94603858,2025,2025-03-18,9330,2025-02-28,2100,024224,,5,2,9,4100,0,1,3,,1,020,"SR-1 S/B","MARTIN'S BEACH ROAD",755.00,S,N,A,-,Y,SM,,1," "," ",22.205,H,,L,N,2,0,1,1,A,-,01,23152,A,N,E,8,A,B,H,-,D,D,0,,,,,Y,Y,D,22,1,0,0,0,0,0,0,0,0,"- ","- ",37.374538421630859,-122.40383911132812,"SAN MATEO",UNINCORPORATED,-122.40377807617188,37.374542236328125
94604479,2025,2025-03-18,9335,2025-03-03,"715 ",018804,,1,1,4,4114,0,1,2,,2,012,"US-101 N/B","SAN BRUNO AVE.",291.00,N,N,A,-,Y,SM,,101," ",R,20.451,H,,R,N,2,0,1,2,A,-,03,22350,,N,C,C,A,A,H,-,A,D,0,,,,,Y,,A,07,1,0,0,0,0,0,0,0,0,"- ","- ",37.632301330566406,-122.40280151367188,"SAN MATEO","SAN BRUNO",-122.40272521972656,37.632305145263672
9462606,2022,2022-07-22,4120,2022-05-22,2316,211,9,7,5,4,4120,0,0,0,,0,00Y,"RT 92","EMERALD BAY LN",7.00,E,N,A,-,Y,SM,4,92,-,R,12.801,R,4,E,Y,2,0,1,1,A,-,01,23152,A,N,E,I,A,A,H,-,C,A,0,,,,,Y,Y,A,01,1,0,0,0,0,0,0,0,0,"- ","- ",37.555038452148438,-122.28111267089844,"SAN MATEO","FOSTER CITY",-122.28472900390625,37.556571960449219
94632899,2025,2025-04-01,9330,2025-03-22,1240,021339,,6,1,5,4116,0,1,2,,2,048,"US-101 S/B",SR-92,490.00,S,N,A,-,Y,SM,,101," "," ",11.771,H,,L,N,2,0,1,2,A,-,07,21658,A,N,B,C,A,A,H,-,A,D,0,,,Y,,Y,,C,02,1,0,0,0,0,0,0,0,1,"- ","- ",37.551769256591797,-122.29489135742188,"SAN MATEO","SAN MATEO",-122.29483032226562,37.551803588867188
94638176,2025,2025-04-04,9330,2025-03-23,2340,023570,,7,3,9,4100,0,1,3,,1,011,SR-92,"PILARCITOS CREEK",300.00,E,N,A,-,Y,SM,,92," "," ",3.286,H,,R,Y,2,0,1,2,A,-,01,23152,A,N,B,C,A,A,H,-,D,D,0,,,,,Y,Y,A,07,1,0,0,0,0,0,0,0,0,"- ","- ",37.492290496826172,-122.38590240478516,"SAN MATEO",UNINCORPORATED,-122.38592529296875,37.492321014404297
94650755,2025,2025-04-15,9330,2025-04-01,1010,021648,,2,1,9,4100,0,1,3,,1,011,"SR-92 E/B",SR-35,2640.00,W,N,C,-,Y,SM,,92," "," ",4.547,H,,R,N,2,0,1,1,A,-,08,22107,,N,E,I,A,B,H,-,A,D,0,,,,,Y,,-,"- ",1,0,0,0,0,0,0,0,0,"- ","- ",37.487438201904297,-122.37027740478516,"SAN MATEO",UNINCORPORATED,-122.37037658691406,37.487403869628906
94656332,2025,2025-04-21,9330,2025-04-10,2300,023664,,4,3,4,4109,0,1,2,,2,058,"US-101 N/B","MARSH RD",36.00,S,N,A,-,Y,SM,,101," "," ",3.583,H,,R,N,2,0,1,2,A,-,07,21658,A,F,B,C,A,C,H,-,C,D,0,,,Y,,Y,Y,C,02,1,0,0,0,0,0,0,0,1,"- ","- ",37.483428955078125,-122.18038940429688,"SAN MATEO","MENLO PARK",-122.18043518066406,37.483356475830078
94686000,2025,2025-07-07,9330,2025-04-22,1737,024443,,2,2,9,4100,0,3,5,,2,004,"CANADA ROAD","EDGEWOOD ROAD",1040.00,S,N,A,-,N,,,,,,,,,,Y,2,0,1,3,A,-,01,23152,A,N,D,6,A,A,H,-,A,D,0,,Y,,,Y,,D,22,1,0,0,0,0,0,1,0,0,"- ","- ",37.461738586425781,-122.29537200927734,"SAN MATEO",UNINCORPORATED,-122.29541015625,37.461788177490234
9468819,2023,2023-09-13,4106,2023-07-26,1418,2146,12,3,5,6,4106,0,0,0,,0,005,"EASTMOOR AV","SULLIVAN AV",0.00,,Y,A,-,N,,,,,,,,,,N,2,0,1,2,A,-,06,21750,A,N,B,C,A,A,H,-,A,D,0,,,Y,,Y,,C,02,1,0,0,0,0,0,0,0,1,"- ","- ",37.684581756591797,-122.47355651855469,"SAN MATEO","DALY CITY",-122.47223663330078,37.684494018554688
94694131,2024,2025-05-20,9330,2024-11-12,2138,023274,,2,2,5,4113,0,3,5,,2,505,"BAY RD","SPRING ST",15.00,N,N,A,-,N,,,,,,,,,,N,2,0,1,2,A,-,03,22350,,F,G,G,A,A,H,-,C,D,0,,Y,,,Y,,-,99,1,0,0,0,0,0,1,0,0,"- ","- ",37.478519439697266,-122.19065093994141,"SAN MATEO","REDWOOD CITY",-122.19008636474609,37.478321075439453
94700087,2024,2025-05-26,9335,2024-12-10,"441 ",022596,,2,3,5,4117,0,1,2,,2,012,"US-101 N/B","S. AIRPORT BOULEVARD UNDERCROSSING",1848.00,S,N,A,-,Y,SM,,101," "," ",21.346,H,,R,N,1,1,0,3,A,-,11,21954,A,F,G,B,E,A,H,-,C,D,0,Y,,,,Y,,N,60,0,0,0,1,0,0,0,0,0,"- ","- ",37.644931793212891,-122.40612030029297,"SAN MATEO","SOUTH SAN FRANCISCO",-122.40618133544922,37.644927978515625
94704004,2025,2025-05-28,9330,2025-05-18,1145,023975,,7,1,9,4100,0,1,3,,1,021,"SR-84 W/B","BEAR GULCH ROAD",311.00,W,N,A,-,N,,,,,,,,,,N,2,0,3,2,A,-,03,22350,,N,B,C,A,A,H,-,A,D,0,,,Y,,Y,,C,02,1,0,2,0,0,0,0,0,1,"- ","- ",37.32720947265625,-122.35382843017578,"SAN MATEO",UNINCORPORATED,-122.3538818359375,37.327171325683594
94708647,2024,2025-06-02,9335,2024-11-28,2245,023044,,4,3,6,4106,0,1,1,,2,021,"I-280 NORTHBOUND","SOUTHGATE AVENUE",201.00,S,N,A,-,Y,SM,,280," ",R,25.006,H,,R,Y,1,1,2,2,A,-,03,22350,,N,C,C,A,A,H,-,C,D,0,,,,,Y,,A,07,2,0,0,0,0,0,0,0,0,"- ","- ",37.674591064453125,-122.46890258789062,"SAN MATEO","DALY CITY",-122.46897125244141,37.674556732177734
94717477,2025,2025-06-09,9330,2025-06-07,2230,024137,,6,3,4,4109,0,1,2,,2,058,"US-101 S/B","WILLOW ROAD",2107.00,S,N,A,-,Y,SM,,101," "," ",1.451,H,,L,Y,2,0,2,1,A,-,01,23152,A,N,E,8,A,A,H,-,D,D,0,,,,,Y,Y,A,01,1,0,1,0,0,0,0,0,0,"- ","- ",37.465068817138672,-122.14920043945312,"SAN MATEO","MENLO PARK",-122.14912414550781,37.46514892578125
94744346,2025,2025-06-30,9330,2025-06-18,1745,022837,,3,2,5,4116,0,1,3,,2,031,"SR-92 E/B","US-101 N/B",845.00,W,N,A,-,Y,SM,,92," ",R,11.955,H,,R,Y,2,0,1,2,A,-,03,22350,,N,B,C,A,A,H,-,B,D,0,,,,,Y,,A,01,1,0,0,0,0,0,0,0,0,"- ","- ",37.552619934082031,-122.29914855957031,"SAN MATEO","SAN MATEO",-122.29914855957031,37.552604675292969
94776085,2024,2025-07-24,9330,2024-05-14,2205,023165,,2,3,9,4100,0,1,1,,2,044,"I-280 S/B","EDGEWOOD ROAD",1320.00,S,N,A,-,Y,SM,,280," ",R,6.023,H,,L,Y,1,1,2,6,A,-,03,22350,,N,C,C,E,A,H,-,D,D,0,Y,,,,Y,Y,A,07,1,1,0,1,1,0,0,0,0,"- ","- ",37.453510284423828,-122.28385925292969,"SAN MATEO",UNINCORPORATED,-122.28383636474609,37.453533172607422
9479271,2022,2022-08-17,4113,2022-07-14,2237,478,6,4,5,5,4113,0,0,0,,0,006,"EL CAMINO REAL","VERA AV",70.00,S,N,A,-,N,,,,,,,,,,N,2,0,1,3,A,-,01,23140,A,N,B,D,A,A,H,-,B,D,0,,,,,Y,Y,A,01,1,0,0,0,0,0,0,0,0,"- ","- ",37.479850769042969,-122.22685241699219,"SAN MATEO","REDWOOD CITY",-122.22673797607422,37.480007171630859
9479272,2022,2022-08-17,4113,2022-07-14,1200,351,4,4,5,5,4113,0,0,0,,0,004,"MIDDLEFIELD RD","WILLOW ST",0.00,,Y,A,-,N,,,,,,,,,,Y,2,0,2,2,A,-,09,21803,A,N,A,C,A,A,H,-,A,A,0,,,,,Y,,A,01,1,1,0,0,0,0,0,0,0,"- ","- ",37.480121612548828,-122.21705627441406,"SAN MATEO","REDWOOD CITY",-122.21704864501953,37.4801025390625