CASE_ID,ACCIDENT_YEAR,PROC_DATE,JURIS,COLLISION_DATE,COLLISION_TIME,OFFICER_ID,REPORTING_DISTRICT,DAY_OF_WEEK,CHP_SHIFT,POPULATION,CNTY_CITY_LOC,SPECIAL_COND,BEAT_TYPE,CHP_BEAT_TYPE,CITY_DIVISION_LAPD,CHP_BEAT_CLASS,BEAT_NUMBER,PRIMARY_RD,SECONDARY_RD,DISTANCE,DIRECTION,INTERSECTION,WEATHER_1,WEATHER_2,STATE_HWY_IND,CALTRANS_COUNTY,CALTRANS_DISTRICT,STATE_ROUTE,ROUTE_SUFFIX,POSTMILE_PREFIX,POSTMILE,LOCATION_TYPE,RAMP_INTERSECTION,SIDE_OF_HWY,TOW_AWAY,COLLISION_SEVERITY,NUMBER_KILLED,NUMBER_INJURED,PARTY_COUNT,PRIMARY_COLL_FACTOR,PCF_CODE_OF_VIOL,PCF_VIOL_CATEGORY,PCF_VIOLATION,PCF_VIOL_SUBSECTION,HIT_AND_RUN,TYPE_OF_COLLISION,MVIW,PED_ACTION,ROAD_SURFACE,ROAD_COND_1,ROAD_COND_2,LIGHTING,CONTROL_DEVICE,CHP_ROAD_TYPE,PEDESTRIAN_ACCIDENT,BICYCLE_ACCIDENT,MOTORCYCLE_ACCIDENT,TRUCK_ACCIDENT,NOT_PRIVATE_PROPERTY,ALCOHOL_INVOLVED,STWD_VEHTYPE_AT_FAULT,CHP_VEHTYPE_AT_FAULT,COUNT_SEVERE_INJ,COUNT_VISIBLE_INJ,COUNT_COMPLAINT_PAIN,COUNT_PED_KILLED,COUNT_PED_INJURED,COUNT_BICYCLIST_KILLED,COUNT_BICYCLIST_INJURED,COUNT_MC_KILLED,COUNT_MC_INJURED,PRIMARY_RAMP,SECONDARY_RAMP,LATITUDE,LONGITUDE,COUNTY,CITY,POINT_X,POINT_Y
9480851,2022,2022-09-08,4127,2022-06-06,2231,2242,4127,1,5,4,4127,0,0,0,,0,003,"CYPRESS ST",PULGAS,606.00,S,N,A,-,N,,,,,,,,,,N,2,0,1,2,A,-,03,22350,,F,D,C,A,A,H,-,C,D,0,,,,,Y,,A,01,1,0,0,0,0,0,0,0,0,"- ","- ",,,"SAN MATEO","EAST PALO ALTO",-122.13020324707031,37.465961456298828
94827183,2024,2025-09-02,9330,2024-11-03,1110,023256,,7,1,9,4100,0,1,3,,2,052,"SR-35 N/B","PAGE MILL ROAD",1000.00,N,N,A,-,Y,SM,,35," "," ",3.700,H,,R,Y,1,1,0,1,A,-,03,22350,,N,E,8,A,A,H,-,A,D,0,,,Y,,Y,,C,02,0,0,0,0,0,0,0,1,0,"- ","- ",37.319278717041016,-122.19377899169922,"SAN MATEO",UNINCORPORATED,-122.19382476806641,37.319187164306641
9486205,2022,2022-09-16,4113,2022-08-29,1700,495,5,1,5,5,4113,0,0,0,,0,005,"KENTFIELD AV","WOODSIDE RD",0.00,,Y,A,-,N,,,,,,,,,,N,2,0,1,2,A,-,10,21950,,N,G,B,B,A,H,-,A,A,0,Y,,,,Y,,A,07,1,0,0,0,1,0,0,0,0,"- ","- ",37.462699890136719,-122.22499847412109,"SAN MATEO","REDWOOD CITY",-122.22511291503906,37.462741851806641
9486206,2022,2022-09-16,4113,2022-08-23,1746,415,2,2,5,5,4113,0,0,0,,0,002,"WHIPPLE AV","VETERANS BL",0.00,,Y,A,-,N,,,,,,,,,,N,2,0,1,2,A,-,10,21950,A,N,G,B,B,A,H,-,A,A,0,Y,,,,Y,,A,01,1,0,0,0,1,0,0,0,0,"- ","- ",37.494678497314453,-122.23441314697266,"SAN MATEO","REDWOOD CITY",-122.23451995849609,37.494548797607422
9497769,2022,2022-09-19,4104,2022-08-15,1841,0265,6,1,5,4,4104,0,0,0,,0,00A,"ROLLINS RD","TOYON DR",916.00,N,N,A,-,N,,,,,,,,,,Y,2,0,1,2,A,-,03,22350,,N,E,I,A,A,H,-,A,D,0,,,Y,,Y,,C,02,1,0,0,0,0,0,0,0,1,"- ","- ",37.587409973144531,-122.35605621337891,"SAN MATEO",BURLINGAME,-122.35894775390625,37.58837890625
9497770,2022,2022-09-19,4104,2022-08-23,1229,0237,5,2,5,4,4104,0,0,0,,0,00A,"PALM DR","FARRINGDON LN",0.00,,Y,A,-,N,,,,,,,,,,N,2,0,1,2,A,-,12,22450,A,N,H,G,A,A,H,-,A,A,0,,,,,Y,,-,,1,0,0,0,0,0,0,0,0,"- ","- ",37.582248687744141,-122.35569000244141,"SAN MATEO",BURLINGAME,-122.35568237304688,37.582271575927734
9500973,2022,2022-10-13,4106,2022-08-09,1816,2104,12,2,5,6,4106,0,0,0,,0,005,"SOUTHGATE AV","SAINT FRANCIS BL",0.00,,Y,A,-,N,,,,,,,,,,N,2,0,2,3,A,-,10,21950,A,N,G,B,B,A,H,-,A,A,0,Y,,,,Y,,A,07,1,1,0,0,2,0,0,0,0,"- ","- ",37.675868988037109,-122.47959136962891,"SAN MATEO","DALY CITY",-122.47957611083984,37.675853729248047
9502751,2022,2022-09-19,4106,2022-07-30,2345,2155,5,6,5,6,4106,0,0,0,,0,003,"SAN PEDRO RD","WASHINGTON ST",0.00,,Y,E,-,N,,,,,,,,,,Y,2,0,2,2,A,-,00,21451,,N,D,C,A,B,H,-,C,A,0,,,,,Y,,-,,1,1,0,0,0,0,0,0,0,"- ","- ",37.687839508056641,-122.46871948242188,"SAN MATEO","DALY CITY",-122.46823120117188,37.68780517578125
9503563,2022,2022-10-20,4103,2022-07-30,1256,SE450,1,6,5,2,4103,0,0,0,,0,00U,"GUADALUPE CANYON PKWY","CARTER ST",500.00,E,N,A,-,N,,,,,,,,,,N,2,0,2,2,A,-,03,22350,A,N,H,G,A,A,H,-,A,D,0,,Y,,,Y,,L,04,1,0,1,0,0,0,2,0,0,"- ","- ",37.699161529541016,-122.42108154296875,"SAN MATEO",BRISBANE,-122.41937255859375,37.69903564453125
9504026,2022,2022-10-06,4127,2022-04-25,0509,2242,4127,1,5,4,4127,0,0,0,,0,001,"EAST BAYSHORE RD","OAKWOOD DR",0.00,,Y,A,-,N,,,,,,,,,,Y,1,1,0,2,A,-,11,21954,A,N,G,B,D,A,H,-,C,D,0,Y,,,,Y,,N,60,0,0,0,1,0,0,0,0,0,"- ","- ",,,"SAN MATEO","EAST PALO ALTO",-122.14778900146484,37.464839935302734
9505760,2022,2022-11-08,4113,2022-08-26,1130,433,8,5,5,5,4113,0,0,0,,0,008,"WOODSIDE RD","KENTUCKY ST",78.00,E,N,A,-,N,,,,,,,,,,Y,2,0,1,2,A,-,03,22350,,N,C,C,A,A,H,-,A,D,0,,,Y,,Y,,C,02,1,0,0,0,0,0,0,0,1,"- ","- ",37.455379486083984,-122.22799682617188,"SAN MATEO","REDWOOD CITY",-122.22837066650391,37.455562591552734
9511173,2022,2023-02-01,4106,2022-12-03,2058,2135,8,6,5,6,4106,0,0,0,,0,004,"JOHN DALY BL","PONCETTA DR",302.00,E,N,A,-,N,,,,,,,,,,Y,2,0,7,2,A,-,08,22107,,N,A,C,A,B,H,-,C,D,0,,,,,Y,,-,,1,4,2,0,0,0,0,0,0,"- ","- ",37.704071044921875,-122.47554016113281,"SAN MATEO","DALY CITY",-122.47455596923828,37.704334259033203
9516641,2022,2022-12-13,4108,2022-03-01,0810,9860,3,2,5,3,4108,0,0,0,,0,0SS,"STONEHEDGE RD","UPLANDS RD",0.00,,Y,A,-,N,,,,,,,,,,N,2,0,1,2,A,-,17,21228,,N,A,C,A,A,H,-,A,A,0,,,,,Y,,-,,1,0,0,0,0,0,0,0,0,"- ","- ",37.560398101806641,-122.33209228515625,"SAN MATEO",HILLSBOROUGH,-122.33268737792969,37.560394287109375
9519627,2023,2023-02-17,4120,2023-01-01,1512,231,3,7,5,4,4120,0,0,0,,0,00X,"MARLIN AV","POMPANO CIR",0.00,,Y,A,-,N,,,,,,,,,,Y,2,0,1,2,A,-,07,21658,A,N,C,E,A,A,H,-,A,D,0,,,,,Y,,A,01,1,0,0,0,0,0,0,0,0,"- ","- ",37.558769226074219,-122.52339172363281,"SAN MATEO","FOSTER CITY",-122.25325775146484,37.559089660644531
9520094,2022,2023-02-09,4113,2022-10-23,1111,467,8,7,5,5,4113,0,0,0,,0,008,"FARM HILL BL","EDEN BOWER LN",0.00,,Y,A,-,N,,,,,,,,,,N,1,1,0,1,D,-,00,,,N,H,G,A,A,H,-,A,D,0,,Y,,,Y,,-,"- ",0,0,0,0,0,1,0,0,0,"- ","- ",37.451358795166016,-122.26010131835938,"SAN MATEO","REDWOOD CITY",-122.26014709472656,37.451358795166016
9520859,2023,2025-06-25,4117,2023-03-18,2336,19JH01,08AH,6,5,5,4117,0,0,0,,0,001,"GRAND AV","SPRUCE ST",128.00,E,N,B,-,N,,,,,,,,,,N,1,1,0,3,A,-,05,21650,,F,H,G,A,A,H,-,C,D,0,,Y,,,Y,Y,A,01,0,0,0,0,0,1,0,0,0,"- ","- ",37.656089782714844,-122.41545104980469,"SAN MATEO","SOUTH SAN FRANCISCO",-122.41559600830078,37.656375885009766
9523247,2022,2023-01-24,4106,2022-10-26,1257,2154,1,3,5,6,4106,0,0,0,,0,001,"GENEVA AV","SCHWERIN AV",0.00,,Y,A,-,N,,,,,,,,,,Y,2,0,2,3,A,-,09,21801,A,N,E,I,A,A,H,-,A,A,0,,,,,Y,,I,20,1,0,1,0,0,0,0,0,0,"- ","- ",37.706451416015625,-122.41319274902344,"SAN MATEO","DALY CITY",-122.41324615478516,37.706329345703125
9524899,2022,2022-12-15,4102,2022-11-09,1439,26,1,3,5,4,4102,0,0,0,,0,001,"OLD COUNTY RD","RALSTON AV",300.00,S,N,A,-,N,,,,,,,,,,N,2,0,1,2,A,-,08,22107,,N,B,C,A,A,H,-,A,D,0,,,Y,,Y,,C,03,1,0,0,0,0,0,0,0,1,"- ","- ",37.520309448242188,-122.27446746826172,"SAN MATEO",BELMONT,-122.27455902099609,37.520401000976562
9524933,2022,2022-12-07,4113,2022-10-15,2300,461,11,6,5,5,4113,0,0,0,,0,023,BROADWAY,"WINSLOW ST",0.00,,Y,A,-,N,,,,,,,,,,N,2,0,1,2,A,-,09,21801,A,N,A,C,A,A,H,-,C,A,0,,,Y,,Y,,A,01,1,0,0,0,0,0,0,0,1,"- ","- ",37.486400604248047,-122.23107147216797,"SAN MATEO","REDWOOD CITY",-122.23107147216797,37.486385345458984
9524936,2022,2022-12-07,4113,2022-10-16,0028,487,5,7,5,5,4113,0,0,0,,0,005,"WOODSIDE RD","VALOTA RD",488.00,E,N,A,-,N,,,,,,,,,,N,2,0,1,2,A,-,06,21760,B,F,H,G,A,A,H,-,C,D,0,,Y,,,Y,Y,-,,1,0,0,0,0,0,1,0,0,"- ","- ",37.468341827392578,-122.23053741455078,"SAN MATEO","REDWOOD CITY",-122.22556304931641,37.4609375
9529261,2022,2022-11-17,4106,2022-07-31,2358,2189,5,7,5,6,4106,0,0,0,,0,003,"JUNIPERO SERRA BL","SAN PEDRO RD",0.00,,Y,A,-,N,,,,,,,,,,Y,2,0,1,2,A,-,11,21456,B,F,G,B,E,A,H,-,C,A,0,Y,,,,Y,Y,N,60,1,0,0,0,1,0,0,0,0,"- ","- ",37.685710906982422,-122.47077941894531,"SAN MATEO","DALY CITY",-122.47075653076172,37.685672760009766
9537007,2022,2022-12-09,4111,2022-10-24,0058,P5163,P09,1,5,4,4111,0,0,0,,0,0P2,"SHARP PARK RD","GYPSY HILL RD",1207.00,W,N,A,-,N,,,,,,,,,,Y,2,0,1,1,A,-,03,22350,,N,H,H,A,A,H,-,C,D,0,,,Y,,Y,,C,02,1,0,0,0,0,0,0,0,1,"- ","- ",,,"SAN MATEO",PACIFICA,-122.47920989990234,37.627132415771484
9543056,2022,2023-01-13,4106,2022-11-13,0839,2200,14,7,5,6,4106,0,0,0,,0,006,"GELLERT BL","KING DR",30.00,W,N,A,-,N,,,,,,,,,,Y,2,0,3,2,A,-,12,22450,A,N,D,C,A,A,H,-,A,A,0,,,,,Y,,A,01,1,2,0,0,0,0,0,0,0,"- ","- ",37.650531768798828,-122.45571899414062,"SAN MATEO","DALY CITY",-122.45576477050781,37.650550842285156
9548481,2023,2023-02-22,4127,2023-01-20,2204,2268,4127,5,5,4,4127,0,0,0,,0,001,"EAST BAYSHORE RD","DUMBARTON AV",0.00,,Y,A,-,N,,,,,,,,,,N,2,0,1,2,A,-,08,22107,,F,H,G,A,A,H,-,C,D,0,,,,,Y,Y,A,07,1,0,0,0,0,0,0,0,0,"- ","- ",,,"SAN MATEO","EAST PALO ALTO",-122.14701080322266,37.464389801025391
9548910,2023,2023-03-01,4113,2023-01-19,1448,401,1,4,5,5,4113,0,0,0,,0,001,"SHEARWATER PKWY","KEECH DR",0.00,,Y,A,-,N,,,,,,,,,,N,2,0,1,3,A,-,00,20001,A,M,H,G,A,A,H,-,E,D,0,,Y,,,Y,,A,07,1,0,0,0,0,0,1,0,0,"- ","- ",37.543338775634766,-122.24413299560547,"SAN MATEO","REDWOOD CITY",-122.244140625,37.543399810791016
9553704,2023,2023-03-15,4120,2023-01-31,"752 ",P116,8,2,5,4,4120,0,0,0,,0,00Y,"BEACH PARK BL","EDGEWATER BL",0.00,,Y,A,-,N,,,,,,,,,,N,2,0,2,2,A,-,21,22106,,N,H,C,A,A,H,-,A,A,0,,,,,Y,,A,01,1,0,1,0,0,0,0,0,0,"- ","- ",37.545829772949219,-122.27227020263672,"SAN MATEO","FOSTER CITY",-122.27241516113281,37.545749664306641
9560634,2023,2023-04-27,4127,2023-03-03,1702,2247,4127,5,5,4,4127,0,0,0,,0,002,"CLARKE AV","RUNNYMEDE ST",0.00,,Y,A,-,N,,,,,,,,,,Y,2,0,2,2,A,-,03,22350,,N,D,C,A,A,H,-,A,D,0,,,Y,,Y,,C,02,1,0,1,0,0,0,0,0,1,"- ","- ",,,"SAN MATEO","EAST PALO ALTO",-122.13485717773438,37.46856689453125
9563973,2023,2023-04-12,4120,2023-02-06,"922 ",196,1,1,5,4,4120,0,0,0,,0,00X,"CIVIC CENTER DR","EPPLETON LN",50.00,W,N,A,-,N,,,,,,,,,,N,2,0,1,2,A,-,09,21804,,N,D,G,A,A,H,-,A,D,0,,Y,,,Y,,L,04,1,0,0,0,0,0,1,0,0,"- ","- ",37.558670043945312,-122.26973724365234,"SAN MATEO","FOSTER CITY",-122.26979064941406,37.558547973632812
9568273,2023,2023-05-08,4113,2023-01-23,1919,492,6,1,5,5,4113,0,0,0,,0,006,"EL CAMINO REAL","OAK AV",0.00,,Y,A,-,Y,SM,4,82,-,-,3.590,H,-,N,N,2,0,1,2,A,-,05,21650,,N,A,G,A,A,H,-,A,A,0,,Y,,,Y,,L,04,1,0,0,0,0,0,1,0,0,"- ","- ",37.47760009765625,-122.2244873046875,"SAN MATEO","REDWOOD CITY",-122.22383880615234,37.478000640869141
9578958,2023,2023-06-01,4106,2023-05-02,"824 ",2146,5,2,5,6,4106,0,0,0,,0,003,"SCHOOL ST","BRUNO AV",0.00,,Y,A,-,N,,,,,,,,,,N,2,0,1,2,A,-,10,21950,A,N,G,B,B,A,H,-,B,D,0,Y,,,,Y,,D,22,1,0,0,0,1,0,0,0,0,"- ","- ",37.693378448486328,-122.46591186523438,"SAN MATEO","DALY CITY",-122.46589660644531,37.693378448486328
9580789,2023,2023-06-26,4111,2023-05-31,"520 ",P5150,P02,3,5,4,4111,0,0,0,,0,0P1,"HICKEY BL","INVERNESS DR",616.00,E,N,A,-,N,,,,,,,,,,Y,2,0,2,2,A,-,05,21651,B,N,A,E,A,A,H,-,B,D,0,,,,,Y,,A,01,1,0,1,0,0,0,0,0,0,"- ","- ",,,"SAN MATEO",PACIFICA,-122.47887420654297,37.656185150146484
9585247,2023,2023-05-24,4106,2023-04-20,"730 ",2154,3,4,5,6,4106,0,0,0,,0,002,"SAN JOSE AV","BEPLER ST",9.00,N,N,A,-,N,,,,,,,,,,N,2,0,1,2,A,-,10,21950,A,N,G,B,B,A,H,-,A,A,0,Y,,,,Y,,A,01,1,0,0,0,1,0,0,0,0,"- ","- ",37.706188201904297,-122.46106719970703,"SAN MATEO","DALY CITY",-122.46111297607422,37.706268310546875
9592386,2023,2023-08-03,4106,2023-05-25,1534,2146,2,4,5,6,4106,0,0,0,,0,001,"ALTA VISTA WY","SOUTH HILL BL",0.00,,Y,A,-,N,,,,,,,,,,Y,2,0,1,3,A,-,03,22350,,N,B,C,A,A,H,-,A,D,0,,,,,Y,,A,01,1,0,0,0,0,0,0,0,0,"- ","- ",37.704071044921875,-122.44212341308594,"SAN MATEO","DALY CITY",-122.44210815429688,37.704086303710938
9601981,2023,2023-08-09,4127,2023-07-17,"221 ",2290,4127,1,5,4,4127,0,0,0,,0,001,"UNIVERSITY AV","DONOHOE ST",488.00,E,N,A,-,N,,,,,,,,,,Y,2,0,2,1,A,-,01,23153,A,N,E,I,A,A,H,-,C,D,0,,,,,Y,Y,A,01,2,0,0,0,0,0,0,0,0,"- ","- ",,,"SAN MATEO","EAST PALO ALTO",-122.14119720458984,37.461383819580078
9603095,2023,2023-08-04,4106,2023-06-30,"215 ",2212,5,5,5,6,4106,0,0,0,,0,003,"SCHOOL ST","BRUNO AV",0.00,,Y,B,-,N,,,,,,,,,,Y,2,0,2,2,A,-,07,21658,A,N,D,E,A,A,H,-,C,D,0,,,,,Y,Y,A,01,1,1,0,0,0,0,0,0,0,"- ","- ",37.693378448486328,-122.46591186523438,"SAN MATEO","DALY CITY",-122.46589660644531,37.693378448486328
9606628,2023,2023-08-31,4113,2023-06-06,1100,351,4,2,5,5,4113,0,0,0,,0,004,"MIDDLEFIELD RD","WILLOW ST",0.00,,Y,C,-,N,,,,,,,,,,N,2,0,1,2,A,-,"- ",,,N,H,G,A,B,H,-,A,A,0,,Y,,,Y,,L,04,1,0,0,0,0,0,1,0,0,"- ","- ",37.480079650878906,-122.21604156494141,"SAN MATEO","REDWOOD CITY",-122.21704864501953,37.4801025390625
9606756,2023,2023-08-31,4106,2023-07-23,1645,2205,12,7,5,6,4106,0,0,0,,0,005,"LINCOLN AV","SOUTHGATE AV",0.00,,Y,A,B,N,,,,,,,,,,N,2,0,1,2,A,-,07,21658,A,M,A,C,A,A,H,-,A,A,0,,,,,Y,,A,01,1,0,0,0,0,0,0,0,0,"- ","- ",37.679039001464844,-122.48603057861328,"SAN MATEO","DALY CITY",-122.48692321777344,37.678886413574219
9609691,2023,2023-08-24,4108,2023-07-19,1602,9866,1,3,5,3,4108,0,0,0,,0,0NN,"CHATEAU DR","DARRELL RD",0.00,,Y,A,-,N,,,,,,,,,,Y,2,0,1,2,-,-,"- ",,,N,C,C,A,A,H,-,A,A,0,,,Y,,Y,,D,72,1,0,0,0,0,0,0,0,1,"- ","- ",37.555538177490234,-122.37766265869141,"SAN MATEO",HILLSBOROUGH,-122.37767791748047,37.555534362792969
9611329,2023,2023-10-03,4120,2023-08-13,2311,131,4,7,5,4,4120,0,0,0,,0,00X,"SHELL BL","CATAMARAN LN",26.00,N,N,A,-,N,,,,,,,,,,Y,2,0,1,1,A,-,01,23152,,N,A,I,A,A,H,-,C,A,0,,,,,Y,Y,A,01,1,0,0,0,0,0,0,0,0,"- ","- ",37.552219390869141,-122.26349639892578,"SAN MATEO","FOSTER CITY",-122.26355743408203,37.552276611328125
9622673,2023,2023-11-15,4106,2023-09-13,1020,2154,12,3,5,6,4106,0,0,0,,0,005,"SAINT FRANCIS BL","SOUTHGATE AV",0.00,,Y,A,-,N,,,,,,,,,,N,2,0,1,2,A,-,10,21950,A,N,G,B,B,A,H,-,A,A,0,Y,,,,Y,,A,08,1,0,0,0,1,0,0,0,0,"- ","- ",37.675868988037109,-122.47959136962891,"SAN MATEO","DALY CITY",-122.47957611083984,37.675853729248047
9624583,2023,2023-09-28,4106,2023-08-21,1601,2146,10,1,5,6,4106,0,0,0,,0,004,"SKYLINE BL","WESTRIDGE DR",0.00,,Y,A,-,N,,,,,,,,,,Y,2,0,1,2,A,-,12,21453,A,N,D,C,A,A,H,-,A,A,0,,,,,Y,,A,01,1,0,0,0,0,0,0,0,0,"- ","- ",37.690608978271484,-122.49260711669922,"SAN MATEO","DALY CITY",-122.49263000488281,37.690597534179688
9625861,2023,2023-10-17,4111,2023-09-06,1220,P5155,P04,3,5,4,4111,0,0,0,,0,0P1,"MONTEREY RD","WATERFORD ST",376.00,E,N,A,-,N,,,,,,,,,,Y,2,0,1,2,C,-,18,,,N,B,E,A,A,H,-,A,D,0,,,,,Y,,-,"- ",1,0,0,0,0,0,0,0,0,"- ","- ",,,"SAN MATEO",PACIFICA,-122.48782348632812,37.651615142822266
9630955,2023,2023-11-06,4111,2023-09-16,1908,P5166,P13,6,5,4,4111,0,0,0,,0,0P2,"SHARP PARK RD","GYPSY HILL RD",638.00,W,N,A,-,N,,,,,,,,,,N,2,0,2,1,A,-,01,23152,A,N,E,J,A,A,H,-,A,D,0,,,Y,,Y,Y,C,02,2,0,0,0,0,0,0,0,2,"- ","- ",37.629619598388672,-122.47786712646484,"SAN MATEO",PACIFICA,-122.47794342041016,37.628025054931641
9640332,2024,2024-04-29,4113,2024-03-02,"200 ",433,2,6,5,5,4113,0,0,0,,0,002,"RT 82",BROADWAY,121.00,N,N,C,-,Y,SM,4,82,-,-,4.450,H,-,N,Y,1,1,0,2,A,-,03,22350,,N,G,B,E,B,H,-,E,D,0,Y,,,,Y,,A,01,0,0,0,1,0,0,0,0,0,"- ","- ",37.486721038818359,-122.23502349853516,"SAN MATEO","REDWOOD CITY",-122.23513793945312,37.486476898193359
9649172,2023,2024-01-03,4106,2023-11-06,1402,2166,6,1,5,6,4106,0,0,0,,0,002,"HILLSIDE BL","E VISTA AV",0.00,,Y,A,-,N,,,,,,,,,,N,2,0,2,5,A,-,06,21750,A,F,B,C,A,A,H,-,A,D,0,,,Y,,Y,,A,01,2,0,0,0,0,0,0,0,1,"- ","- ",37.700668334960938,-122.46219635009766,"SAN MATEO","DALY CITY",-122.46222686767578,37.703159332275391
9654403,2023,2024-01-22,4106,2023-10-14,1935,2205,9,6,5,6,4106,0,0,0,,0,004,"EASTMOOR AV","WESTMOOR HIGH SCHOOL ENTRANCE",0.00,,Y,E,-,N,,,,,,,,,,N,2,0,1,1,A,-,13,22515,A,N,H,A,A,A,H,-,A,D,0,,,,,Y,,A,01,1,0,0,0,0,0,0,0,0,"- ","- ",37.686298370361328,-122.48281860351562,"SAN MATEO","DALY CITY",-122.48411560058594,37.685710906982422
9673830,2024,2024-10-24,4103,2024-01-11,1628,LU420,1,4,5,2,4103,0,0,0,,0,00U,"BAYSHORE BL","OLD COUNTRY RD",44.00,S,N,A,-,N,,,,,,,,,,N,2,0,1,2,A,-,03,22350,,N,C,C,A,A,H,-,A,A,0,,,,,Y,,-,"- ",1,0,0,0,0,0,0,0,0,"- ","- ",37.685409545898438,-122.39823150634766,"SAN MATEO",BRISBANE,-122.39813232421875,37.685329437255859
9673898,2023,2024-03-30,4103,2023-10-03,"340 ",LU420,1,2,5,2,4103,0,0,0,,0,00U,"BAYSHORE BL","GENEVA AV",342.00,S,N,A,-,N,,,,,,,,,,N,2,0,1,2,A,-,11,21950,B,F,G,B,D,A,H,-,C,D,0,Y,,,Y,Y,,N,60,1,0,0,0,1,0,0,0,0,"- ","- ",37.704311370849609,-122.407470703125,"SAN MATEO",BRISBANE,-122.40751647949219,37.703754425048828
9707744,2024,2024-07-10,4113,2024-05-30,2121,444,4,4,5,5,4113,0,0,0,,0,004,"EAST BAYSHORE RD","POWER POLE #120098001",135.00,N,N,A,-,N,,,,,,,,,,N,2,0,1,2,A,-,11,21954,A,N,G,B,E,A,H,-,C,D,0,Y,,,,Y,,N,60,1,0,0,0,1,0,0,0,0,"- ","- ",37.489810943603516,-122.21031951904297,"SAN MATEO","REDWOOD CITY",,
9714374,2024,2024-07-15,4106,2024-05-08,1315,2146,7,3,5,6,4106,0,0,0,,0,002,"WYANDOTTE AV","HOFFMAN ST",207.00,N,N,A,-,N,,,,,,,,,,N,2,0,1,1,A,-,03,22350,,N,E,J,A,A,H,-,A,D,0,,,Y,,Y,,C,03,1,0,0,0,0,0,0,0,1,"- ","- ",37.688880920410156,-122.45722198486328,"SAN MATEO","DALY CITY",-122.45632171630859,37.688655853271484
9735353,2024,2024-10-24,4113,2024-09-22,1428,511,6,7,5,5,4113,0,0,0,,0,006,"EL CAMINO REAL","HARRISON AV",50.00,S,N,A,-,N,,,,,,,,,,N,2,0,2,2,A,-,08,22107,,N,C,C,A,A,H,-,A,D,0,,,,,Y,,A,01,1,1,0,0,0,0,0,0,0,"- ","- ",37.482730865478516,-122.23061370849609,"SAN MATEO","REDWOOD CITY",-122.23127746582031,37.48321533203125
9736710,2024,2024-09-25,4111,2024-08-05,1831,P5154,P16,1,5,4,4111,0,0,0,,0,0P3,"ODDSTD BL","YOSEMITE DR",23.00,S,N,A,-,N,,,,,,,,,,Y,2,0,1,2,A,-,12,22450,A,N,D,C,A,A,H,-,A,A,0,,,Y,,Y,,C,03,1,0,0,0,0,0,0,0,1,"- ","- ",37.586448669433594,-122.46962738037109,"SAN MATEO",PACIFICA,-122.46965026855469,37.586395263671875
9737614,2024,2024-10-10,4106,2024-07-22,2253,2212,1,1,5,6,4106,0,0,0,,0,001,"CARTER ST","ALEXIS CIR",0.00,,Y,A,-,N,,,,,,,,,,Y,2,0,2,4,A,-,12,22450,A,M,B,C,A,A,H,-,C,A,0,,,,,Y,Y,D,22,1,1,0,0,0,0,0,0,0,"- ","- ",37.702709197998047,-122.42353820800781,"SAN MATEO","DALY CITY",-122.42376708984375,37.702285766601562
9737807,2024,2024-10-07,4113,2024-08-15,"801 ",489,6,4,5,5,4113,0,0,0,,0,006,"DUANE ST","HARRISON AV",0.00,,Y,A,-,N,,,,,,,,,,N,2,0,2,3,A,-,10,21950,,N,G,B,B,A,H,-,A,D,0,Y,,,,Y,,A,01,1,1,0,0,2,0,0,0,0,"- ","- ",37.479999542236328,-122.23400115966797,"SAN MATEO","REDWOOD CITY",-122.23432159423828,37.480770111083984
9771778,2024,2025-01-02,4113,2024-11-18,1058,512,8,1,5,5,4113,0,0,0,,0,008,"WOODSIDE RD","SANTIAGO AV",0.00,,Y,A,-,N,,,,,,,,,,N,2,0,1,1,A,-,08,22107,,N,E,J,A,A,H,-,A,D,0,,,Y,,Y,,C,02,1,0,0,0,0,0,0,0,1,"- ","- ",37.45159912109375,-122.23024749755859,"SAN MATEO","REDWOOD CITY",-122.23024749755859,37.45159912109375
9771781,2024,2025-01-03,4113,2024-11-23,1119,469,3,6,5,5,4113,0,0,0,,0,003,"MAPLE ST","MARSHALL ST",0.00,,Y,A,-,N,,,,,,,,,,N,2,0,1,2,A,-,10,21950,A,N,G,B,B,A,H,-,A,D,0,Y,,,,Y,Y,A,01,1,0,0,0,1,0,0,0,0,"- ","- ",37.487579345703125,-122.22303009033203,"SAN MATEO","REDWOOD CITY",-122.22304534912109,37.487575531005859
9773235,2024,2025-01-29,4102,2024-12-09,1558,36,5BR,1,5,4,4102,0,0,0,,0,002,"RALSTON AV","NOTRE DAME AV",15.00,E,N,A,-,N,,,,,,,,,,Y,2,0,1,2,A,-,10,21950,A,N,H,C,A,A,H,-,A,D,0,,,,,Y,,A,01,1,0,0,0,0,0,0,0,0,"- ","- ",37.514049530029297,-122.28758239746094,"SAN MATEO",BELMONT,-122.28752899169922,37.514045715332031