CASE_ID,ACCIDENT_YEAR,PROC_DATE,JURIS,COLLISION_DATE,COLLISION_TIME,OFFICER_ID,REPORTING_DISTRICT,DAY_OF_WEEK,CHP_SHIFT,POPULATION,CNTY_CITY_LOC,SPECIAL_COND,BEAT_TYPE,CHP_BEAT_TYPE,CITY_DIVISION_LAPD,CHP_BEAT_CLASS,BEAT_NUMBER,PRIMARY_RD,SECONDARY_RD,DISTANCE,DIRECTION,INTERSECTION,WEATHER_1,WEATHER_2,STATE_HWY_IND,CALTRANS_COUNTY,CALTRANS_DISTRICT,STATE_ROUTE,ROUTE_SUFFIX,POSTMILE_PREFIX,POSTMILE,LOCATION_TYPE,RAMP_INTERSECTION,SIDE_OF_HWY,TOW_AWAY,COLLISION_SEVERITY,NUMBER_KILLED,NUMBER_INJURED,PARTY_COUNT,PRIMARY_COLL_FACTOR,PCF_CODE_OF_VIOL,PCF_VIOL_CATEGORY,PCF_VIOLATION,PCF_VIOL_SUBSECTION,HIT_AND_RUN,TYPE_OF_COLLISION,MVIW,PED_ACTION,ROAD_SURFACE,ROAD_COND_1,ROAD_COND_2,LIGHTING,CONTROL_DEVICE,CHP_ROAD_TYPE,PEDESTRIAN_ACCIDENT,BICYCLE_ACCIDENT,MOTORCYCLE_ACCIDENT,TRUCK_ACCIDENT,NOT_PRIVATE_PROPERTY,ALCOHOL_INVOLVED,STWD_VEHTYPE_AT_FAULT,CHP_VEHTYPE_AT_FAULT,COUNT_SEVERE_INJ,COUNT_VISIBLE_INJ,COUNT_COMPLAINT_PAIN,COUNT_PED_KILLED,COUNT_PED_INJURED,COUNT_BICYCLIST_KILLED,COUNT_BICYCLIST_INJURED,COUNT_MC_KILLED,COUNT_MC_INJURED,PRIMARY_RAMP,SECONDARY_RAMP,LATITUDE,LONGITUDE,COUNTY,CITY,POINT_X,POINT_Y
9786191,2024,2025-05-03,4104,2024-09-12,1822,0205,1,4,5,4,4104,0,0,0,,0,00A,"PENINSULA AV","DWIGHT RD",10.00,,N,A,-,N,,,,,,,,,,Y,1,1,0,2,A,-,10,21950,A,N,A,B,B,A,H,-,A,A,0,Y,,,,Y,Y,A,07,0,0,0,1,0,0,0,0,0,"- ","- ",37.580410003662109,-122.33454132080078,"SAN MATEO",BURLINGAME,-122.33456420898438,37.580398559570312
9790821,2025,2025-04-02,4127,2025-01-12,2113,2268,4127,7,5,4,4127,0,0,0,,0,001,"DONOHOE ST","UNIVERSITY AV",0.00,,Y,A,-,N,,,,,,,,,,N,2,0,1,2,A,-,11,21456,,N,G,B,B,A,H,-,C,A,0,Y,,,,Y,,N,60,1,0,0,0,1,0,0,0,0,"- ","- ",,,"SAN MATEO","EAST PALO ALTO",-122.14170074462891,37.462661743164062
9790846,2025,2025-04-23,4113,2025-02-08,1457,476,3,6,5,5,4113,0,0,0,,0,003,"WOODSIDE RD",BROADWAY,0.00,,Y,A,-,Y,SM,4,84,-,-,25.567,I,5,S,N,2,0,1,2,A,-,00,21954,,N,G,B,D,A,H,-,A,A,0,Y,,,,Y,,N,60,1,0,0,0,1,0,0,0,0,"- ","- ",,,"SAN MATEO","REDWOOD CITY",-122.21421813964844,37.487075805664062
9793017,2025,2025-03-18,4111,2025-02-22,1505,P5136,P07,6,5,4,4111,0,0,0,,0,0P2,"PALMETTO AV","SANTA MARIA AV",0.00,,Y,A,-,N,,,,,,,,,,N,2,0,2,2,A,-,09,21800,A,N,D,C,A,A,H,-,A,D,0,,,Y,,Y,,C,02,1,1,0,0,0,0,0,0,2,"- ","- ",,,"SAN MATEO",PACIFICA,-122.49210357666016,37.635272979736328
9799865,2024,2025-04-11,4113,2024-02-27,1358,433,7,2,5,5,4113,0,0,0,,0,007,"ELWOOD ST","JAMES AV",0.00,,Y,A,-,N,,,,,,,,,,N,2,0,1,2,A,-,10,21950,A,N,G,B,B,A,H,-,A,A,0,Y,,,,Y,,-,,1,0,0,0,1,0,0,0,0,"- ","- ",37.481529235839844,-122.23676300048828,"SAN MATEO","REDWOOD CITY",-122.23675537109375,37.481525421142578
9803749,2024,2025-04-23,4108,2024-11-24,1337,9990,3,7,5,3,4108,0,0,0,,0,0SS,"CRYSTAL SPRINGS BL","CRYSTAL SPRINGS TER",485.00,E,N,A,-,N,,,,,,,,,,N,2,0,1,2,A,-,06,21750,A,N,H,G,A,A,H,-,A,D,0,,Y,,,Y,,A,01,1,0,0,0,0,0,1,0,0,"- ","- ",37.548679351806641,-122.34609985351562,"SAN MATEO",HILLSBOROUGH,-122.34568786621094,37.548385620117188
9819489,2025,2025-08-01,4106,2025-05-25,"18  ",2166,4,7,5,6,4106,0,0,0,,0,003,"JUNIPERO SERRA BL","CITRUS AV",337.00,S,N,A,-,N,,,,,,,,,,Y,2,0,4,1,A,-,01,23153,A,N,E,I,A,A,H,-,C,D,0,,,,,Y,Y,A,01,2,2,0,0,0,0,0,0,0,"- ","- ",,,"SAN MATEO","DALY CITY",-122.47032928466797,37.696685791015625
9828024,2025,2025-07-18,4111,2025-05-17,2300,P5185,P01,6,5,4,4111,0,0,0,,0,0P1,"PALMETTO AV","WESTLINE DR",504.00,S,N,A,-,N,,,,,,,,,,Y,2,0,1,1,A,-,08,22107,,N,F,-,A,A,G,-,D,D,0,,,Y,,Y,,C,03,1,0,0,0,0,0,0,0,1,"- ","- ",37.660869598388672,-122.49172973632812,"SAN MATEO",PACIFICA,-122.49221801757812,37.659797668457031
9866805,2024,2025-08-27,4106,2024-10-30,"720 ",2188,5,3,5,6,4106,0,0,0,,0,003,"SILANG WY","MAKIBAKA WY",0.00,,Y,A,-,N,,,,,,,,,,Y,1,1,0,2,A,-,08,22107,,N,E,I,A,A,H,-,A,D,0,,,,,Y,,A,07,0,0,0,0,0,0,0,0,0,"- ","- ",,,"SAN MATEO","DALY CITY",-122.47041320800781,37.684566497802734
6290438,2014,2014-07-21,9330,2014-03-13,1345,18415,,4,1,9,4100,0,1,3,,2,052,"RT 35","SKYLINE RIDGE OPEN SPACE",1584.00,S,N,A,-,Y,SCL,4,35,-,D,2.090,H,-,S,Y,1,1,0,2,A,-,05,21460,A,N,A,C,A,A,H,-,A,D,0,,,Y,,Y,,C,02,0,0,0,0,0,0,0,1,0,"- ","- ",37.309049999999999,-122.16807,"SAN MATEO",UNINCORPORATED,-122.16842346,37.309381090000002
6337581,2014,2014-06-04,4113,2014-01-05,1314,383,7,7,5,5,4113,0,0,0,,0,007,"OAK KNOLL DR","CANYON RD",0.00,,Y,A,-,N,,,,,,,,,,N,2,0,1,1,A,-,03,22350,,N,H,A,A,A,H,-,A,A,0,,,Y,,Y,,C,02,1,0,0,0,0,0,0,0,1,"- ","- ",,,"SAN MATEO","REDWOOD CITY",-122.25958996999999,37.472209980000002
6409187,2014,2015-11-16,4109,2014-01-17,2036,14771,17,5,5,4,4109,0,0,0,,0,003,"RT 84","CHRYSLER DR",0.00,,Y,A,-,Y,SM,4,84,-,R,26.320,I,5,N,Y,2,0,4,2,A,-,01,23152,,N,D,C,A,A,H,-,C,A,0,,,,,Y,Y,A,01,2,1,1,0,0,0,0,0,0,"- ","- ",,,"SAN MATEO","MENLO PARK",-122.17402254,37.485298319999998
6420639,2014,2015-05-13,4127,2014-02-22,1801,2208,4127,6,5,4,4127,0,0,0,,0,003,"WISTERIA DR","GARDENIA WY",175.00,E,N,A,-,N,,,,,,,,,,Y,1,1,0,2,A,-,03,22350,,N,B,C,A,A,H,-,B,D,0,,,Y,,Y,,C,02,0,0,0,0,0,0,0,1,0,"- ","- ",,,"SAN MATEO","EAST PALO ALTO",-122.12646553,37.459033239999997
6477526,2014,2016-04-12,9330,2014-04-21,0606,12628,,1,1,9,4100,0,1,3,,1,021,"RT 84","OLD LA HONDA RD",4224.00,W,N,A,-,Y,SM,4,84,-,-,11.450,H,-,N,Y,2,0,1,1,A,-,08,22107,,N,E,I,A,A,H,-,A,D,0,,,,,Y,,A,01,1,0,0,0,0,0,0,0,0,"- ","- ",,,"SAN MATEO",UNINCORPORATED,-122.26627249000001,37.347435539999999
6485397,2014,2016-04-13,9330,2014-04-20,0922,20489,,7,1,9,4100,0,1,3,,1,020,"RT 1","MIRAMONTES POINT RD",3168.00,S,N,A,-,Y,SM,4,1,-,-,25.850,H,-,N,N,2,0,1,1,A,-,03,22350,,N,F,I,A,A,H,-,A,D,0,,Y,,,Y,,L,04,1,0,0,0,0,0,1,0,0,"- ","- ",37.422829999999998,-122.42601000000001,"SAN MATEO",UNINCORPORATED,-122.42608254,37.42278657
6504586,2014,2014-07-29,4101,2014-05-19,0944,1821,,1,5,2,4101,0,0,0,,0,001,"MIDDLEFIELD RD","OAK GROVE AV",0.00,,Y,A,-,N,,,,,,,,,,N,2,0,1,2,A,-,17,21451,A,N,G,B,B,A,H,-,A,A,0,Y,,,,Y,,A,07,1,0,0,0,1,0,0,0,0,"- ","- ",37.462029999999999,-122.17822,"SAN MATEO",ATHERTON,-122.17852995,37.461899989999999
6519413,2014,2016-04-13,4111,2014-05-14,1533,P5132,P14,3,5,4,4111,0,0,0,,0,0P3,"RT 1","SAN PEDRO AV",608.00,N,N,A,-,Y,SM,4,1,-,-,41.070,H,-,S,Y,2,0,1,2,A,-,08,22107,,N,D,C,A,A,H,-,A,D,0,,,Y,,Y,,A,01,1,0,0,0,0,0,0,0,1,"- ","- ",,,"SAN MATEO",PACIFICA,-122.50253642,37.597250170000002
6573634,2014,2016-05-17,9330,2014-07-07,1740,20382,,1,2,4,4102,0,1,2,,2,048,"RT 101","RALSTON AV",50.00,N,N,A,-,Y,SM,4,101,-,-,9.560,H,-,N,Y,2,0,1,2,A,-,07,21658,A,N,B,C,A,A,H,-,A,D,1,,,Y,,Y,,A,01,1,0,0,0,0,0,0,0,1,"- ","- ",37.526200000000003,-122.26996,"SAN MATEO",BELMONT,-122.27016078,37.526464529999998
6577551,2014,2016-05-14,9335,2014-08-01,1500,020281,,5,2,4,4114,0,1,1,,2,038,"RT 380","SAN MATEO AV",880.00,E,N,A,-,Y,SM,4,380,-,R,6.040,H,-,E,Y,2,0,1,2,A,-,08,22107,,N,E,I,A,A,H,-,A,D,1,,,,,Y,,A,01,1,0,0,0,0,0,0,0,0,"- ","- ",37.381349999999998,-122.24299000000001,"SAN MATEO","SAN BRUNO",-122.40909524,37.633799770000003
6601758,2014,2014-09-10,4102,2014-08-24,1347,15200,10,7,5,4,4102,0,0,0,,0,003,"RALSTON AV","DAVIS DR",0.00,,Y,A,-,N,,,,,,,,,,N,2,0,2,2,A,-,03,22350,,N,G,B,B,A,H,-,A,A,0,Y,Y,,,Y,,L,04,1,1,0,0,1,0,1,0,0,"- ","- ",37.510559999999998,-122.30671,"SAN MATEO",BELMONT,-122.30936987,37.51254994
6705483,2014,2016-07-07,9330,2014-11-01,0243,020593,,6,3,5,4113,0,1,2,,2,048,"RT 101","HOLLY ST",1773.00,S,N,A,-,Y,SM,4,101,-,-,8.090,H,-,N,Y,2,0,3,2,A,-,07,21658,A,N,C,C,A,A,H,-,C,D,1,,,,,Y,Y,A,01,2,1,0,0,0,0,0,0,0,"- ","- ",37.508929999999999,-122.2503,"SAN MATEO","REDWOOD CITY",-122.25227898,37.510677350000002
6708760,2014,2014-12-09,4117,2014-10-21,1426,4RC07,27AA,2,5,5,4117,0,0,0,,0,002,"CALLAN BL","KING DR",0.00,,Y,A,-,N,,,,,,,,,,N,2,0,1,2,A,-,10,21950,A,N,A,B,B,A,H,-,A,A,0,Y,,,,Y,,A,01,1,0,0,0,1,0,0,0,0,"- ","- ",,,"SAN MATEO","SOUTH SAN FRANCISCO",-122.4690599,37.650409920000001
6710743,2014,2016-02-29,4113,2014-10-30,0732,426,1,4,5,5,4113,0,0,0,,0,001,"REDWOOD SHORES PKWY","AIRPORT WY",323.00,E,N,B,-,N,,,,,,,,,,N,2,0,1,2,A,-,07,21658,A,N,H,G,A,A,H,-,A,D,0,,Y,,,Y,,L,04,1,0,0,0,0,0,1,0,0,"- ","- ",,,"SAN MATEO","REDWOOD CITY",-122.25327776,37.517726109999998
6783877,2016,2016-07-15,4117,2016-07-01,0750,06AP03,14AE,5,5,5,4117,0,0,0,,0,002,"SOUTH SPRUCE AV","HUNTINGTON AV",156.00,N,N,A,-,N,,,,,,,,,,Y,2,0,1,2,A,-,09,21804,A,N,D,G,A,A,H,-,A,D,0,,Y,,,Y,,-,"- ",1,0,0,0,0,0,1,0,0,"- ","- ",,,"SAN MATEO","SOUTH SAN FRANCISCO",-122.4223162,37.645310049999999
6822296,2014,2016-06-17,4111,2014-12-31,1819,P5137,P14,3,5,4,4111,0,0,0,,0,0P3,"CABRILLO HWY","ROCKAWAY BEACH AV",0.00,,Y,A,-,Y,SM,4,1,-,-,42.014,I,5,S,Y,2,0,1,2,A,-,"- ",,,N,D,C,A,A,H,-,C,A,0,,,,,Y,,A,01,1,0,0,0,0,0,0,0,0,"- ","- ",,,"SAN MATEO",PACIFICA,-122.49526544,37.608806790000003
6854591,2015,2017-04-04,4111,2015-01-07,0355,P5124,26AA,3,5,4,4111,0,0,0,,0,0P1,"RT 35","MANOR DR",0.00,,N,A,-,Y,SM,4,35,-,-,27.030,H,-,N,N,1,1,0,1,A,-,01,23152,,N,E,I,A,A,H,-,C,D,0,,,,,Y,Y,A,01,0,0,0,0,0,0,0,0,0,"- ","- ",37.649160000000002,-122.47179,"SAN MATEO",PACIFICA,-122.47210498,37.64829537
6951959,2015,2017-01-07,4117,2015-05-23,0607,12PF06,06AJ,6,5,5,4117,0,0,0,,0,004,"BAYSHORE BL","RT 101",196.00,N,N,B,-,Y,SM,4,101,-,-,23.261,R,4,S,Y,2,0,3,2,A,-,01,23152,A,N,A,C,A,A,H,-,C,A,0,,,,,Y,Y,A,01,1,0,2,0,0,0,0,0,0,"- ",SF,,,"SAN MATEO","SOUTH SAN FRANCISCO",-122.39333101,37.669364129999998
6953910,2015,2016-12-14,9330,2015-06-15,1323,18129,,1,1,5,4113,0,1,2,,2,048,"RT 101","MAPLE ST",426.00,S,N,A,-,Y,SM,4,101,-,-,5.800,H,-,S,Y,2,0,1,2,A,-,03,22350,,N,C,C,A,A,H,-,A,D,1,,,,Y,Y,,D,22,1,0,0,0,0,0,0,0,0,"- ","- ",,,"SAN MATEO","REDWOOD CITY",-122.21944259,37.491440900000001
7032548,2015,2015-08-19,4111,2015-06-26,1202,P5136,P13,5,5,4,4111,0,0,0,,0,0P2,"SHARP PARK RD","COLLEGE DR",262.00,E,N,A,-,N,,,,,,,,,,N,2,0,1,1,A,-,03,22350,,N,A,I,A,A,H,-,A,B,0,,,Y,,Y,,C,02,1,0,0,0,0,0,0,0,1,"- ","- ",,,"SAN MATEO",PACIFICA,-122.47197174999999,37.634115770000001
7066935,2015,2015-09-23,4114,2015-09-06,1740,0034,SNB22,7,5,4,4114,0,0,0,,0,003,"BERKSHIRE DR","OAKMONT DR",0.00,,Y,A,-,N,,,,,,,,,,N,2,0,1,1,A,-,03,22350,,N,H,A,A,A,H,-,A,A,0,,Y,,,Y,,L,04,1,0,0,0,0,0,1,0,0,"- ","- ",,,"SAN MATEO","SAN BRUNO",-122.45135998000001,37.634889889999997
7149546,2015,2016-01-12,4111,2015-11-23,1714,P5130,P12,1,5,4,4111,0,0,0,,0,0P2,"CABRILLO HWY","ROCKAWAY BEACH AV",0.00,,N,A,-,N,,,1,,,,,,,Y,2,0,1,2,A,-,03,22350,,N,C,C,A,A,H,-,C,D,0,,,,,Y,,A,01,1,0,0,0,0,0,0,0,0,"- ","- ",37.608800000000002,-122.49527,"SAN MATEO",PACIFICA,-122.49527178,37.60880289
7190480,2016,2016-10-19,4106,2016-09-15,2053,1253,3,4,5,6,4106,0,0,0,,0,002,"MISSION ST","GOETHE ST",118.00,S,N,A,-,N,,,,,,,,,,Y,1,1,0,2,A,-,11,21954,A,N,G,B,D,A,H,-,C,D,0,Y,,,,Y,,N,60,0,0,0,1,0,0,0,0,0,"- ","- ",37.707360000000001,-122.45816000000001,"SAN MATEO","DALY CITY",-122.45755621000001,37.707144499999998
7196698,2016,2016-03-09,4104,2016-01-17,1914,0645,12,7,5,4,4104,0,0,0,,0,00B,"HILLSIDE DR","CORTEZ AV",33.00,W,N,B,C,N,,,,,,,,,,N,2,0,2,3,A,-,10,21950,A,N,G,B,B,B,H,-,C,D,0,Y,,,,Y,,A,01,1,0,1,0,2,0,0,0,0,"- ","- ",,,"SAN MATEO",BURLINGAME,-122.37325473,37.585965399999999
7199807,2016,2018-09-27,4100,2016-02-26,1654,18250,5B,5,5,3,4107,0,0,0,,0,075,"RT 1","YOUNG AV",570.00,N,N,B,-,Y,SM,4,1,-,-,30.710,H,-,N,Y,1,1,3,2,A,-,00,23153,C,N,A,C,A,A,H,-,A,D,0,,,,,Y,Y,A,07,2,1,0,0,0,0,0,0,0,"- ","- ",,,"SAN MATEO","HALF MOON BAY",-122.44967951,37.488209920000003
8040726,2016,2017-02-18,4111,2016-04-05,1741,O5133,P12,2,5,4,4111,0,0,0,,0,0P2,"RT 1","ROCKWAY BEACH",145.00,N,N,A,-,Y,SM,4,1,-,-,42.014,I,6,S,Y,2,0,1,3,A,-,03,22350,,N,C,C,A,A,H,-,A,D,0,,,,,Y,,A,01,1,0,0,0,0,0,0,0,0,"- ","- ",,,"SAN MATEO",PACIFICA,-122.49526544,37.608806790000003
8112906,2016,2016-09-07,4113,2016-07-23,2150,351,1,6,5,5,4113,0,0,0,,0,001,"REDWOOD SHORES PKWY","BRIDGE PKWY",0.00,,Y,A,-,N,,,,,,,,,,N,2,0,1,2,A,-,10,21950,A,N,G,B,B,A,H,-,C,A,0,Y,,,,Y,,A,07,1,0,0,0,1,0,0,0,0,"- ","- ",37.526260000000001,-122.25055999999999,"SAN MATEO","REDWOOD CITY",-122.25062989,37.526159970000002
81442102,2021,2021-04-02,4117,2021-03-17,1018,04JL03,17AS,3,5,5,4117,0,0,0,,0,003,"ALTA MESA DR","VERANO DR",40.00,E,-,B,-,N,,,,,,,,,,N,2,0,1,2,A,-,21,22106,,F,G,B,A,A,H,-,A,D,0,,,,,Y,,A,07,1,0,0,0,0,0,0,0,0,"- ","- ",37.655139923095703,-122.44560241699219,"SAN MATEO","SOUTH SAN FRANCISCO",-122.44564056396484,37.654945373535156
8164368,2016,2016-11-08,4106,2016-09-10,2114,2115,8,6,5,6,4106,0,0,0,,0,004,"JOHN DALY BL","LAKE MERCED BL",24.00,E,N,A,-,N,,,,,,,,,,N,2,0,5,2,A,-,09,21453,C,N,A,C,A,A,H,-,C,A,0,,,,,Y,,A,01,1,0,4,0,0,0,0,0,0,"- ","- ",37.701450000000001,-122.48497999999999,"SAN MATEO","DALY CITY",-122.48483163,37.701461680000001
8185452,2016,2016-12-16,4117,2016-11-22,0822,01CG09,,2,5,5,4117,0,0,0,,0,002,"COUNTRY CLUB DR","ALIDA WY",0.00,,Y,A,-,N,,,,,,,,,,N,2,0,1,2,A,-,10,21950,A,N,G,B,B,A,H,-,A,A,0,Y,,,,Y,,A,08,1,0,0,0,1,0,0,0,0,"- ","- ",37.645180000000003,-122.42932,"SAN MATEO","SOUTH SAN FRANCISCO",-122.42940989,37.645059940000003
81891162,2022,2022-10-17,4100,2022-10-07,1903,25294,SNC,5,5,4,4115,0,0,0,,0,051,"ARROYO AVE","WOODLAND AV",113.00,E,-,A,-,N,,,,,,,,,,Y,2,0,1,1,D,-,00,,,N,H,J,A,A,H,-,C,D,0,,,Y,,Y,,-,"- ",1,0,0,0,0,0,0,0,1,"- ","- ",,,"SAN MATEO","SAN CARLOS",-122.2593994140625,37.500888824462891
8189553,2016,2016-12-19,4106,2016-10-08,1837,1263,,6,5,6,4106,0,0,0,,0,003,"MISSION ST","ALP AV",0.00,,Y,A,-,N,,,82,,,,,,,Y,2,0,1,2,A,-,09,21801,A,N,D,C,A,A,H,-,A,D,0,,,Y,,Y,,A,01,1,0,0,0,0,0,0,0,1,"- ","- ",37.70167,-122.46362000000001,"SAN MATEO","DALY CITY",-122.46334432,37.701596539999997
81938289,2022,2023-06-12,4100,2022-11-18,0749,25952,HMB,5,5,3,4107,0,0,0,,0,075,SR-1,"YOUNG AV",455.00,N,-,A,-,Y,,,,,,,,,,Y,1,1,0,1,A,-,01,23152,A,N,E,I,A,A,H,-,A,D,0,,,,,Y,,A,01,0,0,0,0,0,0,0,0,0,"- ","- ",,,"SAN MATEO","HALF MOON BAY",-122.44944763183594,37.487895965576172
82013626,2023,2023-03-27,4100,2023-02-09,1500,25888,4100,4,5,3,4107,0,0,0,,0,075,"KELLY AV",SR-1,426.30,E,-,A,-,N,,,,,,,,,,Y,1,1,0,2,A,-,03,22350,,N,D,C,A,A,H,-,A,D,0,,Y,,,Y,,A,07,0,0,0,0,0,1,0,0,0,"- ","- ",,,"SAN MATEO","HALF MOON BAY",-122.43276977539062,37.463970184326172
82108729,2023,2023-07-03,4117,2023-06-18,1428,21MP01,01AF,7,5,5,4117,0,0,0,,0,004,"FORBES BL","DNA WY",0.00,,Y,A,-,N,,,,,,,,,,Y,2,0,1,1,A,-,01,23152,A,N,A,I,A,A,H,-,A,D,0,,,,,Y,Y,A,01,1,0,0,0,0,0,0,0,0,"- ","- ",37.657131195068359,-122.37812042236328,"SAN MATEO","SOUTH SAN FRANCISCO",-122.37822723388672,37.657119750976562
82117068,2023,2023-07-14,4117,2023-06-28,1754,03ML07,08AE,3,5,5,4117,0,0,0,,0,001,"MAPLE AV","BADEN AV",0.00,,Y,A,-,N,,,,,,,,,,N,2,0,1,2,A,-,03,22350,,N,A,C,A,A,H,-,A,A,0,,,Y,,Y,,C,03,1,0,0,0,0,0,0,0,1,"- ","- ",37.654708862304688,-122.412841796875,"SAN MATEO","SOUTH SAN FRANCISCO",-122.41286468505859,37.654712677001953
82117070,2023,2023-07-14,4114,2023-04-19,1541,0048,SNB7,3,5,4,4114,0,0,0,,0,002,"EL CAMINO REAL","CRYSTAL SPRINGS RD",153.00,S,-,A,-,Y,,,,,,,,,,N,2,0,1,1,A,-,08,22107,,N,E,J,A,A,H,-,A,D,0,,,Y,,Y,,O,05,1,0,0,0,0,0,0,0,1,"- ","- ",,,"SAN MATEO","SAN BRUNO",-122.41046142578125,37.619804382324219
82148583,2023,2023-11-08,4100,2023-08-03,2000,25845,WDS,4,5,9,4100,0,0,0,,0,030,"LA HONDA RD","FOX HILL DR",0.00,,Y,A,-,N,,,,,,,,,,Y,2,0,1,1,A,-,03,22350,,N,E,J,A,A,H,-,D,D,0,,,Y,,Y,,C,02,1,0,0,0,0,0,0,0,1,"- ","- ",,,"SAN MATEO",UNINCORPORATED,-122.25613403320312,37.398628234863281
82191236,2023,2023-10-04,4117,2023-07-26,1338,14MN05,20AA,3,5,5,4117,0,0,0,,0,003,"HICKEY BL","JUNIPERO SERRA  BL",193.00,E,-,B,-,N,,,,,,,,,,N,2,0,1,2,A,-,17,21200,A,N,H,G,A,A,H,-,A,A,0,,Y,,,Y,,M,91,1,0,0,0,0,0,1,0,0,"- ","- ",37.665729522705078,-122.45925903320312,"SAN MATEO","SOUTH SAN FRANCISCO",-122.45877838134766,37.665679931640625
82191272,2023,2023-10-04,4100,2023-09-01,1542,18230,SNC,5,5,4,4115,0,0,0,,0,052,"SR-82 (EL CAMINO REAL)","SPRING ST",26.00,N,-,A,-,Y,,,,,,,,,,Y,2,0,1,2,A,-,09,21801,A,N,D,C,A,A,H,-,A,D,0,,,,,Y,,A,01,1,0,0,0,0,0,0,0,0,"- ","- ",,,"SAN MATEO","SAN CARLOS",-122.26763916015625,37.51300048828125
82302033,2024,2024-01-31,4116,2024-01-25,"816 ",28307,,4,5,5,4116,0,0,0,,0,00A,"ALAMEDA DE LAS PULGAS","ARAGON BLVD",0.00,,Y,A,-,N,,,,,,,,,,N,2,0,1,2,A,-,09,21801,A,N,D,C,A,B,H,-,A,A,0,,,Y,,Y,,A,01,1,0,0,0,0,0,0,0,1,"- ","- ",37.551528930664062,-122.32814788818359,"SAN MATEO","SAN MATEO",-122.328125,37.551509857177734
82318274,2024,2024-02-20,4116,2024-02-08,1222,28889,35,4,5,5,4116,0,0,0,,0,00C,"37TH AV","SOUTH EL CAMINO REAL",0.00,,Y,A,-,N,,,,,,,,,,N,2,0,1,2,A,-,00,21456,2,N,G,B,B,A,H,-,A,A,0,Y,,,,Y,Y,N,60,1,0,0,0,1,0,0,0,0,"- ","- ",37.534538269042969,-122.29460144042969,"SAN MATEO","SAN MATEO",-122.29464721679688,37.534507751464844
82372391,2024,2024-04-22,4100,2024-04-05,1733,19240,,5,5,4,4115,0,0,0,,0,052,"GLENN WY","TAYLOR WAY",100.00,N,-,A,-,N,,,,,,,,,,Y,2,0,1,1,A,-,08,22107,,N,C,E,A,A,H,-,A,D,0,,,,Y,Y,,F,26,1,0,0,0,0,0,0,0,0,"- ","- ",,,"SAN MATEO","SAN CARLOS",-122.26413726806641,37.514045715332031
82439760,2024,2024-07-15,4114,2024-06-29,1833,1222,,6,5,4,4114,0,0,0,,0,002,"JENEVEIN AV","CUNNINGHAM WY",10.00,W,-,A,-,N,,,,,,,,,,N,2,0,1,2,A,-,10,21950,A,N,G,B,B,A,H,-,A,A,0,Y,,,,Y,,A,01,1,0,0,0,1,0,0,0,0,"- ","- ",,,"SAN MATEO","SAN BRUNO",-122.42371368408203,37.617977142333984
8317795,2017,2017-03-14,4127,2017-02-25,2120,2211,4127,6,5,4,4127,0,0,0,,0,001,"BAY RD","DUMBARTON AV",146.00,S,N,A,-,N,,,,,,,,,,Y,2,0,5,1,A,-,01,23153,B,N,E,I,A,A,H,-,C,A,0,,,,,Y,Y,A,01,1,3,1,0,0,0,0,0,0,"- ","- ",,,"SAN MATEO","EAST PALO ALTO",-122.14610711,37.470867669999997
84416743,2024,2024-10-02,0400,2024-09-20,2316,0271,,5,5,4,4104,0,0,0,,0,00B,"TROUSDALE DR","QUESADA WY",17.00,E,-,A,-,N,,,,,,,,,,N,2,0,1,3,A,-,03,22350,,N,C,E,A,A,H,-,C,A,0,,,,,Y,,A,01,1,0,0,0,0,0,0,0,0,"- ","- ",37.590099334716797,-122.38847351074219,"SAN MATEO",BURLINGAME,-122.38848114013672,37.590133666992188
84460831,2024,2024-11-06,4100,2024-10-19,1639,25063,,6,5,3,4110,0,0,0,,0,,"SR-82 (EL CAMINO REAL)","LUDEMAN LN",102.90,S,-,A,-,Y,,,,,,,,,,N,2,0,1,2,A,-,08,22107,,F,B,C,A,A,H,-,A,D,0,,,,,Y,,A,01,1,0,0,0,0,0,0,0,0,"- ","- ",,,"SAN MATEO",MILLBRAE,-122.39955139160156,37.608268737792969
84592193,2025,2025-03-21,4100,2025-01-29,2127,26067,,3,5,4,4115,0,0,0,,0,051,"EL CAMINO REAL","CENTRAL AV",4.00,S,-,A,-,Y,,,,,,,,,,Y,2,0,1,2,A,-,08,22107,,F,C,C,A,A,H,-,C,D,0,,,,,Y,Y,A,01,1,0,0,0,0,0,0,0,0,"- ","- ",,,"SAN MATEO","SAN CARLOS",-122.24667358398438,37.495563507080078
8462057,2017,2017-10-12,4117,2017-09-15,1614,13SS03,17AO,5,5,5,4117,0,0,0,,0,003,"ARROYO DR","INDIO DR",76.00,W,N,A,-,N,,,,,,,,,,N,2,0,1,1,A,-,08,22107,,N,A,I,A,A,H,-,A,D,0,,Y,,,Y,,L,04,1,0,0,0,0,0,1,0,0,"- ","- ",37.654350000000001,-122.44014,"SAN MATEO","SOUTH SAN FRANCISCO",-122.44033451999999,37.65418399
8469235,2018,2018-08-08,4113,2018-02-02,0928,387,7,5,5,5,4113,0,0,0,,0,007,"EL CAMINO REAL","FINGER AV",0.00,,Y,A,-,Y,SM,4,82,-,-,5.105,I,5,N,N,2,0,2,2,A,-,09,21802,B,N,D,G,A,A,H,-,A,D,0,,Y,,,Y,,A,01,1,0,1,0,0,0,1,0,0,"- ","- ",37.493118286132812,-122.24373626708984,"SAN MATEO","REDWOOD CITY",-122.24371337890625,37.493141174316406