CASE_ID,ACCIDENT_YEAR,PROC_DATE,JURIS,COLLISION_DATE,COLLISION_TIME,OFFICER_ID,REPORTING_DISTRICT,DAY_OF_WEEK,CHP_SHIFT,POPULATION,CNTY_CITY_LOC,SPECIAL_COND,BEAT_TYPE,CHP_BEAT_TYPE,CITY_DIVISION_LAPD,CHP_BEAT_CLASS,BEAT_NUMBER,PRIMARY_RD,SECONDARY_RD,DISTANCE,DIRECTION,INTERSECTION,WEATHER_1,WEATHER_2,STATE_HWY_IND,CALTRANS_COUNTY,CALTRANS_DISTRICT,STATE_ROUTE,ROUTE_SUFFIX,POSTMILE_PREFIX,POSTMILE,LOCATION_TYPE,RAMP_INTERSECTION,SIDE_OF_HWY,TOW_AWAY,COLLISION_SEVERITY,NUMBER_KILLED,NUMBER_INJURED,PARTY_COUNT,PRIMARY_COLL_FACTOR,PCF_CODE_OF_VIOL,PCF_VIOL_CATEGORY,PCF_VIOLATION,PCF_VIOL_SUBSECTION,HIT_AND_RUN,TYPE_OF_COLLISION,MVIW,PED_ACTION,ROAD_SURFACE,ROAD_COND_1,ROAD_COND_2,LIGHTING,CONTROL_DEVICE,CHP_ROAD_TYPE,PEDESTRIAN_ACCIDENT,BICYCLE_ACCIDENT,MOTORCYCLE_ACCIDENT,TRUCK_ACCIDENT,NOT_PRIVATE_PROPERTY,ALCOHOL_INVOLVED,STWD_VEHTYPE_AT_FAULT,CHP_VEHTYPE_AT_FAULT,COUNT_SEVERE_INJ,COUNT_VISIBLE_INJ,COUNT_COMPLAINT_PAIN,COUNT_PED_KILLED,COUNT_PED_INJURED,COUNT_BICYCLIST_KILLED,COUNT_BICYCLIST_INJURED,COUNT_MC_KILLED,COUNT_MC_INJURED,PRIMARY_RAMP,SECONDARY_RAMP,LATITUDE,LONGITUDE,COUNTY,CITY,POINT_X,POINT_Y
8471940,2017,2018-07-06,4100,2017-10-03,0618,25091,4100,2,5,3,4110,0,0,0,,0,062,"EL CAMINO REAL","TAYLOR BL",4.00,N,N,A,-,Y,SM,4,82,-,-,16.386,H,-,S,N,2,0,1,2,A,-,10,21950,A,N,G,B,B,A,H,-,C,D,0,Y,,,,Y,,A,01,1,0,0,0,1,0,0,0,0,"- ","- ",,,"SAN MATEO",MILLBRAE,-122.39293180999999,37.603144059999998
8527052,2017,2018-01-10,4113,2017-11-21,2340,351,8,2,5,5,4113,0,0,0,,0,008,"ALAMEDA DE LAS PULGAS","MADDUX DR",0.00,,Y,A,-,N,,,,,,,,,,Y,2,0,2,1,A,-,01,23153,A,N,A,I,A,A,H,-,C,D,0,,,,,Y,Y,A,07,2,0,0,0,0,0,0,0,0,"- ","- ",37.452019999999997,-122.23499,"SAN MATEO","REDWOOD CITY",-122.23479996,37.452129890000002
8532194,2017,2018-01-20,4116,2017-12-05,1800,27872,52,2,5,5,4116,0,0,0,,0,00D,"COTTAGE GROVE AV","DAISY ST",0.00,,Y,A,-,N,,,,,,,,,,N,2,0,1,2,A,-,01,23152,A,N,D,C,A,A,H,-,C,A,0,,,Y,,Y,Y,C,03,1,0,0,0,0,0,0,0,1,"- ","- ",37.570309999999999,-122.30047,"SAN MATEO","SAN MATEO",-122.30045990000001,37.57029996
8555429,2017,2018-06-08,4111,2017-12-17,1809,P5145,P18,7,5,4,4111,0,0,0,,0,0P3,"LINDA MAR BL","RT 1",295.00,E,N,A,-,N,,,,,,,,,,N,2,0,1,2,A,-,10,21950,A,N,G,B,D,A,H,-,C,A,0,Y,,,,Y,Y,A,07,1,0,0,0,1,0,0,0,0,"- ","- ",,,"SAN MATEO",PACIFICA,-122.50302047,37.595495049999997
8606345,2018,2018-05-16,4114,2018-03-19,1630,0825,SNB8,1,5,4,4114,0,0,0,,0,001,"SAN BENITO AV","SAN ANSELMO AV S",195.00,W,N,A,-,N,,,,,,,,,,N,2,0,1,2,A,-,11,21954,A,F,G,B,D,A,H,-,B,D,0,Y,,,,Y,,N,60,1,0,0,0,1,0,0,0,0,"- ","- ",,,"SAN MATEO","SAN BRUNO",-122.40438079833984,37.615009307861328
8633229,2018,2018-06-18,4109,2018-05-11,1105,145676,,5,5,4,4109,0,0,0,,0,003,"BAYFRONT EXPWY","CHILCO ST",0.00,,Y,A,-,N,,,,,,,,,,Y,2,0,1,4,A,-,03,22350,,N,C,C,A,A,H,-,A,A,0,,,,,Y,,A,01,1,0,0,0,0,0,0,0,0,"- ","- ",37.452960968017578,-122.18173217773438,"SAN MATEO","MENLO PARK",-122.16716766357422,37.483139038085938
8659733,2018,2018-07-13,4117,2018-06-20,1722,14MN05,08AO,3,5,5,4117,0,0,0,,0,004,"CYPRESS AV","MILLER AV",0.00,,Y,A,-,N,,,,,,,,,,Y,2,0,1,2,A,-,12,22450,A,N,D,C,A,A,H,-,A,A,0,,,Y,,Y,,C,02,1,0,0,0,0,0,0,0,1,"- ","- ",37.660560607910156,-122.40503692626953,"SAN MATEO","SOUTH SAN FRANCISCO",-122.40812683105469,37.655780792236328
8667191,2018,2018-10-23,4117,2018-07-12,2359,13DF04,15A1,4,5,5,4117,0,0,0,,0,002,"RT 82","PONDEROSA RD",150.00,N,N,A,-,Y,SM,4,82,-,-,20.170,H,-,N,Y,2,0,2,2,A,-,08,22107,,F,C,E,A,A,H,-,C,D,0,,,,,Y,,A,01,2,0,0,0,0,0,0,0,0,"- ","- ",37.64910888671875,-122.42996978759766,"SAN MATEO","SOUTH SAN FRANCISCO",-122.42983245849609,37.649055480957031
8756765,2018,2019-05-04,4100,2018-11-27,0942,25189,SNC,2,5,4,4115,0,0,0,,0,052,"BRITTAN AV","OLD COUNTY RD",26.00,E,N,B,-,N,,,,,,,,,,Y,2,0,1,2,A,-,12,21453,A,N,D,C,A,A,H,-,A,A,0,,,,,Y,,J,48,1,0,0,0,0,0,0,0,0,"- ","- ",,,"SAN MATEO","SAN CARLOS",-122.25189208984375,37.50115966796875
8760054,2018,2018-12-12,4117,2018-11-26,0644,03JA06,16AA,1,5,5,4117,0,0,0,,0,002,"AVALON DR","RT 280",0.00,,Y,A,-,Y,,,,,,,,,,Y,2,0,3,2,A,-,09,21801,A,N,A,C,A,A,H,-,B,D,0,,,,,Y,,A,07,1,2,0,0,0,0,0,0,0,"- ","- ",37.640129089355469,-122.44138336181641,"SAN MATEO","SOUTH SAN FRANCISCO",-122.4420166015625,37.639480590820312
8760108,2018,2019-01-14,4100,2018-11-21,1920,15740,1F,3,5,2,4118,0,0,0,,0,003,"RT 84","LA HONDA RD",138.00,W,N,C,E,Y,SM,4,84,-,-,15.590,H,-,N,Y,2,0,1,1,A,-,03,22350,,N,E,I,A,B,H,-,D,D,0,,,,,Y,,A,01,1,0,0,0,0,0,0,0,0,"- ","- ",,,"SAN MATEO",WOODSIDE,-122.26267242431641,37.389938354492188
8773715,2018,2019-01-31,4111,2018-10-14,2218,P5136,P09,7,5,4,4111,0,0,0,,0,0P2,"SKYLINE BL","TIMBERHILL ST",924.00,N,N,A,-,Y,SM,4,35,-,-,27.500,H,-,N,N,2,0,1,1,A,-,"- ",,,N,F,J,A,A,H,-,C,D,0,,,,,Y,,A,01,1,0,0,0,0,0,0,0,0,"- ","- ",,,"SAN MATEO",PACIFICA,-122.47232055664062,37.654933929443359
8780619,2018,2019-01-31,4104,2018-12-07,1732,0197,11,5,5,4,4104,0,0,0,,0,00B,"CALIFORNIA DR","CALIFORNIA DR 1535",0.00,,Y,A,-,N,,,,,,,,,,N,2,0,1,1,D,-,00,,,N,H,G,A,A,H,-,C,D,0,,Y,,,Y,,-,"- ",1,0,0,0,0,0,1,0,0,"- ","- ",37.592189788818359,-122.37467193603516,"SAN MATEO",BURLINGAME,-122.37465352,37.592207260000002
8808109,2019,2019-05-03,4106,2019-01-16,0614,2035,,3,5,6,4106,0,0,0,,0,005,"SKYLINE DR","SKYLINE DR 617",0.00,N,N,A,-,N,,,,,,,,,,Y,1,1,0,3,A,-,13,22515,A,N,B,E,A,B,H,-,C,D,0,,,,Y,Y,,F,27,0,0,0,0,0,0,0,0,0,"- ","- ",,,"SAN MATEO","DALY CITY",-122.49003601074219,37.679042816162109
8808667,2019,2020-01-27,4100,2019-09-21,1020,25183,30,6,5,2,4118,0,0,0,,0,030,"RT 84","PORTOLA RD",0.00,,Y,A,-,Y,SM,4,84,-,-,18.340,I,5,N,N,2,0,1,2,A,-,09,21804,A,N,H,G,A,A,H,-,A,D,0,,Y,,,Y,,A,01,1,0,0,0,0,0,1,0,0,"- ","- ",,,"SAN MATEO",WOODSIDE,-122.25695037841797,37.407238006591797
8890743,2019,2019-11-15,4106,2019-04-23,2114,2035,,2,5,6,4106,0,0,0,,0,004,"SKYLINE BL","WESTMOOR AV",0.00,,Y,A,-,Y,SM,4,35,-,-,29.700,I,5,S,Y,2,0,1,2,A,-,12,21453,A,N,D,C,A,A,H,-,D,A,0,,,Y,,Y,,C,02,1,0,0,0,0,0,0,0,1,"- ","- ",,,"SAN MATEO","DALY CITY",-122.48935699462891,37.683372497558594
8931975,2019,2019-09-20,4101,2019-08-29,1454,17GD01,,4,5,2,4101,0,0,0,,0,001,"MIDDLEFIELD RD","SURREY LN",145.00,N,N,A,-,N,,,,,,,,,,Y,2,0,1,1,A,-,01,23152,A,N,E,I,A,A,H,-,A,A,0,,,,,Y,Y,A,08,1,0,0,0,0,0,0,0,0,"- ","- ",37.464550018310547,-122.18354797363281,"SAN MATEO",ATHERTON,-122.18399047851562,37.464653015136719
8938977,2019,2020-01-28,4100,2019-08-26,1445,15320,MLB,1,5,3,4110,0,0,0,,0,061,"EAST MILLBRAE AV","OLD BAYSHORE HWY",365.00,W,N,A,-,Y,SM,4,101,-,-,18.058,R,4,N,N,2,0,1,2,A,-,08,22107,,N,H,G,A,A,H,-,A,D,0,,Y,,,Y,,A,01,1,0,0,0,0,0,1,0,0,"- ","- ",,,"SAN MATEO",MILLBRAE,-122.38176727294922,37.603591918945312
8966211,2019,2019-11-04,4111,2019-07-09,2221,5159,P15,2,5,4,4111,0,0,0,,0,0P3,"CRESPI DR","MANZANITA DR",549.00,E,N,E,-,N,,,,,,,,,,N,2,0,1,2,A,-,17,21753,,F,B,G,A,A,H,-,C,D,0,,Y,,,Y,,L,04,1,0,0,0,0,0,1,0,0,"- ","- ",,,"SAN MATEO",PACIFICA,-122.483642578125,37.590938568115234
8969603,2019,2019-11-19,4106,2019-10-12,1852,2027,4,6,5,6,4106,0,0,0,,0,003,"JUNIPERO SERRA BL","JUNIPERO SERRA BL 1901",0.00,,Y,A,-,N,,,,,,,,,,N,2,0,1,2,A,-,12,21453,A,N,G,B,B,A,H,-,C,A,0,Y,,,,Y,,A,01,1,0,0,0,1,0,0,0,0,"- ","- ",37.702541351318359,-122.47038269042969,"SAN MATEO","DALY CITY",-122.47073899999999,37.702539999999999
8970842,2019,2019-11-08,4102,2019-09-14,1405,48800,1D,6,5,4,4102,0,0,0,,0,001,"OLD COUNTY RD","MASONIC WY",407.00,N,N,A,-,N,,,,,,,,,,N,2,0,1,3,-,-,"- ",,,N,D,C,A,A,H,-,A,D,0,,,Y,,Y,,-,"- ",1,0,0,0,0,0,0,0,1,"- ","- ",37.5224609375,-122.27728271484375,"SAN MATEO",BELMONT,-122.27703094482422,37.522342681884766
9000521,2019,2019-12-17,4106,2019-10-11,2001,2027,,5,5,6,4106,0,0,0,,0,006,"SHIPLEY AV","BEVERLY AV",34.00,S,N,A,-,N,,,,,,,,,,N,2,0,1,2,A,-,11,21954,A,N,G,B,D,A,H,-,C,D,0,Y,,,,Y,,N,60,1,0,0,0,1,0,0,0,0,"- ","- ",,,"SAN MATEO","DALY CITY",-122.46726989746094,37.654254913330078
90088302,2015,2016-01-05,9335,2015-12-22,1605,015042,,2,2,4,4111,0,1,3,,2,041,"SR-1 N/B","SR-35 OFF RAMP",20.00,N,N,B,-,Y,,,,,,,,,,Y,2,0,1,1,A,-,03,22350,,N,E,I,A,B,H,-,A,D,0,,,,,Y,,A,01,1,0,0,0,0,0,0,0,0,"- ","- ",,,"SAN MATEO",PACIFICA,,
90101333,2015,2016-01-25,9330,2015-12-23,1805,020593,,3,2,5,4113,0,1,2,,2,058,"US 101 S/B FROM SR 84 (WOODSIDE RD)","SR 84 (WOODSIDE RD)",400.00,S,N,A,-,Y,,,,,,,,,,Y,2,0,1,2,A,-,06,21750,,N,B,C,A,A,H,-,D,D,0,,,Y,,Y,,C,02,1,0,0,0,0,0,0,0,1,"- ","- ",37.488059999999997,-122.21149,"SAN MATEO","REDWOOD CITY",,
90126755,2016,2016-03-01,9330,2016-02-28,1035,019478,,7,1,9,4100,0,3,5,,2,503,"SAND HILL RD","I-280 SB OFF-RAMP",80.00,E,N,A,-,Y,,,,,,,,,,N,2,0,1,3,A,-,03,22350,,N,B,G,A,A,H,-,A,A,0,,Y,,,Y,,L,04,1,0,0,0,0,0,1,0,0,"- ","- ",,,"SAN MATEO",UNINCORPORATED,,
9013641,2019,2020-03-02,4116,2019-12-22,1801,28651,12,7,5,5,4116,0,0,0,,0,00A,"N HUMBOLDT ST","N HUMBOLDT ST 44",0.00,,-,A,-,N,,,,,,,,,,Y,2,0,1,4,A,-,01,23153,F,F,G,B,B,A,H,-,C,A,0,Y,,,,Y,,A,01,1,0,0,0,1,0,0,0,0,"- ","- ",37.573448181152344,-122.32012176513672,"SAN MATEO","SAN MATEO",-122.320345,37.573332999999998
9018350,2020,2020-03-11,4100,2020-01-01,0418,25056,5A,3,5,3,4107,0,0,0,,0,075,"S CABRILLO HWY","DOLORES AV",250.00,N,N,B,-,N,,,,,,,,,,N,2,0,1,1,A,-,01,23152,,N,E,I,A,A,H,-,D,D,0,,,,,Y,Y,A,01,1,0,0,0,0,0,0,0,0,"- ","- ",,,"SAN MATEO","HALF MOON BAY",-122.42819976806641,37.443370819091797
90272556,2016,2016-09-21,9330,2016-08-24,1829,021315,,3,2,5,4113,0,1,2,,2,058,US-101,"WOODSIDE RD",2640.00,S,N,A,-,Y,,,101,,,,,,,Y,2,0,3,5,A,-,03,22350,,N,C,C,A,A,H,-,A,D,0,,,,,Y,,D,22,1,1,1,0,0,0,0,0,0,"- ","- ",37.48751,-122.20493999999999,"SAN MATEO","REDWOOD CITY",-122.20493838,37.487523119999999
9027313,2020,2020-06-09,4117,2020-02-11,0734,04JL03,08AI,2,5,5,4117,0,0,0,,0,004,"GRAND AV","WALNUT AV",0.00,,Y,A,-,N,,,,,,,,,,Y,2,0,1,2,A,-,10,21950,A,F,G,B,B,A,H,-,A,A,0,Y,,,,Y,,A,01,1,0,0,0,1,0,0,0,0,"- ","- ",37.655769348144531,-122.41425323486328,"SAN MATEO","SOUTH SAN FRANCISCO",-122.41429138183594,37.656089782714844
90322063,2016,2016-11-17,9330,2016-07-29,2025,020894,,5,2,5,4113,0,1,2,,2,048,"US-101 SOUTHBOUND","WHIPPLE AVE",1886.00,N,N,A,-,Y,,,101,,,,,,S,Y,1,1,2,2,A,-,07,21658,A,N,B,C,A,A,H,-,B,D,0,,,,,Y,,A,01,0,2,0,0,0,0,0,0,0,"- ","- ",37.498489999999997,-122.23873,"SAN MATEO","REDWOOD CITY",-122.23870143000001,37.49853049
90373098,2017,2017-01-19,9335,2017-01-07,0010,021284,,6,3,9,4100,0,1,2,,2,011,"US-101 N/B","BART O/C",1267.00,N,N,B,C,Y,,,101,,,,,,N,Y,2,0,1,1,A,-,08,22107,,N,E,I,A,B,H,-,D,D,0,,,,,Y,,A,01,1,0,0,0,0,0,0,0,0,"- ","- ",37.618960000000001,-122.39928,"SAN MATEO",UNINCORPORATED,-122.39912903,37.619011520000001
90426879,2017,2018-06-01,9330,2017-03-12,1410,021276,,7,2,9,4100,0,1,3,,1,020,"SR-1 N/B","HILL RD",3696.00,S,N,A,-,Y,,,1,,,,,,N,Y,2,0,2,2,A,-,03,22350,,N,C,C,A,A,H,-,A,D,0,,,Y,,Y,,C,02,2,0,0,0,0,0,0,0,2,"- ","- ",37.236499999999999,-122.41538,"SAN MATEO",UNINCORPORATED,-122.41539395,37.236497829999998
90470378,2017,2017-06-05,9330,2017-05-21,0354,021350,,7,3,4,4109,0,1,2,,2,058,"US-101 S/B","MARSH RD",30.00,N,N,A,-,Y,,,101,,,,,,S,Y,2,0,1,2,A,-,01,23152,A,N,C,C,A,A,H,-,C,D,0,,,,,Y,Y,D,22,1,0,0,0,0,0,0,0,0,"- ","- ",37.483139999999999,-122.18074,"SAN MATEO","MENLO PARK",-122.18069296,37.48326393
90492302,2017,2017-07-03,9330,2017-06-11,0325,021253,,7,3,5,4113,0,1,2,,2,048,"US-101 SOUTHBOUND","WHIPPLE AVE",175.00,N,N,A,-,Y,,,101,,,,,,S,Y,2,0,1,1,A,-,01,23152,A,N,E,I,A,A,H,-,D,D,0,,,,,Y,Y,A,01,1,0,0,0,0,0,0,0,0,"- ","- ",37.497900000000001,-122.23779999999999,"SAN MATEO","REDWOOD CITY",-122.23777425,37.497944339999997
90542809,2017,2017-09-07,9330,2017-06-22,1606,021445,,4,2,9,4100,0,1,3,,1,020,"SR-1 (CABRILLO HIGHWAY)","POMPONIO STATE BEACH ENTRANCE",0.00,,Y,A,-,Y,,,1,,,,,,,Y,1,2,0,2,A,-,09,21802,A,N,D,C,A,A,H,-,A,A,0,,,,Y,Y,,A,08,0,0,0,0,0,0,0,0,0,"- ","- ",37.299889999999998,-122.40467,"SAN MATEO",UNINCORPORATED,-122.40467397,37.299889989999997
90556170,2017,2017-09-26,9330,2017-09-14,0138,021414,,4,3,5,4116,0,1,2,,2,038,"US-101 NORTHBOUND","PENINSULA AVE",662.00,N,N,A,-,Y,,,101,,,,,,N,Y,2,0,2,2,C,-,18,,,N,D,C,A,A,H,-,D,D,0,,,,,Y,Y,-,"- ",1,0,1,0,0,0,0,0,0,"- ","- ",37.585850000000001,-122.33054,"SAN MATEO","SAN MATEO",-122.33051467,37.585897410000001
90643339,2018,2018-01-19,9330,2018-01-12,0450,021414,,5,3,5,4116,0,1,1,,2,034,"I-280 SOUTHBOUND","TROUSDALE DRIVE",5808.00,S,N,E,-,Y,,,,,,,,,,Y,2,0,1,1,A,-,01,23152,A,N,A,I,A,A,H,-,C,D,0,,,,,Y,,A,07,1,0,0,0,0,0,0,0,0,"- ","- ",37.567279815673828,-122.39340209960938,"SAN MATEO","SAN MATEO",-122.39358520507812,37.567386627197266
90732078,2018,2018-05-23,9330,2018-01-29,0148,020770,,1,3,5,4113,0,1,2,,2,048,"US-101 N/B","WHIPPLE AVE",3696.00,S,N,A,-,Y,,,101,,,,,,N,Y,1,1,0,4,A,-,01,23152,A,N,B,C,A,A,H,-,C,D,0,,,Y,,Y,Y,C,02,0,0,0,0,0,0,0,1,0,"- ","- ",37.492519378662109,-122.22142028808594,"SAN MATEO","REDWOOD CITY",-122.22141265869141,37.492534637451172
90760314,2018,2018-07-02,9335,2018-06-22,1905,021754,,5,2,6,4106,0,1,1,,2,021,"I-280 N/B TO 19TH AVENUE","JOHN DALY BLVD",380.00,N,N,A,-,Y,,,280,,,,R,,N,Y,2,0,1,2,A,-,07,21658,A,N,B,C,A,A,H,-,A,D,0,,,Y,,Y,,A,07,1,0,0,0,0,0,0,0,1,"- ","- ",37.706180572509766,-122.47128295898438,"SAN MATEO","DALY CITY",-122.47128295898438,37.706180572509766
9078624,2020,2020-09-25,4117,2020-03-14,1713,18JY16,14AF,6,5,5,4117,0,0,0,,0,002,"RT 82","HAZELWOOD DR",204.00,N,N,C,-,Y,SM,4,82,-,-,19.700,H,-,S,Y,2,0,2,3,A,-,"- ",,,N,C,C,A,B,H,-,A,A,0,,,,,Y,,A,01,1,0,1,0,0,0,0,0,0,"- ","- ",37.639968872070312,-122.43092346191406,"SAN MATEO","SOUTH SAN FRANCISCO",-122.42547607421875,37.643180847167969
90809627,2018,2018-09-11,9330,2018-09-01,1420,022042,,6,2,9,4100,0,3,5,,2,407,"OAK KNOLL DR","HILLCREST DR",0.00,,Y,A,-,N,,,,,,,,,,Y,2,0,1,2,A,-,03,22350,,N,F,C,A,A,H,-,A,D,0,,,Y,,Y,,C,02,1,0,0,0,0,0,0,0,1,"- ","- ",37.474578857421875,-122.25731658935547,"SAN MATEO",UNINCORPORATED,-122.25747680664062,37.474399566650391
90822502,2018,2018-09-27,9335,2018-06-23,2050,021712,,6,2,4,4114,0,1,1,,2,038,"I-380 W/B TO EL CAMINO REAL","EL CAMINO REAL",720.00,E,N,A,-,Y,,,380,,,,R,,W,Y,1,2,0,3,A,-,06,21755,A,N,B,C,A,A,H,-,A,D,0,,,,,Y,,A,01,0,0,0,0,0,0,0,0,0,"- ","- ",37.634281158447266,-122.41694641113281,"SAN MATEO","SAN BRUNO",-122.41694641113281,37.634281158447266
90870069,2018,2019-02-08,9330,2018-10-14,0150,021204,,7,3,9,4100,0,1,1,,2,044,"I-280 N/B","EDGEWOOD ROAD",2640.00,N,N,A,-,Y,,,280,,,,,,N,Y,1,1,0,1,A,-,01,23152,A,N,E,I,A,A,H,-,D,D,0,,,,,Y,Y,A,01,0,0,0,0,0,0,0,0,0,"- ","- ",37.476890563964844,-122.2989501953125,"SAN MATEO",UNINCORPORATED,-122.29903411865234,37.476875305175781
90884809,2018,2018-12-18,9330,2018-12-10,2228,021857,,1,3,9,4100,0,1,1,,2,034,"I-280 S/B",SR-92,345.00,N,N,E,-,Y,,,280,,,,,,S,Y,2,0,1,1,A,-,08,22107,,N,E,I,A,A,H,-,C,D,0,,,,,Y,,A,01,1,0,0,0,0,0,0,0,0,"- ","- ",37.507801055908203,-122.34059906005859,"SAN MATEO",UNINCORPORATED,-122.34049987792969,37.507972717285156
90918461,2019,2019-02-04,9330,2019-01-28,0135,021204,,1,3,4,4109,0,1,2,,2,058,"US-101 N/B","WILLOW RD",300.00,S,N,A,-,Y,,,101,,,,,,N,Y,2,0,1,1,A,-,01,23152,A,N,E,I,A,A,H,-,D,D,0,,,,,Y,Y,A,07,1,0,0,0,0,0,0,0,0,"- ","- ",37.468299865722656,-122.15380096435547,"SAN MATEO","MENLO PARK",-122.15385437011719,37.468208312988281
90927743,2019,2019-02-18,9335,2019-02-07,1407,021339,,4,2,9,4100,0,1,3,,2,040,SR-1,"LINDA MAR BLVD",3900.00,S,N,A,-,Y,,,1,,,,,,,Y,2,0,3,2,A,-,05,21460,A,N,A,C,A,A,H,-,A,D,0,,,,,Y,,A,01,2,1,0,0,0,0,0,0,0,"- ","- ",37.585258483886719,-122.5059814453125,"SAN MATEO",UNINCORPORATED,-122.5059814453125,37.585281372070312
90954721,2019,2019-03-27,9335,2019-03-17,2020,022037,,7,2,9,4100,0,1,3,,2,040,"SR-1 N/B","1ST ST",5110.00,N,N,A,-,Y,,,1,,,,,,N,Y,2,0,2,2,A,-,01,23152,A,N,A,C,A,A,H,-,D,D,0,,,,,Y,Y,A,01,1,0,1,0,0,0,0,0,0,"- ","- ",37.5601806640625,-122.51310729980469,"SAN MATEO",UNINCORPORATED,-122.51313781738281,37.560192108154297
91015899,2019,2019-06-24,9330,2019-06-14,1720,022190,,5,2,9,4100,0,1,3,,1,021,SR-84,"SEQUOIA DR.",3168.00,E,N,B,-,N,,,84,,,,,,,Y,2,0,1,2,A,-,05,21460,A,F,B,C,A,A,H,-,A,D,0,,,Y,,Y,,-,99,1,0,0,0,0,0,0,0,1,"- ","- ",37.372768402099609,-122.26455688476562,"SAN MATEO",UNINCORPORATED,-122.26448822021484,37.372756958007812
91020657,2019,2019-10-17,9330,2019-06-11,1213,020207,,2,1,9,4100,0,1,3,,1,010,"SR-1 (CABRILLO HIGHWAY)","14TH STREET",70.60,N,N,A,-,Y,,,1,,,,,,,Y,1,1,1,3,A,-,03,22350,,N,F,A,A,A,H,-,A,D,0,,,Y,,Y,,C,02,1,0,0,0,0,0,0,1,1,"- ","- ",37.537498474121094,-122.51746368408203,"SAN MATEO",UNINCORPORATED,-122.51747894287109,37.537506103515625
91049027,2019,2019-08-09,9330,2019-07-31,2210,021550,,3,3,5,4113,0,1,2,,2,048,"US-101 S/B","WHIPPLE AVENUE",2600.00,N,N,A,-,Y,,,101,,,,,,S,Y,2,0,4,5,A,-,03,22350,,N,C,D,A,A,H,-,C,D,0,,,,,Y,,A,01,1,3,0,0,0,0,0,0,0,"- ","- ",37.501510620117188,-122.24231719970703,"SAN MATEO","REDWOOD CITY",-122.24227905273438,37.501552581787109
91072954,2019,2019-09-12,9330,2019-09-02,1145,021609,,1,1,9,4100,0,3,5,,2,205,"TUNITAS CREEK ROAD",SR-35,13200.00,W,N,A,-,N,,,,,,,,,,N,2,0,1,1,A,-,03,22350,,N,F,A,A,A,G,-,A,D,0,,Y,,,Y,,L,04,1,0,0,0,0,0,1,0,0,"- ","- ",37.423271179199219,-122.34465789794922,"SAN MATEO",UNINCORPORATED,-122.34465789794922,37.423244476318359
91130926,2019,2019-11-27,9330,2019-11-17,0230,020954,,7,3,5,4113,0,1,2,,2,058,"US-101 SOUTHBOUND","SR-84 (MARSH ROAD)",1584.00,N,N,A,-,Y,,,101,,,,,,S,Y,2,0,1,1,A,-,01,23152,F,N,E,I,A,A,D,-,C,D,0,,,,,Y,,A,01,1,0,0,0,0,0,0,0,0,"- ","- ",37.485248565673828,-122.18802642822266,"SAN MATEO","REDWOOD CITY",-122.18803405761719,37.485214233398438
91202884,2020,2020-04-24,9330,2020-02-02,0411,021315,,7,3,5,4116,0,1,2,,2,038,"US-101 S/B","FASHION ISLD. BLVD.",365.00,N,N,A,-,Y,,,101,,,,,,S,Y,2,0,1,1,A,-,01,23152,A,N,E,I,A,A,H,-,C,D,0,,,,,Y,Y,A,01,1,0,0,0,0,0,0,0,0,"- ","- ",37.553981781005859,-122.29792785644531,"SAN MATEO","SAN MATEO",-122.29737854003906,37.554500579833984
91203180,2020,2020-07-29,9330,2020-03-03,0637,021609,,2,1,9,4100,0,1,1,,2,034,"I-280 S/B","TROUSDALE DRIVE",2640.00,S,N,A,-,Y,,,280,,,,,,S,Y,2,0,1,2,A,-,07,21658,A,N,D,C,A,A,H,-,B,D,0,,,Y,,Y,,A,01,1,0,0,0,0,0,0,0,1,"- ","- ",37.573959350585938,-122.40032958984375,"SAN MATEO",UNINCORPORATED,-122.4002685546875,37.573997497558594
91205858,2020,2020-03-11,9330,2020-02-27,1705,022367,,4,2,5,4113,0,1,2,,2,058,"US-101 SOUTHBOUND","MARSH RD",5280.00,N,N,A,-,Y,,,101,,,,,,S,Y,2,0,1,3,A,-,07,21658,A,F,B,D,A,A,H,-,A,D,0,,,Y,Y,Y,,-,99,1,0,0,0,0,0,0,0,1,"- ","- ",37.486660003662109,-122.19925689697266,"SAN MATEO","REDWOOD CITY",-122.19925689697266,37.486656188964844
91220446,2020,2020-04-03,9330,2020-03-29,1410,022372,,7,2,4,4115,0,1,2,,2,048,"US-101 N/B","HOLLY ST",528.00,S,N,C,-,Y,,,101,,,,,,N,Y,2,0,1,2,A,-,03,22350,,N,E,I,A,B,H,-,A,D,0,,,,,Y,,A,01,1,0,0,0,0,0,0,0,0,"- ","- ",37.507568359375,-122.24875640869141,"SAN MATEO","SAN CARLOS",-122.24876403808594,37.507568359375
91226053,2020,2020-04-15,9330,2020-04-08,1530,021979,,3,2,9,4100,0,1,3,,1,020,SR-1,"POMPONIO STATE BEACH",2270.00,S,N,B,-,Y,,,1,,,,,,,Y,2,0,1,2,A,-,06,21755,,N,B,C,A,A,H,-,A,D,0,,,Y,,Y,,C,02,1,0,0,0,0,0,0,0,1,"- ","- ",37.299858093261719,-122.40463256835938,"SAN MATEO",UNINCORPORATED,-122.40467071533203,37.299858093261719