CASE_ID,ACCIDENT_YEAR,PROC_DATE,JURIS,COLLISION_DATE,COLLISION_TIME,OFFICER_ID,REPORTING_DISTRICT,DAY_OF_WEEK,CHP_SHIFT,POPULATION,CNTY_CITY_LOC,SPECIAL_COND,BEAT_TYPE,CHP_BEAT_TYPE,CITY_DIVISION_LAPD,CHP_BEAT_CLASS,BEAT_NUMBER,PRIMARY_RD,SECONDARY_RD,DISTANCE,DIRECTION,INTERSECTION,WEATHER_1,WEATHER_2,STATE_HWY_IND,CALTRANS_COUNTY,CALTRANS_DISTRICT,STATE_ROUTE,ROUTE_SUFFIX,POSTMILE_PREFIX,POSTMILE,LOCATION_TYPE,RAMP_INTERSECTION,SIDE_OF_HWY,TOW_AWAY,COLLISION_SEVERITY,NUMBER_KILLED,NUMBER_INJURED,PARTY_COUNT,PRIMARY_COLL_FACTOR,PCF_CODE_OF_VIOL,PCF_VIOL_CATEGORY,PCF_VIOLATION,PCF_VIOL_SUBSECTION,HIT_AND_RUN,TYPE_OF_COLLISION,MVIW,PED_ACTION,ROAD_SURFACE,ROAD_COND_1,ROAD_COND_2,LIGHTING,CONTROL_DEVICE,CHP_ROAD_TYPE,PEDESTRIAN_ACCIDENT,BICYCLE_ACCIDENT,MOTORCYCLE_ACCIDENT,TRUCK_ACCIDENT,NOT_PRIVATE_PROPERTY,ALCOHOL_INVOLVED,STWD_VEHTYPE_AT_FAULT,CHP_VEHTYPE_AT_FAULT,COUNT_SEVERE_INJ,COUNT_VISIBLE_INJ,COUNT_COMPLAINT_PAIN,COUNT_PED_KILLED,COUNT_PED_INJURED,COUNT_BICYCLIST_KILLED,COUNT_BICYCLIST_INJURED,COUNT_MC_KILLED,COUNT_MC_INJURED,PRIMARY_RAMP,SECONDARY_RAMP,LATITUDE,LONGITUDE,COUNTY,CITY,POINT_X,POINT_Y
91227851,2020,2020-04-21,9330,2020-04-09,1153,022020,,4,1,9,4100,0,1,3,,1,011,SR-92,"SKYLINE QUARRY ROAD",1874.00,W,N,A,-,Y,,,92,,,,,,,Y,2,0,3,2,A,-,05,21650,,N,A,C,A,A,H,-,A,D,0,,,,,Y,,A,07,2,0,1,0,0,0,0,0,0,"- ","- ",37.500110626220703,-122.35688018798828,"SAN MATEO",UNINCORPORATED,-122.35690307617188,37.500137329101562
91235149,2020,2021-02-03,9330,2020-02-21,0200,022101,,5,3,5,4116,0,1,2,,2,038,"US-101 S/B (BAYSHORE FREEWAY)","MONTE DIABLO PED O/C",276.00,S,N,A,-,Y,,,101,,,,,,S,N,1,1,0,2,A,-,03,22350,,F,G,B,E,A,G,-,D,D,0,Y,,,,Y,,A,07,0,0,0,1,0,0,0,0,0,"- ","- ",37.575641632080078,-122.31929016113281,"SAN MATEO","SAN MATEO",-122.31929779052734,37.575626373291016
91375318,2020,2021-06-04,9335,2020-12-19,1930,022517,,6,2,5,4117,0,1,1,,2,038,"I-380 E/B","EL CAMINO REAL",5.00,E,N,A,-,Y,,,,,,,,,,Y,2,0,2,3,A,-,07,21658,A,N,B,C,A,A,H,-,D,D,0,,,,,Y,,A,01,1,1,0,0,0,0,0,0,0,"- ","- ",37.632991790771484,-122.41890716552734,"SAN MATEO","SOUTH SAN FRANCISCO",-122.41910552978516,37.632877349853516
91383128,2020,2021-01-07,9335,2020-12-30,2042,018688,,3,2,4,4114,0,1,1,,2,038,"I-280 S/B TO I-380 E/B","SAN BRUNO AVE ON RAMP",150.00,N,N,B,C,Y,,,280,,,,R,,S,Y,2,0,1,1,A,-,08,22107,,N,E,C,A,B,H,-,D,D,0,,,,,Y,,A,01,1,0,0,0,0,0,0,0,0,"- ","- ",37.62725830078125,-122.43076324462891,"SAN MATEO","SAN BRUNO",-122.43076324462891,37.62725830078125
91449733,2021,2021-04-13,9330,2021-04-03,1430,022575,,6,2,9,4100,0,1,3,,1,020,SR-1,"GAZOS CREEK ROAD",750.00,S,N,B,-,Y,,,1,,,,,,,Y,2,0,2,2,A,-,03,22350,,N,C,C,A,A,H,-,A,D,0,,,Y,,Y,,C,02,2,0,0,0,0,0,0,0,2,"- ","- ",37.164680480957031,-122.36029052734375,"SAN MATEO",UNINCORPORATED,-122.36031341552734,37.164669036865234
91452554,2020,2021-05-11,9335,2020-12-03,0650,021099,,4,1,9,4100,0,1,2,,2,011,"US-101 NB","SAN FRANCISCO INTL AIRPORT BART O/C",402.00,N,N,B,-,Y,,,101,,,,,,N,Y,1,1,0,2,A,-,01,23152,G,N,C,C,A,A,H,-,B,D,0,,,,,Y,Y,A,01,0,0,0,0,0,0,0,0,0,"- ","- ",37.616748809814453,-122.39830017089844,"SAN MATEO",UNINCORPORATED,-122.39833068847656,37.616741180419922
91465467,2021,2021-05-04,9330,2021-02-08,0637,022279,,1,1,4,4104,0,1,2,,2,038,"US-101 N/B",BROADWAY,1584.00,S,N,B,-,Y,,,101,,,,,,N,Y,1,1,0,2,A,-,05,21651,B,N,A,C,A,A,H,-,B,D,0,,,,Y,Y,,A,08,0,0,0,0,0,0,0,0,0,"- ","- ",37.588218688964844,-122.35745239257812,"SAN MATEO",BURLINGAME,-122.35746765136719,37.588172912597656
91503373,2021,2021-06-23,9330,2021-06-06,0741,022595,,7,1,9,4100,0,3,5,,2,503,"SR-84 (WOODSIDE ROAD)","ALAMEDA DE LAS PULGAS",0.00,,Y,A,-,Y,,,84,,,,,,,N,2,0,1,2,A,-,09,21800,A,N,D,G,A,A,H,-,A,A,0,,Y,,,Y,,A,07,1,0,0,0,0,0,1,0,0,"- ","- ",37.448749542236328,-122.23162841796875,"SAN MATEO",UNINCORPORATED,-122.23155212402344,37.448699951171875
91511846,2021,2021-07-02,9335,2021-06-24,1825,021424,,4,2,2,4103,0,1,2,,2,012,"US-101 S/B","SIERRA POINT PKY",1000.00,N,N,A,-,Y,,,101,,,,,,S,Y,2,0,1,2,A,-,03,22350,,N,C,C,A,A,H,-,A,D,0,,,Y,,Y,,C,02,1,0,0,0,0,0,0,0,1,"- ","- ",37.677570343017578,-122.3885498046875,"SAN MATEO",BRISBANE,-122.38852691650391,37.677566528320312
91513567,2020,2021-07-06,9330,2020-08-23,0010,022200,,7,3,9,4100,0,1,1,,2,034,"I-280 S/B","TROUSDALE DRIVE",6864.00,S,N,A,-,Y,,,280,,,,,,S,Y,2,0,2,1,A,-,08,22107,,F,E,I,A,A,H,-,D,D,0,,,,,Y,Y,A,01,2,0,0,0,0,0,0,0,0,"- ","- ",37.565559387207031,-122.38880157470703,"SAN MATEO",UNINCORPORATED,-122.38886260986328,37.565414428710938
91523276,2021,2021-07-19,9335,2021-06-02,1935,022175,,3,2,2,4103,0,1,2,,2,012,"US-101 N/B","ALANA WAY U/C",5925.00,S,N,B,F,Y,,,101,,,,,,N,Y,2,0,2,4,A,-,01,23152,A,N,B,C,A,A,H,-,A,D,0,,,,,Y,Y,A,01,1,1,0,0,0,0,0,0,0,"- ","- ",37.69281005859375,-122.391357421875,"SAN MATEO",BRISBANE,-122.39134979248047,37.69281005859375
91534374,2021,2021-08-02,9330,2021-07-23,0330,022185,,5,3,5,4116,0,1,3,,2,031,"SR-92 WESTBOUND","WEST HILLSDALE BLVD",528.00,E,N,A,-,Y,,,92,,,,,,W,Y,2,0,1,1,A,-,08,22107,,N,E,I,A,A,H,-,C,D,0,,,,,Y,,D,22,1,0,0,0,0,0,0,0,0,"- ","- ",37.534450531005859,-122.32932281494141,"SAN MATEO","SAN MATEO",-122.32929229736328,37.534442901611328
91595322,2021,2021-10-13,9330,2021-07-13,2500,021315,,2,4,9,4100,0,1,3,,1,020,"SR-1 (CABRILLO HIGHWAY)","SR-84 (LA HONDA ROAD)",7392.00,S,N,B,-,Y,,,1,,,,,,,Y,1,1,0,1,A,-,08,22107,,N,F,A,A,A,H,-,D,D,0,,,,,Y,,D,22,0,0,0,0,0,0,0,0,0,"- ","- ",37.305011749267578,-122.40548706054688,"SAN MATEO",UNINCORPORATED,-122.40467071533203,37.305004119873047
9161745,2020,2020-10-05,4114,2020-07-24,2103,0825,SNB6,5,5,4,4114,0,0,0,,0,002,"CAMINO PLZ","SAN BRUNO AV",166.00,S,N,A,-,N,,,,,,,,,,N,2,0,1,2,A,-,21,22106,,N,G,B,D,A,H,-,C,D,0,Y,,,,Y,,N,60,1,0,0,0,1,0,0,0,0,"- ","- ",,,"SAN MATEO","SAN BRUNO",-122.416725,37.628203999999997
91667192,2021,2021-12-31,9335,2021-12-23,0255,021301,,4,3,6,4106,0,1,1,,2,021,"I-280 N/B","SERRAMONTE BLVD UNDER-CROSSING",508.00,S,N,C,-,Y,,,280,,,,,,N,Y,2,0,1,1,A,-,08,22107,,N,E,I,A,B,H,-,C,D,0,,,,,Y,,A,01,1,0,0,0,0,0,0,0,0,"- ","- ",37.668300628662109,-122.4656982421875,"SAN MATEO","DALY CITY",-122.46564483642578,37.668312072753906
91690099,2022,2022-02-01,9330,2022-01-19,1150,021979,,3,1,9,4100,0,3,5,,2,505,"MIDDLEFIELD ROAD","FIFTH AVENUE",0.00,,Y,A,-,N,,,,,,,,,,N,2,0,1,2,A,-,12,21453,A,N,D,C,A,A,H,-,A,A,0,,,,,Y,,A,07,1,0,0,0,0,0,0,0,0,"- ","- ",37.472091674804688,-122.20449829101562,"SAN MATEO",UNINCORPORATED,-122.20451354980469,37.472103118896484
91697903,2022,2022-02-10,9330,2022-02-01,1110,020646,,2,1,5,4116,0,1,3,,2,031,"SR-92 EB","SR-82 (EL CAMINO REAL)",10.00,W,N,A,-,Y,SM,,92,,R,11.216,H,,R,Y,2,0,1,1,A,-,08,22107,,N,E,8,A,A,H,-,A,D,0,,,,,Y,,A,07,1,0,0,0,0,0,0,0,0,"- ","- ",37.550338745117188,-122.31189727783203,"SAN MATEO","SAN MATEO",-122.31185150146484,37.550296783447266
91738917,2022,2022-04-01,9330,2022-02-13,0543,022200,,7,3,5,4116,0,1,2,,2,038,US-101,"THIRD AVENUE",408.00,S,N,A,-,Y,SM,,101,,,13.259,H,,R,Y,2,0,1,3,A,-,03,22350,,N,A,C,A,A,C,-,C,D,0,,,,,Y,,A,07,1,0,0,0,0,0,0,0,0,"- ","- ",37.568771362304688,-122.31160736083984,"SAN MATEO","SAN MATEO",-122.31159210205078,37.568778991699219
91743192,2021,2022-05-23,9330,2021-05-25,0400,022524,,2,3,5,4113,0,1,2,,2,058,"US-101 N/B","MARSH ROAD",3696.00,N,N,A,-,Y,,,101,,,,,,N,Y,1,1,1,3,C,-,18,,,N,C,2,E,A,H,-,D,D,0,Y,,,,Y,,-,"- ",1,0,0,1,0,0,0,0,0,"- ","- ",37.486019134521484,-122.19303131103516,"SAN MATEO","REDWOOD CITY",-122.19303131103516,37.486034393310547
91758596,2022,2022-04-28,9330,2022-04-16,1054,021927,,6,1,5,4116,0,1,3,,2,031,"SR-92 W/B","DELAWARE ST.",250.00,E,N,A,-,Y,SM,,92,,R,11.673,H,,L,Y,2,0,1,2,A,-,03,22350,,F,C,C,A,A,H,-,A,D,0,,,,,Y,,-,99,1,0,0,0,0,0,0,0,0,"- ","- ",37.552661895751953,-122.30442047119141,"SAN MATEO","SAN MATEO",-122.30442047119141,37.552703857421875
91779305,2022,2022-05-24,9330,2022-05-14,0925,022515,,6,1,9,4100,0,1,3,,1,021,"SR-84 (LA HONDA ROAD)","HILDEBRAND ROAD",4466.00,E,N,A,-,Y,SM,,84,,,10.302,H,,R,Y,2,0,1,1,A,-,03,22350,,N,E,I,A,A,H,-,A,D,0,,,,,Y,,A,01,1,0,0,0,0,0,0,0,0,"- ","- ",37.337028503417969,-122.26953125,"SAN MATEO",UNINCORPORATED,-122.26940155029297,37.337047576904297
91846389,2022,2022-08-23,9330,2022-08-10,1624,022590,,3,2,9,4100,0,1,3,,1,010,SR-1,"CAPISTRANO ROAD",2112.00,N,N,A,-,Y,SM,,1,,,33.557,H,,R,Y,2,0,3,2,A,-,01,23152,A,N,A,C,A,A,H,-,A,D,0,,,,,Y,Y,A,07,3,0,0,0,0,0,0,0,0,"- ","- ",37.511749267578125,-122.49072265625,"SAN MATEO",UNINCORPORATED,-122.49068450927734,37.51177978515625
91874665,2022,2023-04-13,9330,2022-09-15,2325,022914,,4,3,9,4100,0,1,1,,2,034,"I-280 S/B","BLACK MOUNTAIN ROAD",6336.00,S,N,A,-,Y,SM,,280,,R,13.082,H,,L,Y,2,0,2,2,A,-,03,22350,,N,C,2,A,A,H,-,D,D,0,,,,,Y,Y,A,07,1,0,1,0,0,0,0,0,0,"- ","- ",37.533050537109375,-122.36180877685547,"SAN MATEO",UNINCORPORATED,-122.36181640625,37.533050537109375
91918088,2022,2022-11-15,9335,2022-11-09,0825,020610,,3,1,6,4106,0,1,1,,2,021,"I-280 S/B","HICKEY BOULEVARD",605.00,N,N,A,-,Y,SM,,280,,R,24.349,H,,L,Y,2,0,1,4,A,-,03,22350,,N,C,C,A,A,H,-,A,D,0,,,,,Y,,A,01,1,0,0,0,0,0,0,0,0,"- ","- ",37.66558837890625,-122.4658203125,"SAN MATEO","DALY CITY",-122.46585845947266,37.66558837890625
91923142,2022,2022-11-21,9330,2022-11-09,1139,020646,,3,1,5,4116,0,1,3,,1,035,SR-92,"FOSTER CITY BLVD",5280.00,E,N,B,-,Y,SM,,92,,R,14.626,H,,R,N,2,0,1,1,A,-,08,22107,,N,E,I,A,A,H,-,A,D,0,,,,,Y,,A,01,1,0,0,0,0,0,0,0,0,"- ","- ",37.575000762939453,-122.26096343994141,"SAN MATEO","SAN MATEO",-122.26090240478516,37.574958801269531
91977312,2023,2023-01-25,9330,2023-01-22,2240,023011,,7,3,9,4100,0,1,3,,2,042,SR-35,"HARKINS ROAD",845.00,N,N,A,-,Y,SM,,35," "," ",18.630,H,,R,Y,2,0,2,1,A,-,05,21460,A,N,E,8,A,A,H,-,D,D,0,,,,,Y,,A,01,2,0,0,0,0,0,0,0,0,"- ","- ",37.448650360107422,-122.33682250976562,"SAN MATEO",UNINCORPORATED,-122.33676147460938,37.448715209960938
92031518,2023,2023-03-29,9330,2023-03-02,1250,022409,,4,1,2,4118,0,1,1,,2,044,"I-280 N/B","FARMHILL BLVD.",3300.00,N,N,A,-,Y,SM,,280," ",R,5.667,H,,R,Y,2,0,1,3,A,-,03,22350,,N,C,C,A,A,H,-,A,D,0,,,,Y,Y,,A,01,1,0,0,0,0,0,0,0,0,"- ","- ",37.450481414794922,-122.27870178222656,"SAN MATEO",WOODSIDE,-122.27870941162109,37.450473785400391
92034116,2023,2023-03-31,9335,2023-02-26,2016,022186,,7,2,9,4100,0,1,2,,2,011,"US-101 N/B","SAN BRUNO AVENUE O/C",1835.00,S,N,B,-,Y,SM,,101," "," ",20.029,H,,R,Y,2,0,1,3,A,-,08,22107,,N,E,I,A,A,H,-,C,D,0,,,,,Y,,A,08,1,0,0,0,0,0,0,0,0,"- ","- ",37.626239776611328,-122.40170288085938,"SAN MATEO",UNINCORPORATED,-122.401611328125,37.626262664794922
92090204,2022,2023-06-09,9330,2022-11-04,2110,022754,,5,2,9,4100,0,1,1,,2,034,"I-280 SOUTHBOUND","BUNKER HILL DRIVE",1045.00,N,N,A,-,Y,SM,,280,,R,12.529,H,,L,Y,1,1,0,1,A,-,01,23152,G,N,E,8,A,A,H,-,C,D,0,,,,,Y,Y,A,01,0,0,0,0,0,0,0,0,0,"- ","- ",37.525520324707031,-122.35843658447266,"SAN MATEO",UNINCORPORATED,-122.35823059082031,37.525630950927734
92097747,2023,2023-06-20,9330,2023-06-03,"900 ",023165,,6,1,9,4100,0,1,3,,1,010,SR-1,"MEDIO AVE",0.00,,Y,A,-,Y,SM,,1," "," ",31.414,H,,R,Y,2,0,2,2,A,-,09,21801,A,N,D,C,A,A,H,-,A,D,0,,,,,Y,,A,01,1,0,1,0,0,0,0,0,0,"- ","- ",37.495998382568359,-122.45771026611328,"SAN MATEO",UNINCORPORATED,-122.45770263671875,37.496017456054688
92155007,2023,2023-08-28,9330,2023-08-15,1806,022575,,2,2,9,4100,0,3,5,,2,505,"SR-82 (EL CAMINO REAL)","EAST SELBY LANE",0.00,,Y,A,-,Y,SM,,82," "," ",2.619,H,,R,Y,2,0,1,2,A,-,09,21803,A,F,D,6,A,A,H,-,A,A,0,,Y,,,Y,,A,01,1,0,0,0,0,0,1,0,0,"- ","- ",37.468528747558594,-122.21082305908203,"SAN MATEO",UNINCORPORATED,-122.21077728271484,37.46856689453125
92349432,2024,2024-03-28,9330,2024-03-09,1600,022960,,6,2,9,4100,0,1,3,,2,072,SR-35,"SKYLINE RIDGE",0.00,,Y,A,-,Y,SM,,35," "," ",2.390,H,,R,Y,2,0,1,1,A,-,08,22107,,N,F,A,A,A,H,-,A,D,0,,,Y,,Y,,-,"- ",1,0,0,0,0,0,0,0,1,"- ","- ",37.311668395996094,-122.17344665527344,"SAN MATEO",UNINCORPORATED,-122.17345428466797,37.311664581298828
92413186,2024,2024-06-12,9330,2024-06-04,1247,020646,,2,1,9,4100,0,1,3,,2,042,SR-35,"CALL BOX SM-35-221",672.00,S,N,A,-,Y,SM,,35," "," ",21.913,H,,R,N,2,0,1,1,A,-,08,22107,,N,E,8,A,A,H,-,A,D,0,,,Y,,Y,,C,02,1,0,0,0,0,0,0,0,1,"- ","- ",37.484439849853516,-122.36296081542969,"SAN MATEO",UNINCORPORATED,-122.36292266845703,37.484462738037109
9254801,2020,2021-05-20,4127,2020-11-26,0850,2257,4127,4,5,4,4127,0,0,0,,0,001,"MENALTO AV","NEWBRIDGE ST",0.00,,Y,A,-,N,,,,,,,,,,Y,2,0,1,3,A,-,08,22107,,F,G,B,A,A,H,-,A,D,0,,,,,Y,,A,01,1,0,0,0,0,0,0,0,0,"- ","- ",,,"SAN MATEO","EAST PALO ALTO",-122.1497802734375,37.471279144287109
9321109,2021,2023-06-17,4104,2021-10-18,0004,0259,9,1,5,4,4104,0,0,0,,0,00B,"RT 82","CARMELITA AV",200.00,N,N,A,-,Y,SM,4,82,-,-,14.310,H,-,N,Y,1,2,1,3,A,-,03,22350,,N,F,I,A,B,H,-,C,A,0,,,,,Y,Y,A,01,1,0,0,0,0,0,0,0,0,"- ","- ",37.584228515625,-122.36628723144531,"SAN MATEO",BURLINGAME,-122.36466217041016,37.583293914794922
9322738,2021,2021-10-06,4127,2021-08-19,0753,2222,4127,4,5,4,4127,0,0,0,,0,001,"RUNNYMEDE ST","UNIVERSITY AV",0.00,,Y,A,-,N,,,,,,,,,,N,2,0,2,2,A,-,09,21801,,N,D,G,A,A,H,-,A,A,0,,Y,,,Y,,A,01,1,1,0,0,0,0,2,0,0,"- ","- ",,,"SAN MATEO","EAST PALO ALTO",-122.14134979248047,37.468521118164062
9342980,2021,2022-08-24,4116,2021-09-26,1618,26651,12,7,5,5,4116,0,0,0,,0,00A,"EAST SANTA INEZ AV","N HUMBOLDT ST",0.00,,Y,A,-,N,,,,,,,,,,N,1,1,2,3,A,-,01,23153,A,N,D,D,A,A,H,-,A,A,0,,,,,Y,Y,A,01,0,0,2,0,0,0,0,0,0,"- ","- ",37.576190948486328,-122.32346343994141,"SAN MATEO","SAN MATEO",-122.32344818115234,37.576187133789062
9346421,2021,2021-10-20,4111,2021-08-26,1703,P5154,P14,4,5,4,4111,0,0,0,,0,0P3,"LA MIRADA WY","ALTA VISTA DR",10.00,N,N,A,-,N,,,,,,,,,,N,2,0,1,2,A,-,21,22106,,N,G,B,E,A,H,-,A,D,0,Y,,,,Y,,I,11,1,0,0,0,1,0,0,0,0,"- ","- ",37.595279693603516,-122.48995971679688,"SAN MATEO",PACIFICA,-122.48995971679688,37.595317840576172
94443012,2024,2024-10-23,9330,2024-06-02,1530,023687,,7,2,9,4100,0,1,3,,1,021,SR-84,"JEEP TRAIL",1056.00,E,N,A,-,Y,SM,,84," "," ",12.459,H,,R,Y,2,0,2,2,A,-,05,21460,,N,B,C,A,A,H,-,A,D,0,,,Y,,Y,,C,02,1,1,0,0,0,0,0,0,1,"- ","- ",37.359619140625,-122.26364135742188,"SAN MATEO",UNINCORPORATED,-122.26364135742188,37.359611511230469
94471636,2024,2024-11-15,9330,2024-11-01,2052,023587,,5,2,9,4100,0,1,3,,1,011,SR-92,"OLD CANADA ROAD",528.00,E,N,C,-,Y,SM,,92," "," ",6.706,H,,R,Y,2,0,2,2,A,-,03,22350,,N,D,C,A,B,H,-,D,D,0,,,,,Y,,A,01,1,0,1,0,0,0,0,0,0,"- ","- ",37.507648468017578,-122.35665893554688,"SAN MATEO",UNINCORPORATED,-122.35665893554688,37.507640838623047
94495283,2024,2024-12-06,9335,2024-04-17,2500,022187,,3,4,9,4100,0,1,3,,2,040,"SR-1 S/B","THE NORTH PROLONGATION OF 1ST STREET",4517.00,N,N,A,-,Y,SM,,1," "," ",37.533,H,,L,Y,1,1,0,1,A,-,08,22107,,N,E,8,A,A,H,-,D,D,0,,,,,Y,,A,07,0,0,0,0,0,0,0,0,0,"- ","- ",37.558578491210938,-122.51471710205078,"SAN MATEO",UNINCORPORATED,-122.5146484375,37.558570861816406
94577147,2025,2025-02-12,9335,2025-02-04,"630 ",022703,,2,1,4,4114,0,1,1,,2,020,"I-280 NORTHBOUND","SAN BRUNO AVE",1698.00,S,N,B,C,Y,SM,,280," ",R,20.434,H,,R,Y,2,0,1,2,A,-,08,22107,,N,B,C,A,B,H,-,C,D,0,,,,,Y,,D,22,1,0,0,0,0,0,0,0,0,"- ","- ",37.620281219482422,-122.42569732666016,"SAN MATEO","SAN BRUNO",-122.42568206787109,37.620288848876953
9464325,2022,2022-08-22,4127,2022-05-23,2035,2242,4127,1,5,4,4127,0,0,0,,0,001,"UNIVERSITY AV","BAY RD",38.00,W,N,A,-,N,,,,,,,,,,Y,1,1,0,1,A,-,03,22350,,N,E,I,A,A,H,-,A,A,0,,,,,Y,,A,01,0,0,0,0,0,0,0,0,0,"- ","- ",,,"SAN MATEO","EAST PALO ALTO",-122.13943481445312,37.471549987792969
94697539,2025,2025-05-22,9330,2025-05-10,1800,023696,,6,2,9,4100,0,3,5,,2,109,"AVENUE PORTOLA E/B","AVENUE ALHAMBRA",0.00,,Y,A,-,N,,,,,,,,,,N,2,0,1,2,A,-,17,21200,,N,B,G,A,A,H,-,A,A,0,,Y,,,Y,Y,L,04,1,0,0,0,0,0,1,0,0,"- ","- ",37.502490997314453,-122.46970367431641,"SAN MATEO",UNINCORPORATED,,
9516718,2022,2023-01-14,4113,2022-11-19,1730,351,4,6,5,5,4113,0,0,0,,0,004,"5TH AV","HOOVER ST",0.00,,Y,A,-,N,,,,,,,,,,N,2,0,1,2,A,-,00,21223,A,N,E,J,A,A,H,-,D,D,0,,Y,,,Y,,L,04,1,0,0,0,0,0,1,0,0,"- ","- ",37.48529052734375,-122.19647979736328,"SAN MATEO","REDWOOD CITY",-122.19647216796875,37.485286712646484
9544029,2023,2023-01-27,4113,2023-01-05,2031,497,4,4,5,5,4113,0,0,0,,0,004,"BROADWAY ST","CHARTER ST",0.00,,Y,A,-,N,,,,,,,,,,N,2,0,1,2,A,-,11,21955,,F,G,B,D,B,H,-,C,A,0,Y,,,,Y,,N,60,1,0,0,0,1,0,0,0,0,"- ","- ",37.487518310546875,-122.21145629882812,"SAN MATEO","REDWOOD CITY",-122.21115112304688,37.486549377441406
9563970,2023,2023-04-12,4104,2023-02-21,"853 ",0237,20,2,5,4,4104,0,0,0,,0,00C,"ROLLINS RD","N CAROLAN AV",0.00,,Y,A,-,N,,,,,,,,,,N,2,0,1,2,A,-,12,22450,A,N,H,G,A,A,H,-,A,A,0,,Y,,,Y,,L,04,1,0,0,0,0,0,1,0,0,"- ","- ",37.590190887451172,-122.36435699462891,"SAN MATEO",BURLINGAME,-122.36431121826172,37.589839935302734
9597468,2023,2023-07-18,4103,2023-05-29,1855,VA100,1,1,5,2,4103,0,0,0,,0,00U,"BAYSHORE BL","INDUSTRIAL WY",427.00,N,N,A,-,N,,,,,,,,,,Y,2,0,1,1,A,-,08,22107,,N,E,I,A,A,H,-,A,D,0,,,,,Y,,A,01,1,0,0,0,0,0,0,0,0,"- ","- ",37.70281982421875,-122.40805816650391,"SAN MATEO",BRISBANE,-122.40831756591797,37.702098846435547
9615913,2023,2023-10-12,4113,2023-08-09,1632,468,6,3,5,5,4113,0,0,0,,0,006,"JEFFERSON AV","TOPAZ ST",0.00,,Y,A,-,N,,,,,,,,,,N,2,0,1,2,A,-,09,21804,A,N,D,C,A,A,H,-,A,A,0,,,Y,Y,Y,,F,27,1,0,0,0,0,0,0,0,1,"- ","- ",37.470481872558594,-122.2452392578125,"SAN MATEO","REDWOOD CITY",-122.2452392578125,37.470481872558594
9640264,2024,2024-07-31,4113,2024-02-04,1750,433,7,7,5,5,4113,0,0,0,,0,007,"EL CAMINO REAL","JAMES AV",400.00,N,N,C,-,Y,SM,4,82,-,-,4.340,H,-,S,Y,1,1,0,2,A,-,"- ",,,N,G,B,D,B,H,-,E,D,0,Y,,,,Y,,N,60,0,0,0,1,0,0,0,0,0,"- ","- ",37.484481811523438,-122.23304748535156,"SAN MATEO","REDWOOD CITY",-122.23401641845703,37.485263824462891
9732337,2024,2024-09-10,4108,2024-05-29,1530,9987,1,3,5,3,4108,0,0,0,,0,0NN,"RALSTON AV","CHATEAU DR",0.00,,Y,A,-,N,,,,,,,,,,N,2,0,1,2,A,-,21,22106,,N,G,B,F,A,H,-,A,D,0,Y,,,,Y,,A,01,1,0,0,0,1,0,0,0,0,"- ","- ",37.566001892089844,-122.36299896240234,"SAN MATEO",HILLSBOROUGH,-122.36345672607422,37.565181732177734
9782053,2025,2025-02-14,4102,2025-01-20,1404,12,2N,1,5,4,4102,0,0,0,,0,002,"BELMONT AV","EL CAMINO REAL",163.00,W,N,A,-,N,,,,,,,,,,N,2,0,1,1,A,-,03,22350,,N,E,I,A,A,H,-,A,D,0,,Y,,,Y,,L,04,1,0,0,0,0,0,1,0,0,"- ","- ",37.527339935302734,-122.28526306152344,"SAN MATEO",BELMONT,-122.28533935546875,37.527271270751953
9788401,2025,2025-05-16,4113,2025-03-25,1624,483,8,2,5,5,4113,0,0,0,,0,008,"WOODSIDE RD","SEQUOIA AV",0.00,,Y,A,-,Y,SM,4,84,-,-,23.167,I,5,S,N,2,0,1,2,A,-,00,21228,B,N,A,C,A,A,H,-,A,D,0,,,,,Y,,-,,1,0,0,0,0,0,0,0,0,"- ","- ",37.455371856689453,-122.22853088378906,"SAN MATEO","REDWOOD CITY",-122.22855377197266,37.455337524414062
9828704,2025,2025-06-27,4106,2025-05-10,2319,2196,5,6,5,6,4106,0,0,0,,0,003,"87TH ST","SULLIVAN AV",0.00,,Y,A,-,N,,,,,,,,,,Y,2,0,3,3,A,-,00,23105,A,N,H,C,A,A,H,-,C,A,0,,,,,Y,,A,01,2,1,0,0,0,0,0,0,0,"- ","- ",37.693260192871094,-122.47223663330078,"SAN MATEO","DALY CITY",-122.47222900390625,37.693260192871094
9833973,2024,2025-07-25,4113,2024-12-07,1101,469,3,6,5,5,4113,0,0,0,,0,003,"CHESTNUT ST","HELLER ST",0.00,,Y,A,-,N,,,,,,,,,,N,2,0,1,1,D,-,00,,,N,E,I,A,A,H,-,A,D,0,,Y,,,Y,,-,"- ",1,0,0,0,0,0,1,0,0,"- ","- ",37.481601715087891,-122.22226715087891,"SAN MATEO","REDWOOD CITY",-122.22229766845703,37.481372833251953